municipio;codEstacao;uf;nomeEstacao;latitude;longitude;datahora;valorMedida
ALMIRANTE TAMANDARÉ;410040001A;PR;Centro;-25,31;-49,298;2025-09-01 00:20:00.0;0,00
ALMIRANTE TAMANDARÉ;410040001A;PR;Centro;-25,31;-49,298;2025-09-01 01:20:00.0;0,00
ALMIRANTE TAMANDARÉ;410040001A;PR;Centro;-25,31;-49,298;2025-09-01 02:20:00.0;0,00
ALMIRANTE TAMANDARÉ;410040001A;PR;Centro;-25,31;-49,298;2025-09-01 03:20:00.0;0,00
ALMIRANTE TAMANDARÉ;410040001A;PR;Centro;-25,31;-49,298;2025-09-01 04:20:00.0;0,00
ALMIRANTE TAMANDARÉ;410040001A;PR;Centro;-25,31;-49,298;2025-09-01 05:20:00.0;0,00
ALMIRANTE TAMANDARÉ;410040001A;PR;Centro;-25,31;-49,298;2025-09-01 06:20:00.0;0,00
ALMIRANTE TAMANDARÉ;410040001A;PR;Centro;-25,31;-49,298;2025-09-01 07:20:00.0;0,00
ALMIRANTE TAMANDARÉ;410040001A;PR;Centro;-25,31;-49,298;2025-09-01 08:20:00.0;0,00
ALMIRANTE TAMANDARÉ;410040001A;PR;Centro;-25,31;-49,298;2025-09-01 09:20:00.0;0,00
ALMIRANTE TAMANDARÉ;410040001A;PR;Centro;-25,31;-49,298;2025-09-01 10:20:00.0;0,00
ALMIRANTE TAMANDARÉ;410040001A;PR;Centro;-25,31;-49,298;2025-09-01 11:20:00.0;0,00
ALMIRANTE TAMANDARÉ;410040001A;PR;Centro;-25,31;-49,298;2025-09-01 11:30:00.0;0,84
ALMIRANTE TAMANDARÉ;410040001A;PR;Centro;-25,31;-49,298;2025-09-01 12:20:00.0;0,00
ALMIRANTE TAMANDARÉ;410040001A;PR;Centro;-25,31;-49,298;2025-09-01 13:30:00.0;0,20
ALMIRANTE TAMANDARÉ;410040001A;PR;Centro;-25,31;-49,298;2025-09-01 15:00:00.0;0,20
ALMIRANTE TAMANDARÉ;410040001A;PR;Centro;-25,31;-49,298;2025-09-01 16:00:00.0;0,20
ALMIRANTE TAMANDARÉ;410040001A;PR;Centro;-25,31;-49,298;2025-09-01 17:20:00.0;0,00
ALMIRANTE TAMANDARÉ;410040001A;PR;Centro;-25,31;-49,298;2025-09-01 18:20:00.0;0,00
ALMIRANTE TAMANDARÉ;410040001A;PR;Centro;-25,31;-49,298;2025-09-01 19:20:00.0;0,00
ALMIRANTE TAMANDARÉ;410040001A;PR;Centro;-25,31;-49,298;2025-09-01 21:00:00.0;0,20
ALMIRANTE TAMANDARÉ;410040001A;PR;Centro;-25,31;-49,298;2025-09-01 22:20:00.0;0,00
ALMIRANTE TAMANDARÉ;410040001A;PR;Centro;-25,31;-49,298;2025-09-01 23:20:00.0;0,00
ALMIRANTE TAMANDARÉ;410040001A;PR;Centro;-25,31;-49,298;2025-09-02 00:20:00.0;0,00
ALMIRANTE TAMANDARÉ;410040001A;PR;Centro;-25,31;-49,298;2025-09-02 01:20:00.0;0,00
ALMIRANTE TAMANDARÉ;410040001A;PR;Centro;-25,31;-49,298;2025-09-02 02:20:00.0;0,00
ALMIRANTE TAMANDARÉ;410040001A;PR;Centro;-25,31;-49,298;2025-09-02 03:20:00.0;0,00
ALMIRANTE TAMANDARÉ;410040001A;PR;Centro;-25,31;-49,298;2025-09-02 04:20:00.0;0,00
ALMIRANTE TAMANDARÉ;410040001A;PR;Centro;-25,31;-49,298;2025-09-02 05:20:00.0;0,00
ALMIRANTE TAMANDARÉ;410040001A;PR;Centro;-25,31;-49,298;2025-09-02 06:20:00.0;0,00
ALMIRANTE TAMANDARÉ;410040001A;PR;Centro;-25,31;-49,298;2025-09-02 07:20:00.0;0,00
ALMIRANTE TAMANDARÉ;410040001A;PR;Centro;-25,31;-49,298;2025-09-02 08:20:00.0;0,00
ALMIRANTE TAMANDARÉ;410040001A;PR;Centro;-25,31;-49,298;2025-09-02 09:20:00.0;0,00
ALMIRANTE TAMANDARÉ;410040001A;PR;Centro;-25,31;-49,298;2025-09-02 10:20:00.0;0,00
ALMIRANTE TAMANDARÉ;410040001A;PR;Centro;-25,31;-49,298;2025-09-02 11:10:00.0;5,33
ALMIRANTE TAMANDARÉ;410040001A;PR;Centro;-25,31;-49,298;2025-09-02 12:10:00.0;0,20
ALMIRANTE TAMANDARÉ;410040001A;PR;Centro;-25,31;-49,298;2025-09-02 13:10:00.0;0,20
ALMIRANTE TAMANDARÉ;410040001A;PR;Centro;-25,31;-49,298;2025-09-02 14:00:00.0;0,83
ALMIRANTE TAMANDARÉ;410040001A;PR;Centro;-25,31;-49,298;2025-09-02 14:20:00.0;0,20
ALMIRANTE TAMANDARÉ;410040001A;PR;Centro;-25,31;-49,298;2025-09-02 16:20:00.0;0,00
ALMIRANTE TAMANDARÉ;410040001A;PR;Centro;-25,31;-49,298;2025-09-02 16:30:00.0;0,39
ALMIRANTE TAMANDARÉ;410040001A;PR;Centro;-25,31;-49,298;2025-09-02 16:40:00.0;0,42
ALMIRANTE TAMANDARÉ;410040001A;PR;Centro;-25,31;-49,298;2025-09-02 17:10:00.0;0,20
ALMIRANTE TAMANDARÉ;410040001A;PR;Centro;-25,31;-49,298;2025-09-02 17:20:00.0;1,38
ALMIRANTE TAMANDARÉ;410040001A;PR;Centro;-25,31;-49,298;2025-09-02 17:40:00.0;0,84
ALMIRANTE TAMANDARÉ;410040001A;PR;Centro;-25,31;-49,298;2025-09-02 18:10:00.0;0,20
ALMIRANTE TAMANDARÉ;410040001A;PR;Centro;-25,31;-49,298;2025-09-02 18:20:00.0;0,63
ALMIRANTE TAMANDARÉ;410040001A;PR;Centro;-25,31;-49,298;2025-09-02 18:40:00.0;0,20
ALMIRANTE TAMANDARÉ;410040001A;PR;Centro;-25,31;-49,298;2025-09-02 19:30:00.0;0,39
ALMIRANTE TAMANDARÉ;410040001A;PR;Centro;-25,31;-49,298;2025-09-02 19:50:00.0;1,82
ALMIRANTE TAMANDARÉ;410040001A;PR;Centro;-25,31;-49,298;2025-09-02 20:00:00.0;0,42
ALMIRANTE TAMANDARÉ;410040001A;PR;Centro;-25,31;-49,298;2025-09-02 20:10:00.0;0,99
ALMIRANTE TAMANDARÉ;410040001A;PR;Centro;-25,31;-49,298;2025-09-02 20:20:00.0;0,59
ALMIRANTE TAMANDARÉ;410040001A;PR;Centro;-25,31;-49,298;2025-09-02 21:10:00.0;0,20
ALMIRANTE TAMANDARÉ;410040001A;PR;Centro;-25,31;-49,298;2025-09-02 21:50:00.0;0,20
ALMIRANTE TAMANDARÉ;410040001A;PR;Centro;-25,31;-49,298;2025-09-02 23:20:00.0;0,00
ALMIRANTE TAMANDARÉ;410040001A;PR;Centro;-25,31;-49,298;2025-09-03 00:20:00.0;0,00
ALMIRANTE TAMANDARÉ;410040001A;PR;Centro;-25,31;-49,298;2025-09-03 01:20:00.0;0,00
ALMIRANTE TAMANDARÉ;410040001A;PR;Centro;-25,31;-49,298;2025-09-03 02:20:00.0;0,00
ALMIRANTE TAMANDARÉ;410040001A;PR;Centro;-25,31;-49,298;2025-09-03 03:20:00.0;0,00
ALMIRANTE TAMANDARÉ;410040001A;PR;Centro;-25,31;-49,298;2025-09-03 04:20:00.0;0,00
ALMIRANTE TAMANDARÉ;410040001A;PR;Centro;-25,31;-49,298;2025-09-03 05:20:00.0;0,00
ALMIRANTE TAMANDARÉ;410040001A;PR;Centro;-25,31;-49,298;2025-09-03 06:20:00.0;0,00
ALMIRANTE TAMANDARÉ;410040001A;PR;Centro;-25,31;-49,298;2025-09-03 07:20:00.0;0,00
ALMIRANTE TAMANDARÉ;410040001A;PR;Centro;-25,31;-49,298;2025-09-03 08:20:00.0;0,00
ALMIRANTE TAMANDARÉ;410040001A;PR;Centro;-25,31;-49,298;2025-09-03 09:20:00.0;0,00
ALMIRANTE TAMANDARÉ;410040001A;PR;Centro;-25,31;-49,298;2025-09-03 09:40:00.0;0,20
ALMIRANTE TAMANDARÉ;410040001A;PR;Centro;-25,31;-49,298;2025-09-03 11:30:00.0;0,20
ALMIRANTE TAMANDARÉ;410040001A;PR;Centro;-25,31;-49,298;2025-09-03 12:20:00.0;2,10
ALMIRANTE TAMANDARÉ;410040001A;PR;Centro;-25,31;-49,298;2025-09-03 13:20:00.0;1,67
ALMIRANTE TAMANDARÉ;410040001A;PR;Centro;-25,31;-49,298;2025-09-03 13:50:00.0;0,39
ALMIRANTE TAMANDARÉ;410040001A;PR;Centro;-25,31;-49,298;2025-09-03 14:10:00.0;0,20
ALMIRANTE TAMANDARÉ;410040001A;PR;Centro;-25,31;-49,298;2025-09-03 14:20:00.0;0,42
ALMIRANTE TAMANDARÉ;410040001A;PR;Centro;-25,31;-49,298;2025-09-03 14:30:00.0;1,84
ALMIRANTE TAMANDARÉ;410040001A;PR;Centro;-25,31;-49,298;2025-09-03 15:00:00.0;0,79
ALMIRANTE TAMANDARÉ;410040001A;PR;Centro;-25,31;-49,298;2025-09-03 16:10:00.0;0,20
ALMIRANTE TAMANDARÉ;410040001A;PR;Centro;-25,31;-49,298;2025-09-03 16:20:00.0;0,20
ALMIRANTE TAMANDARÉ;410040001A;PR;Centro;-25,31;-49,298;2025-09-03 18:00:00.0;3,15
ALMIRANTE TAMANDARÉ;410040001A;PR;Centro;-25,31;-49,298;2025-09-03 18:10:00.0;1,18
ALMIRANTE TAMANDARÉ;410040001A;PR;Centro;-25,31;-49,298;2025-09-03 18:30:00.0;1,77
ALMIRANTE TAMANDARÉ;410040001A;PR;Centro;-25,31;-49,298;2025-09-03 18:40:00.0;1,97
ALMIRANTE TAMANDARÉ;410040001A;PR;Centro;-25,31;-49,298;2025-09-03 19:50:00.0;1,18
ALMIRANTE TAMANDARÉ;410040001A;PR;Centro;-25,31;-49,298;2025-09-03 20:00:00.0;0,20
ALMIRANTE TAMANDARÉ;410040001A;PR;Centro;-25,31;-49,298;2025-09-03 20:20:00.0;0,00
ALMIRANTE TAMANDARÉ;410040001A;PR;Centro;-25,31;-49,298;2025-09-03 22:00:00.0;0,20
ALMIRANTE TAMANDARÉ;410040001A;PR;Centro;-25,31;-49,298;2025-09-03 23:20:00.0;0,00
ALMIRANTE TAMANDARÉ;410040001A;PR;Centro;-25,31;-49,298;2025-09-04 00:20:00.0;0,00
ALMIRANTE TAMANDARÉ;410040001A;PR;Centro;-25,31;-49,298;2025-09-04 01:20:00.0;0,00
ALMIRANTE TAMANDARÉ;410040001A;PR;Centro;-25,31;-49,298;2025-09-04 02:20:00.0;0,00
ALMIRANTE TAMANDARÉ;410040001A;PR;Centro;-25,31;-49,298;2025-09-04 03:20:00.0;0,00
ALMIRANTE TAMANDARÉ;410040001A;PR;Centro;-25,31;-49,298;2025-09-04 04:20:00.0;0,00
ALMIRANTE TAMANDARÉ;410040001A;PR;Centro;-25,31;-49,298;2025-09-04 05:20:00.0;0,00
ALMIRANTE TAMANDARÉ;410040001A;PR;Centro;-25,31;-49,298;2025-09-04 06:20:00.0;0,00
ALMIRANTE TAMANDARÉ;410040001A;PR;Centro;-25,31;-49,298;2025-09-04 07:20:00.0;0,00
ALMIRANTE TAMANDARÉ;410040001A;PR;Centro;-25,31;-49,298;2025-09-04 08:20:00.0;0,00
ALMIRANTE TAMANDARÉ;410040001A;PR;Centro;-25,31;-49,298;2025-09-04 09:20:00.0;0,00
ALMIRANTE TAMANDARÉ;410040001A;PR;Centro;-25,31;-49,298;2025-09-04 10:20:00.0;0,00
ALMIRANTE TAMANDARÉ;410040001A;PR;Centro;-25,31;-49,298;2025-09-04 11:20:00.0;0,00
ALMIRANTE TAMANDARÉ;410040001A;PR;Centro;-25,31;-49,298;2025-09-04 12:10:00.0;0,79
ALMIRANTE TAMANDARÉ;410040001A;PR;Centro;-25,31;-49,298;2025-09-04 12:20:00.0;0,20
ALMIRANTE TAMANDARÉ;410040001A;PR;Centro;-25,31;-49,298;2025-09-04 13:00:00.0;0,59
ALMIRANTE TAMANDARÉ;410040001A;PR;Centro;-25,31;-49,298;2025-09-04 13:10:00.0;1,40
ALMIRANTE TAMANDARÉ;410040001A;PR;Centro;-25,31;-49,298;2025-09-04 13:20:00.0;0,00
ALMIRANTE TAMANDARÉ;410040001A;PR;Centro;-25,31;-49,298;2025-09-04 17:10:00.0;0,20
ALMIRANTE TAMANDARÉ;410040001A;PR;Centro;-25,31;-49,298;2025-09-04 18:40:00.0;0,63
ALMIRANTE TAMANDARÉ;410040001A;PR;Centro;-25,31;-49,298;2025-09-04 18:50:00.0;1,47
ALMIRANTE TAMANDARÉ;410040001A;PR;Centro;-25,31;-49,298;2025-09-04 20:40:00.0;0,20
ALMIRANTE TAMANDARÉ;410040001A;PR;Centro;-25,31;-49,298;2025-09-04 21:00:00.0;0,20
ALMIRANTE TAMANDARÉ;410040001A;PR;Centro;-25,31;-49,298;2025-09-04 22:20:00.0;0,20
ALMIRANTE TAMANDARÉ;410040001A;PR;Centro;-25,31;-49,298;2025-09-05 00:20:00.0;1,44
ALMIRANTE TAMANDARÉ;410040001A;PR;Centro;-25,31;-49,298;2025-09-05 01:10:00.0;0,20
ALMIRANTE TAMANDARÉ;410040001A;PR;Centro;-25,31;-49,298;2025-09-05 02:20:00.0;0,20
ALMIRANTE TAMANDARÉ;410040001A;PR;Centro;-25,31;-49,298;2025-09-05 03:10:00.0;0,20
ALMIRANTE TAMANDARÉ;410040001A;PR;Centro;-25,31;-49,298;2025-09-05 04:20:00.0;0,00
ALMIRANTE TAMANDARÉ;410040001A;PR;Centro;-25,31;-49,298;2025-09-05 05:20:00.0;0,00
ALMIRANTE TAMANDARÉ;410040001A;PR;Centro;-25,31;-49,298;2025-09-05 06:20:00.0;0,00
ALMIRANTE TAMANDARÉ;410040001A;PR;Centro;-25,31;-49,298;2025-09-05 07:20:00.0;0,00
ALMIRANTE TAMANDARÉ;410040001A;PR;Centro;-25,31;-49,298;2025-09-05 08:20:00.0;0,00
ALMIRANTE TAMANDARÉ;410040001A;PR;Centro;-25,31;-49,298;2025-09-05 09:20:00.0;0,00
ALMIRANTE TAMANDARÉ;410040001A;PR;Centro;-25,31;-49,298;2025-09-05 10:20:00.0;0,00
ALMIRANTE TAMANDARÉ;410040001A;PR;Centro;-25,31;-49,298;2025-09-05 11:20:00.0;0,00
ALMIRANTE TAMANDARÉ;410040001A;PR;Centro;-25,31;-49,298;2025-09-05 12:20:00.0;0,20
ALMIRANTE TAMANDARÉ;410040001A;PR;Centro;-25,31;-49,298;2025-09-05 13:30:00.0;0,20
ALMIRANTE TAMANDARÉ;410040001A;PR;Centro;-25,31;-49,298;2025-09-05 15:20:00.0;0,20
ALMIRANTE TAMANDARÉ;410040001A;PR;Centro;-25,31;-49,298;2025-09-05 16:00:00.0;0,20
ALMIRANTE TAMANDARÉ;410040001A;PR;Centro;-25,31;-49,298;2025-09-05 16:20:00.0;0,20
ALMIRANTE TAMANDARÉ;410040001A;PR;Centro;-25,31;-49,298;2025-09-05 17:10:00.0;0,20
ALMIRANTE TAMANDARÉ;410040001A;PR;Centro;-25,31;-49,298;2025-09-05 18:00:00.0;0,20
ALMIRANTE TAMANDARÉ;410040001A;PR;Centro;-25,31;-49,298;2025-09-05 19:00:00.0;0,61
ALMIRANTE TAMANDARÉ;410040001A;PR;Centro;-25,31;-49,298;2025-09-05 19:10:00.0;1,83
ALMIRANTE TAMANDARÉ;410040001A;PR;Centro;-25,31;-49,298;2025-09-05 19:20:00.0;0,00
ALMIRANTE TAMANDARÉ;410040001A;PR;Centro;-25,31;-49,298;2025-09-05 22:10:00.0;0,20
ALMIRANTE TAMANDARÉ;410040001A;PR;Centro;-25,31;-49,298;2025-09-06 00:20:00.0;0,20
ALMIRANTE TAMANDARÉ;410040001A;PR;Centro;-25,31;-49,298;2025-09-06 01:00:00.0;0,39
ALMIRANTE TAMANDARÉ;410040001A;PR;Centro;-25,31;-49,298;2025-09-06 01:10:00.0;0,20
ALMIRANTE TAMANDARÉ;410040001A;PR;Centro;-25,31;-49,298;2025-09-06 01:20:00.0;0,00
ALMIRANTE TAMANDARÉ;410040001A;PR;Centro;-25,31;-49,298;2025-09-06 01:50:00.0;0,59
ALMIRANTE TAMANDARÉ;410040001A;PR;Centro;-25,31;-49,298;2025-09-06 03:10:00.0;0,20
ALMIRANTE TAMANDARÉ;410040001A;PR;Centro;-25,31;-49,298;2025-09-06 03:20:00.0;0,00
ALMIRANTE TAMANDARÉ;410040001A;PR;Centro;-25,31;-49,298;2025-09-06 03:40:00.0;0,20
ALMIRANTE TAMANDARÉ;410040001A;PR;Centro;-25,31;-49,298;2025-09-06 04:20:00.0;0,00
ALMIRANTE TAMANDARÉ;410040001A;PR;Centro;-25,31;-49,298;2025-09-06 05:00:00.0;0,20
ALMIRANTE TAMANDARÉ;410040001A;PR;Centro;-25,31;-49,298;2025-09-06 06:20:00.0;0,00
ALMIRANTE TAMANDARÉ;410040001A;PR;Centro;-25,31;-49,298;2025-09-06 06:50:00.0;0,20
ALMIRANTE TAMANDARÉ;410040001A;PR;Centro;-25,31;-49,298;2025-09-06 08:20:00.0;0,00
ALMIRANTE TAMANDARÉ;410040001A;PR;Centro;-25,31;-49,298;2025-09-06 09:20:00.0;0,00
ALMIRANTE TAMANDARÉ;410040001A;PR;Centro;-25,31;-49,298;2025-09-06 10:20:00.0;0,00
ALMIRANTE TAMANDARÉ;410040001A;PR;Centro;-25,31;-49,298;2025-09-06 11:20:00.0;0,00
ALMIRANTE TAMANDARÉ;410040001A;PR;Centro;-25,31;-49,298;2025-09-06 12:20:00.0;0,00
ALMIRANTE TAMANDARÉ;410040001A;PR;Centro;-25,31;-49,298;2025-09-06 13:20:00.0;0,00
ALMIRANTE TAMANDARÉ;410040001A;PR;Centro;-25,31;-49,298;2025-09-06 14:10:00.0;1,57
ALMIRANTE TAMANDARÉ;410040001A;PR;Centro;-25,31;-49,298;2025-09-06 14:20:00.0;1,05
ALMIRANTE TAMANDARÉ;410040001A;PR;Centro;-25,31;-49,298;2025-09-06 14:50:00.0;0,42
ALMIRANTE TAMANDARÉ;410040001A;PR;Centro;-25,31;-49,298;2025-09-06 15:20:00.0;0,00
ALMIRANTE TAMANDARÉ;410040001A;PR;Centro;-25,31;-49,298;2025-09-06 17:10:00.0;0,20
ALMIRANTE TAMANDARÉ;410040001A;PR;Centro;-25,31;-49,298;2025-09-06 17:50:00.0;0,20
ALMIRANTE TAMANDARÉ;410040001A;PR;Centro;-25,31;-49,298;2025-09-06 18:40:00.0;0,20
ALMIRANTE TAMANDARÉ;410040001A;PR;Centro;-25,31;-49,298;2025-09-06 20:20:00.0;0,00
ALMIRANTE TAMANDARÉ;410040001A;PR;Centro;-25,31;-49,298;2025-09-06 20:50:00.0;0,20
ALMIRANTE TAMANDARÉ;410040001A;PR;Centro;-25,31;-49,298;2025-09-06 22:20:00.0;0,00
ALMIRANTE TAMANDARÉ;410040001A;PR;Centro;-25,31;-49,298;2025-09-06 23:10:00.0;0,20
ALMIRANTE TAMANDARÉ;410040001A;PR;Centro;-25,31;-49,298;2025-09-06 23:30:00.0;0,20
ALMIRANTE TAMANDARÉ;410040001A;PR;Centro;-25,31;-49,298;2025-09-07 01:20:00.0;0,00
ALMIRANTE TAMANDARÉ;410040001A;PR;Centro;-25,31;-49,298;2025-09-07 02:20:00.0;0,00
ALMIRANTE TAMANDARÉ;410040001A;PR;Centro;-25,31;-49,298;2025-09-07 03:20:00.0;0,00
ALMIRANTE TAMANDARÉ;410040001A;PR;Centro;-25,31;-49,298;2025-09-07 04:20:00.0;0,00
ALMIRANTE TAMANDARÉ;410040001A;PR;Centro;-25,31;-49,298;2025-09-07 05:20:00.0;0,00
ALMIRANTE TAMANDARÉ;410040001A;PR;Centro;-25,31;-49,298;2025-09-07 06:20:00.0;0,00
ALMIRANTE TAMANDARÉ;410040001A;PR;Centro;-25,31;-49,298;2025-09-07 07:20:00.0;0,00
ALMIRANTE TAMANDARÉ;410040001A;PR;Centro;-25,31;-49,298;2025-09-07 08:20:00.0;0,00
ALMIRANTE TAMANDARÉ;410040001A;PR;Centro;-25,31;-49,298;2025-09-07 09:20:00.0;0,00
ALMIRANTE TAMANDARÉ;410040001A;PR;Centro;-25,31;-49,298;2025-09-07 10:20:00.0;0,00
ALMIRANTE TAMANDARÉ;410040001A;PR;Centro;-25,31;-49,298;2025-09-07 11:20:00.0;0,00
ALMIRANTE TAMANDARÉ;410040001A;PR;Centro;-25,31;-49,298;2025-09-07 12:20:00.0;0,20
ALMIRANTE TAMANDARÉ;410040001A;PR;Centro;-25,31;-49,298;2025-09-07 13:20:00.0;3,58
ALMIRANTE TAMANDARÉ;410040001A;PR;Centro;-25,31;-49,298;2025-09-07 13:30:00.0;0,84
ALMIRANTE TAMANDARÉ;410040001A;PR;Centro;-25,31;-49,298;2025-09-07 13:50:00.0;0,20
ALMIRANTE TAMANDARÉ;410040001A;PR;Centro;-25,31;-49,298;2025-09-07 14:50:00.0;0,20
ALMIRANTE TAMANDARÉ;410040001A;PR;Centro;-25,31;-49,298;2025-09-07 15:10:00.0;0,20
ALMIRANTE TAMANDARÉ;410040001A;PR;Centro;-25,31;-49,298;2025-09-07 16:10:00.0;0,20
ALMIRANTE TAMANDARÉ;410040001A;PR;Centro;-25,31;-49,298;2025-09-07 17:00:00.0;0,59
ALMIRANTE TAMANDARÉ;410040001A;PR;Centro;-25,31;-49,298;2025-09-07 17:20:00.0;0,00
ALMIRANTE TAMANDARÉ;410040001A;PR;Centro;-25,31;-49,298;2025-09-07 17:30:00.0;0,20
ALMIRANTE TAMANDARÉ;410040001A;PR;Centro;-25,31;-49,298;2025-09-07 17:40:00.0;2,95
ALMIRANTE TAMANDARÉ;410040001A;PR;Centro;-25,31;-49,298;2025-09-07 18:10:00.0;0,20
ALMIRANTE TAMANDARÉ;410040001A;PR;Centro;-25,31;-49,298;2025-09-07 18:40:00.0;0,79
ALMIRANTE TAMANDARÉ;410040001A;PR;Centro;-25,31;-49,298;2025-09-07 19:10:00.0;0,20
ALMIRANTE TAMANDARÉ;410040001A;PR;Centro;-25,31;-49,298;2025-09-07 19:20:00.0;0,79
ALMIRANTE TAMANDARÉ;410040001A;PR;Centro;-25,31;-49,298;2025-09-07 20:10:00.0;0,20
ALMIRANTE TAMANDARÉ;410040001A;PR;Centro;-25,31;-49,298;2025-09-07 21:10:00.0;2,96
ALMIRANTE TAMANDARÉ;410040001A;PR;Centro;-25,31;-49,298;2025-09-07 21:50:00.0;0,20
ALMIRANTE TAMANDARÉ;410040001A;PR;Centro;-25,31;-49,298;2025-09-07 23:20:00.0;0,00
ALMIRANTE TAMANDARÉ;410040001A;PR;Centro;-25,31;-49,298;2025-09-08 00:20:00.0;0,00
ALMIRANTE TAMANDARÉ;410040001A;PR;Centro;-25,31;-49,298;2025-09-08 01:20:00.0;0,00
ALMIRANTE TAMANDARÉ;410040001A;PR;Centro;-25,31;-49,298;2025-09-08 02:20:00.0;0,00
ALMIRANTE TAMANDARÉ;410040001A;PR;Centro;-25,31;-49,298;2025-09-08 03:20:00.0;0,00
ALMIRANTE TAMANDARÉ;410040001A;PR;Centro;-25,31;-49,298;2025-09-08 04:20:00.0;0,00
ALMIRANTE TAMANDARÉ;410040001A;PR;Centro;-25,31;-49,298;2025-09-08 05:20:00.0;0,00
ALMIRANTE TAMANDARÉ;410040001A;PR;Centro;-25,31;-49,298;2025-09-08 06:20:00.0;0,00
ALMIRANTE TAMANDARÉ;410040001A;PR;Centro;-25,31;-49,298;2025-09-08 07:20:00.0;0,00
ALMIRANTE TAMANDARÉ;410040001A;PR;Centro;-25,31;-49,298;2025-09-08 08:20:00.0;0,00
ALMIRANTE TAMANDARÉ;410040001A;PR;Centro;-25,31;-49,298;2025-09-08 09:20:00.0;0,00
ALMIRANTE TAMANDARÉ;410040001A;PR;Centro;-25,31;-49,298;2025-09-08 10:20:00.0;0,00
ALMIRANTE TAMANDARÉ;410040001A;PR;Centro;-25,31;-49,298;2025-09-08 11:20:00.0;0,00
ALMIRANTE TAMANDARÉ;410040001A;PR;Centro;-25,31;-49,298;2025-09-08 12:40:00.0;1,18
ALMIRANTE TAMANDARÉ;410040001A;PR;Centro;-25,31;-49,298;2025-09-08 12:50:00.0;3,76
ALMIRANTE TAMANDARÉ;410040001A;PR;Centro;-25,31;-49,298;2025-09-08 13:10:00.0;1,24
ALMIRANTE TAMANDARÉ;410040001A;PR;Centro;-25,31;-49,298;2025-09-08 14:10:00.0;0,20
ALMIRANTE TAMANDARÉ;410040001A;PR;Centro;-25,31;-49,298;2025-09-08 15:00:00.0;0,39
ALMIRANTE TAMANDARÉ;410040001A;PR;Centro;-25,31;-49,298;2025-09-08 16:10:00.0;0,39
ALMIRANTE TAMANDARÉ;410040001A;PR;Centro;-25,31;-49,298;2025-09-08 16:20:00.0;0,39
ALMIRANTE TAMANDARÉ;410040001A;PR;Centro;-25,31;-49,298;2025-09-08 16:40:00.0;2,80
ALMIRANTE TAMANDARÉ;410040001A;PR;Centro;-25,31;-49,298;2025-09-08 18:00:00.0;0,59
ALMIRANTE TAMANDARÉ;410040001A;PR;Centro;-25,31;-49,298;2025-09-08 18:20:00.0;0,00
ALMIRANTE TAMANDARÉ;410040001A;PR;Centro;-25,31;-49,298;2025-09-08 18:50:00.0;0,20
ALMIRANTE TAMANDARÉ;410040001A;PR;Centro;-25,31;-49,298;2025-09-08 19:40:00.0;0,20
ALMIRANTE TAMANDARÉ;410040001A;PR;Centro;-25,31;-49,298;2025-09-08 20:10:00.0;0,20
ALMIRANTE TAMANDARÉ;410040001A;PR;Centro;-25,31;-49,298;2025-09-08 21:10:00.0;0,20
ALMIRANTE TAMANDARÉ;410040001A;PR;Centro;-25,31;-49,298;2025-09-08 21:30:00.0;0,20
ALMIRANTE TAMANDARÉ;410040001A;PR;Centro;-25,31;-49,298;2025-09-08 23:20:00.0;0,00
ALMIRANTE TAMANDARÉ;410040001A;PR;Centro;-25,31;-49,298;2025-09-09 00:20:00.0;0,00
ALMIRANTE TAMANDARÉ;410040001A;PR;Centro;-25,31;-49,298;2025-09-09 01:20:00.0;0,00
ALMIRANTE TAMANDARÉ;410040001A;PR;Centro;-25,31;-49,298;2025-09-09 02:20:00.0;0,20
ALMIRANTE TAMANDARÉ;410040001A;PR;Centro;-25,31;-49,298;2025-09-09 04:20:00.0;0,00
ALMIRANTE TAMANDARÉ;410040001A;PR;Centro;-25,31;-49,298;2025-09-09 05:20:00.0;0,00
ALMIRANTE TAMANDARÉ;410040001A;PR;Centro;-25,31;-49,298;2025-09-09 06:20:00.0;0,00
ALMIRANTE TAMANDARÉ;410040001A;PR;Centro;-25,31;-49,298;2025-09-09 07:20:00.0;0,00
ALMIRANTE TAMANDARÉ;410040001A;PR;Centro;-25,31;-49,298;2025-09-09 08:20:00.0;0,00
ALMIRANTE TAMANDARÉ;410040001A;PR;Centro;-25,31;-49,298;2025-09-09 09:20:00.0;0,00
ALMIRANTE TAMANDARÉ;410040001A;PR;Centro;-25,31;-49,298;2025-09-09 10:20:00.0;0,00
ALMIRANTE TAMANDARÉ;410040001A;PR;Centro;-25,31;-49,298;2025-09-09 11:20:00.0;0,00
ALMIRANTE TAMANDARÉ;410040001A;PR;Centro;-25,31;-49,298;2025-09-09 12:20:00.0;0,00
ALMIRANTE TAMANDARÉ;410040001A;PR;Centro;-25,31;-49,298;2025-09-09 13:20:00.0;0,00
ALMIRANTE TAMANDARÉ;410040001A;PR;Centro;-25,31;-49,298;2025-09-09 14:20:00.0;0,00
ALMIRANTE TAMANDARÉ;410040001A;PR;Centro;-25,31;-49,298;2025-09-09 17:00:00.0;0,39
ALMIRANTE TAMANDARÉ;410040001A;PR;Centro;-25,31;-49,298;2025-09-09 17:10:00.0;0,39
ALMIRANTE TAMANDARÉ;410040001A;PR;Centro;-25,31;-49,298;2025-09-09 18:30:00.0;0,20
ALMIRANTE TAMANDARÉ;410040001A;PR;Centro;-25,31;-49,298;2025-09-09 19:10:00.0;0,20
ALMIRANTE TAMANDARÉ;410040001A;PR;Centro;-25,31;-49,298;2025-09-09 19:20:00.0;0,63
ALMIRANTE TAMANDARÉ;410040001A;PR;Centro;-25,31;-49,298;2025-09-09 19:30:00.0;0,41
ALMIRANTE TAMANDARÉ;410040001A;PR;Centro;-25,31;-49,298;2025-09-09 19:40:00.0;0,20
ALMIRANTE TAMANDARÉ;410040001A;PR;Centro;-25,31;-49,298;2025-09-09 20:10:00.0;0,42
ALMIRANTE TAMANDARÉ;410040001A;PR;Centro;-25,31;-49,298;2025-09-09 20:20:00.0;1,47
ALMIRANTE TAMANDARÉ;410040001A;PR;Centro;-25,31;-49,298;2025-09-09 21:10:00.0;0,20
ALMIRANTE TAMANDARÉ;410040001A;PR;Centro;-25,31;-49,298;2025-09-09 22:10:00.0;0,42
ALMIRANTE TAMANDARÉ;410040001A;PR;Centro;-25,31;-49,298;2025-09-09 22:20:00.0;0,20
ALMIRANTE TAMANDARÉ;410040001A;PR;Centro;-25,31;-49,298;2025-09-10 00:40:00.0;0,40
ALMIRANTE TAMANDARÉ;410040001A;PR;Centro;-25,31;-49,298;2025-09-10 00:50:00.0;0,20
ALMIRANTE TAMANDARÉ;410040001A;PR;Centro;-25,31;-49,298;2025-09-10 01:10:00.0;0,63
ALMIRANTE TAMANDARÉ;410040001A;PR;Centro;-25,31;-49,298;2025-09-10 02:10:00.0;0,20
ALMIRANTE TAMANDARÉ;410040001A;PR;Centro;-25,31;-49,298;2025-09-10 02:20:00.0;0,00
ALMIRANTE TAMANDARÉ;410040001A;PR;Centro;-25,31;-49,298;2025-09-10 03:20:00.0;1,79
ALMIRANTE TAMANDARÉ;410040001A;PR;Centro;-25,31;-49,298;2025-09-10 04:20:00.0;0,00
ALMIRANTE TAMANDARÉ;410040001A;PR;Centro;-25,31;-49,298;2025-09-10 04:30:00.0;0,20
ALMIRANTE TAMANDARÉ;410040001A;PR;Centro;-25,31;-49,298;2025-09-10 05:20:00.0;0,00
ALMIRANTE TAMANDARÉ;410040001A;PR;Centro;-25,31;-49,298;2025-09-10 05:40:00.0;2,05
ALMIRANTE TAMANDARÉ;410040001A;PR;Centro;-25,31;-49,298;2025-09-10 06:10:00.0;0,41
ALMIRANTE TAMANDARÉ;410040001A;PR;Centro;-25,31;-49,298;2025-09-10 06:20:00.0;0,00
ALMIRANTE TAMANDARÉ;410040001A;PR;Centro;-25,31;-49,298;2025-09-10 07:20:00.0;0,00
ALMIRANTE TAMANDARÉ;410040001A;PR;Centro;-25,31;-49,298;2025-09-10 08:20:00.0;0,00
ALMIRANTE TAMANDARÉ;410040001A;PR;Centro;-25,31;-49,298;2025-09-10 09:20:00.0;0,00
ALMIRANTE TAMANDARÉ;410040001A;PR;Centro;-25,31;-49,298;2025-09-10 10:20:00.0;0,00
ALMIRANTE TAMANDARÉ;410040001A;PR;Centro;-25,31;-49,298;2025-09-10 11:00:00.0;0,20
ALMIRANTE TAMANDARÉ;410040001A;PR;Centro;-25,31;-49,298;2025-09-10 11:20:00.0;2,31
ALMIRANTE TAMANDARÉ;410040001A;PR;Centro;-25,31;-49,298;2025-09-10 12:10:00.0;0,20
ALMIRANTE TAMANDARÉ;410040001A;PR;Centro;-25,31;-49,298;2025-09-10 13:20:00.0;0,00
ALMIRANTE TAMANDARÉ;410040001A;PR;Centro;-25,31;-49,298;2025-09-10 14:10:00.0;0,39
ALMIRANTE TAMANDARÉ;410040001A;PR;Centro;-25,31;-49,298;2025-09-10 14:20:00.0;0,20
ALMIRANTE TAMANDARÉ;410040001A;PR;Centro;-25,31;-49,298;2025-09-10 15:10:00.0;0,20
ALMIRANTE TAMANDARÉ;410040001A;PR;Centro;-25,31;-49,298;2025-09-10 18:20:00.0;0,62
ALMIRANTE TAMANDARÉ;410040001A;PR;Centro;-25,31;-49,298;2025-09-10 19:10:00.0;0,84
ALMIRANTE TAMANDARÉ;410040001A;PR;Centro;-25,31;-49,298;2025-09-10 19:20:00.0;0,42
ALMIRANTE TAMANDARÉ;410040001A;PR;Centro;-25,31;-49,298;2025-09-10 20:20:00.0;0,00
ALMIRANTE TAMANDARÉ;410040001A;PR;Centro;-25,31;-49,298;2025-09-10 21:10:00.0;3,28
ALMIRANTE TAMANDARÉ;410040001A;PR;Centro;-25,31;-49,298;2025-09-10 21:20:00.0;0,00
ALMIRANTE TAMANDARÉ;410040001A;PR;Centro;-25,31;-49,298;2025-09-11 00:10:00.0;2,43
ALMIRANTE TAMANDARÉ;410040001A;PR;Centro;-25,31;-49,298;2025-09-11 00:20:00.0;0,20
ALMIRANTE TAMANDARÉ;410040001A;PR;Centro;-25,31;-49,298;2025-09-11 01:10:00.0;0,20
ALMIRANTE TAMANDARÉ;410040001A;PR;Centro;-25,31;-49,298;2025-09-11 02:20:00.0;0,00
ALMIRANTE TAMANDARÉ;410040001A;PR;Centro;-25,31;-49,298;2025-09-11 03:20:00.0;0,00
ALMIRANTE TAMANDARÉ;410040001A;PR;Centro;-25,31;-49,298;2025-09-11 04:20:00.0;0,00
ALMIRANTE TAMANDARÉ;410040001A;PR;Centro;-25,31;-49,298;2025-09-11 05:20:00.0;0,20
ALMIRANTE TAMANDARÉ;410040001A;PR;Centro;-25,31;-49,298;2025-09-11 06:30:00.0;0,84
ALMIRANTE TAMANDARÉ;410040001A;PR;Centro;-25,31;-49,298;2025-09-11 07:00:00.0;0,20
ALMIRANTE TAMANDARÉ;410040001A;PR;Centro;-25,31;-49,298;2025-09-11 07:20:00.0;0,00
ALMIRANTE TAMANDARÉ;410040001A;PR;Centro;-25,31;-49,298;2025-09-11 08:20:00.0;0,00
ALMIRANTE TAMANDARÉ;410040001A;PR;Centro;-25,31;-49,298;2025-09-11 09:20:00.0;0,00
ALMIRANTE TAMANDARÉ;410040001A;PR;Centro;-25,31;-49,298;2025-09-11 10:20:00.0;0,00
ALMIRANTE TAMANDARÉ;410040001A;PR;Centro;-25,31;-49,298;2025-09-11 11:20:00.0;1,18
ALMIRANTE TAMANDARÉ;410040001A;PR;Centro;-25,31;-49,298;2025-09-11 13:20:00.0;0,20
ALMIRANTE TAMANDARÉ;410040001A;PR;Centro;-25,31;-49,298;2025-09-11 14:20:00.0;1,77
ALMIRANTE TAMANDARÉ;410040001A;PR;Centro;-25,31;-49,298;2025-09-11 14:30:00.0;0,20
ALMIRANTE TAMANDARÉ;410040001A;PR;Centro;-25,31;-49,298;2025-09-11 15:20:00.0;0,20
ALMIRANTE TAMANDARÉ;410040001A;PR;Centro;-25,31;-49,298;2025-09-11 17:20:00.0;0,20
ALMIRANTE TAMANDARÉ;410040001A;PR;Centro;-25,31;-49,298;2025-09-11 17:40:00.0;0,20
ALMIRANTE TAMANDARÉ;410040001A;PR;Centro;-25,31;-49,298;2025-09-11 18:30:00.0;0,42
ALMIRANTE TAMANDARÉ;410040001A;PR;Centro;-25,31;-49,298;2025-09-11 19:20:00.0;0,00
ALMIRANTE TAMANDARÉ;410040001A;PR;Centro;-25,31;-49,298;2025-09-11 20:20:00.0;0,00
ALMIRANTE TAMANDARÉ;410040001A;PR;Centro;-25,31;-49,298;2025-09-11 21:10:00.0;0,20
ALMIRANTE TAMANDARÉ;410040001A;PR;Centro;-25,31;-49,298;2025-09-11 22:00:00.0;0,20
ALMIRANTE TAMANDARÉ;410040001A;PR;Centro;-25,31;-49,298;2025-09-11 23:10:00.0;0,20
ALMIRANTE TAMANDARÉ;410040001A;PR;Centro;-25,31;-49,298;2025-09-11 23:20:00.0;0,20
ALMIRANTE TAMANDARÉ;410040001A;PR;Centro;-25,31;-49,298;2025-09-11 23:30:00.0;0,39
ALMIRANTE TAMANDARÉ;410040001A;PR;Centro;-25,31;-49,298;2025-09-12 00:50:00.0;0,42
ALMIRANTE TAMANDARÉ;410040001A;PR;Centro;-25,31;-49,298;2025-09-12 01:20:00.0;0,00
ALMIRANTE TAMANDARÉ;410040001A;PR;Centro;-25,31;-49,298;2025-09-12 02:20:00.0;0,00
ALMIRANTE TAMANDARÉ;410040001A;PR;Centro;-25,31;-49,298;2025-09-12 03:20:00.0;0,00
ALMIRANTE TAMANDARÉ;410040001A;PR;Centro;-25,31;-49,298;2025-09-12 04:20:00.0;0,00
ALMIRANTE TAMANDARÉ;410040001A;PR;Centro;-25,31;-49,298;2025-09-12 05:20:00.0;0,00
ALMIRANTE TAMANDARÉ;410040001A;PR;Centro;-25,31;-49,298;2025-09-12 06:20:00.0;0,20
ALMIRANTE TAMANDARÉ;410040001A;PR;Centro;-25,31;-49,298;2025-09-12 08:20:00.0;0,00
ALMIRANTE TAMANDARÉ;410040001A;PR;Centro;-25,31;-49,298;2025-09-12 09:20:00.0;0,00
ALMIRANTE TAMANDARÉ;410040001A;PR;Centro;-25,31;-49,298;2025-09-12 10:10:00.0;0,20
ALMIRANTE TAMANDARÉ;410040001A;PR;Centro;-25,31;-49,298;2025-09-12 10:50:00.0;0,59
ALMIRANTE TAMANDARÉ;410040001A;PR;Centro;-25,31;-49,298;2025-09-12 11:00:00.0;2,56
ALMIRANTE TAMANDARÉ;410040001A;PR;Centro;-25,31;-49,298;2025-09-12 11:10:00.0;1,38
ALMIRANTE TAMANDARÉ;410040001A;PR;Centro;-25,31;-49,298;2025-09-12 11:20:00.0;0,59
ALMIRANTE TAMANDARÉ;410040001A;PR;Centro;-25,31;-49,298;2025-09-12 11:40:00.0;1,38
ALMIRANTE TAMANDARÉ;410040001A;PR;Centro;-25,31;-49,298;2025-09-12 11:50:00.0;1,05
ALMIRANTE TAMANDARÉ;410040001A;PR;Centro;-25,31;-49,298;2025-09-12 12:20:00.0;1,38
ALMIRANTE TAMANDARÉ;410040001A;PR;Centro;-25,31;-49,298;2025-09-12 12:40:00.0;0,20
ALMIRANTE TAMANDARÉ;410040001A;PR;Centro;-25,31;-49,298;2025-09-12 14:20:00.0;0,20
ALMIRANTE TAMANDARÉ;410040001A;PR;Centro;-25,31;-49,298;2025-09-12 18:10:00.0;0,20
ALMIRANTE TAMANDARÉ;410040001A;PR;Centro;-25,31;-49,298;2025-09-12 21:00:00.0;5,51
ALMIRANTE TAMANDARÉ;410040001A;PR;Centro;-25,31;-49,298;2025-09-12 21:10:00.0;1,26
ALMIRANTE TAMANDARÉ;410040001A;PR;Centro;-25,31;-49,298;2025-09-12 22:50:00.0;0,20
ALMIRANTE TAMANDARÉ;410040001A;PR;Centro;-25,31;-49,298;2025-09-13 00:20:00.0;0,20
ALMIRANTE TAMANDARÉ;410040001A;PR;Centro;-25,31;-49,298;2025-09-13 01:20:00.0;0,00
ALMIRANTE TAMANDARÉ;410040001A;PR;Centro;-25,31;-49,298;2025-09-13 02:20:00.0;0,00
ALMIRANTE TAMANDARÉ;410040001A;PR;Centro;-25,31;-49,298;2025-09-13 03:20:00.0;0,00
ALMIRANTE TAMANDARÉ;410040001A;PR;Centro;-25,31;-49,298;2025-09-13 04:20:00.0;0,00
ALMIRANTE TAMANDARÉ;410040001A;PR;Centro;-25,31;-49,298;2025-09-13 05:20:00.0;0,00
ALMIRANTE TAMANDARÉ;410040001A;PR;Centro;-25,31;-49,298;2025-09-13 06:20:00.0;0,00
ALMIRANTE TAMANDARÉ;410040001A;PR;Centro;-25,31;-49,298;2025-09-13 07:20:00.0;0,00
ALMIRANTE TAMANDARÉ;410040001A;PR;Centro;-25,31;-49,298;2025-09-13 08:20:00.0;0,00
ALMIRANTE TAMANDARÉ;410040001A;PR;Centro;-25,31;-49,298;2025-09-13 09:20:00.0;0,00
ALMIRANTE TAMANDARÉ;410040001A;PR;Centro;-25,31;-49,298;2025-09-13 10:20:00.0;0,00
ALMIRANTE TAMANDARÉ;410040001A;PR;Centro;-25,31;-49,298;2025-09-13 12:00:00.0;0,20
ALMIRANTE TAMANDARÉ;410040001A;PR;Centro;-25,31;-49,298;2025-09-13 14:10:00.0;0,20
ALMIRANTE TAMANDARÉ;410040001A;PR;Centro;-25,31;-49,298;2025-09-13 15:20:00.0;0,20
ALMIRANTE TAMANDARÉ;410040001A;PR;Centro;-25,31;-49,298;2025-09-13 16:10:00.0;0,20
ALMIRANTE TAMANDARÉ;410040001A;PR;Centro;-25,31;-49,298;2025-09-13 17:00:00.0;0,20
ALMIRANTE TAMANDARÉ;410040001A;PR;Centro;-25,31;-49,298;2025-09-13 17:10:00.0;0,79
ALMIRANTE TAMANDARÉ;410040001A;PR;Centro;-25,31;-49,298;2025-09-13 18:00:00.0;0,20
ALMIRANTE TAMANDARÉ;410040001A;PR;Centro;-25,31;-49,298;2025-09-13 19:20:00.0;0,61
ALMIRANTE TAMANDARÉ;410040001A;PR;Centro;-25,31;-49,298;2025-09-13 19:30:00.0;5,31
ALMIRANTE TAMANDARÉ;410040001A;PR;Centro;-25,31;-49,298;2025-09-13 19:40:00.0;0,20
ALMIRANTE TAMANDARÉ;410040001A;PR;Centro;-25,31;-49,298;2025-09-13 21:30:00.0;0,60
ALMIRANTE TAMANDARÉ;410040001A;PR;Centro;-25,31;-49,298;2025-09-13 21:40:00.0;0,20
ALMIRANTE TAMANDARÉ;410040001A;PR;Centro;-25,31;-49,298;2025-09-13 22:10:00.0;0,20
ALMIRANTE TAMANDARÉ;410040001A;PR;Centro;-25,31;-49,298;2025-09-13 22:20:00.0;0,59
ALMIRANTE TAMANDARÉ;410040001A;PR;Centro;-25,31;-49,298;2025-09-13 22:30:00.0;1,19
ALMIRANTE TAMANDARÉ;410040001A;PR;Centro;-25,31;-49,298;2025-09-13 23:20:00.0;0,20
ALMIRANTE TAMANDARÉ;410040001A;PR;Centro;-25,31;-49,298;2025-09-14 00:50:00.0;0,20
ALMIRANTE TAMANDARÉ;410040001A;PR;Centro;-25,31;-49,298;2025-09-14 02:20:00.0;0,00
ALMIRANTE TAMANDARÉ;410040001A;PR;Centro;-25,31;-49,298;2025-09-14 03:20:00.0;0,00
ALMIRANTE TAMANDARÉ;410040001A;PR;Centro;-25,31;-49,298;2025-09-14 04:20:00.0;0,00
ALMIRANTE TAMANDARÉ;410040001A;PR;Centro;-25,31;-49,298;2025-09-14 05:20:00.0;0,00
ALMIRANTE TAMANDARÉ;410040001A;PR;Centro;-25,31;-49,298;2025-09-14 06:20:00.0;0,00
ALMIRANTE TAMANDARÉ;410040001A;PR;Centro;-25,31;-49,298;2025-09-14 07:20:00.0;0,00
ALMIRANTE TAMANDARÉ;410040001A;PR;Centro;-25,31;-49,298;2025-09-14 08:20:00.0;0,00
ALMIRANTE TAMANDARÉ;410040001A;PR;Centro;-25,31;-49,298;2025-09-14 09:20:00.0;0,00
ALMIRANTE TAMANDARÉ;410040001A;PR;Centro;-25,31;-49,298;2025-09-14 10:20:00.0;0,00
ALMIRANTE TAMANDARÉ;410040001A;PR;Centro;-25,31;-49,298;2025-09-14 12:00:00.0;0,63
ALMIRANTE TAMANDARÉ;410040001A;PR;Centro;-25,31;-49,298;2025-09-14 12:10:00.0;0,98
ALMIRANTE TAMANDARÉ;410040001A;PR;Centro;-25,31;-49,298;2025-09-14 12:20:00.0;0,00
ALMIRANTE TAMANDARÉ;410040001A;PR;Centro;-25,31;-49,298;2025-09-14 12:30:00.0;1,38
ALMIRANTE TAMANDARÉ;410040001A;PR;Centro;-25,31;-49,298;2025-09-14 13:00:00.0;0,20
ALMIRANTE TAMANDARÉ;410040001A;PR;Centro;-25,31;-49,298;2025-09-14 13:20:00.0;0,00
ALMIRANTE TAMANDARÉ;410040001A;PR;Centro;-25,31;-49,298;2025-09-14 14:10:00.0;2,10
ALMIRANTE TAMANDARÉ;410040001A;PR;Centro;-25,31;-49,298;2025-09-14 14:20:00.0;0,20
ALMIRANTE TAMANDARÉ;410040001A;PR;Centro;-25,31;-49,298;2025-09-14 15:10:00.0;0,20
ALMIRANTE TAMANDARÉ;410040001A;PR;Centro;-25,31;-49,298;2025-09-14 15:40:00.0;0,20
ALMIRANTE TAMANDARÉ;410040001A;PR;Centro;-25,31;-49,298;2025-09-14 16:10:00.0;0,79
ALMIRANTE TAMANDARÉ;410040001A;PR;Centro;-25,31;-49,298;2025-09-14 16:20:00.0;0,79
ALMIRANTE TAMANDARÉ;410040001A;PR;Centro;-25,31;-49,298;2025-09-14 17:00:00.0;0,20
ALMIRANTE TAMANDARÉ;410040001A;PR;Centro;-25,31;-49,298;2025-09-14 18:40:00.0;0,20
ALMIRANTE TAMANDARÉ;410040001A;PR;Centro;-25,31;-49,298;2025-09-14 19:20:00.0;0,20
ALMIRANTE TAMANDARÉ;410040001A;PR;Centro;-25,31;-49,298;2025-09-14 19:30:00.0;0,39
ALMIRANTE TAMANDARÉ;410040001A;PR;Centro;-25,31;-49,298;2025-09-14 19:40:00.0;0,42
ALMIRANTE TAMANDARÉ;410040001A;PR;Centro;-25,31;-49,298;2025-09-14 21:10:00.0;0,20
ALMIRANTE TAMANDARÉ;410040001A;PR;Centro;-25,31;-49,298;2025-09-14 21:20:00.0;0,98
ALMIRANTE TAMANDARÉ;410040001A;PR;Centro;-25,31;-49,298;2025-09-14 21:30:00.0;0,84
ALMIRANTE TAMANDARÉ;410040001A;PR;Centro;-25,31;-49,298;2025-09-14 22:20:00.0;0,00
ALMIRANTE TAMANDARÉ;410040001A;PR;Centro;-25,31;-49,298;2025-09-14 23:20:00.0;0,00
ALMIRANTE TAMANDARÉ;410040001A;PR;Centro;-25,31;-49,298;2025-09-15 00:20:00.0;0,00
ALMIRANTE TAMANDARÉ;410040001A;PR;Centro;-25,31;-49,298;2025-09-15 01:20:00.0;0,00
ALMIRANTE TAMANDARÉ;410040001A;PR;Centro;-25,31;-49,298;2025-09-15 02:20:00.0;0,00
ALMIRANTE TAMANDARÉ;410040001A;PR;Centro;-25,31;-49,298;2025-09-15 03:10:00.0;0,20
ALMIRANTE TAMANDARÉ;410040001A;PR;Centro;-25,31;-49,298;2025-09-15 04:20:00.0;0,00
ALMIRANTE TAMANDARÉ;410040001A;PR;Centro;-25,31;-49,298;2025-09-15 05:20:00.0;0,00
ALMIRANTE TAMANDARÉ;410040001A;PR;Centro;-25,31;-49,298;2025-09-15 06:10:00.0;2,25
ALMIRANTE TAMANDARÉ;410040001A;PR;Centro;-25,31;-49,298;2025-09-15 07:10:00.0;0,20
ALMIRANTE TAMANDARÉ;410040001A;PR;Centro;-25,31;-49,298;2025-09-15 07:50:00.0;0,60
ALMIRANTE TAMANDARÉ;410040001A;PR;Centro;-25,31;-49,298;2025-09-15 08:20:00.0;0,00
ALMIRANTE TAMANDARÉ;410040001A;PR;Centro;-25,31;-49,298;2025-09-15 09:20:00.0;0,00
ALMIRANTE TAMANDARÉ;410040001A;PR;Centro;-25,31;-49,298;2025-09-15 10:20:00.0;0,00
ALMIRANTE TAMANDARÉ;410040001A;PR;Centro;-25,31;-49,298;2025-09-15 10:40:00.0;0,20
ALMIRANTE TAMANDARÉ;410040001A;PR;Centro;-25,31;-49,298;2025-09-15 11:10:00.0;0,20
ALMIRANTE TAMANDARÉ;410040001A;PR;Centro;-25,31;-49,298;2025-09-15 13:30:00.0;0,63
ALMIRANTE TAMANDARÉ;410040001A;PR;Centro;-25,31;-49,298;2025-09-15 13:40:00.0;0,20
ALMIRANTE TAMANDARÉ;410040001A;PR;Centro;-25,31;-49,298;2025-09-15 14:20:00.0;0,00
ALMIRANTE TAMANDARÉ;410040001A;PR;Centro;-25,31;-49,298;2025-09-15 15:20:00.0;0,00
ALMIRANTE TAMANDARÉ;410040001A;PR;Centro;-25,31;-49,298;2025-09-15 15:40:00.0;1,99
ALMIRANTE TAMANDARÉ;410040001A;PR;Centro;-25,31;-49,298;2025-09-15 16:00:00.0;0,20
ALMIRANTE TAMANDARÉ;410040001A;PR;Centro;-25,31;-49,298;2025-09-15 16:50:00.0;0,20
ALMIRANTE TAMANDARÉ;410040001A;PR;Centro;-25,31;-49,298;2025-09-15 17:10:00.0;0,42
ALMIRANTE TAMANDARÉ;410040001A;PR;Centro;-25,31;-49,298;2025-09-15 18:00:00.0;0,20
ALMIRANTE TAMANDARÉ;410040001A;PR;Centro;-25,31;-49,298;2025-09-15 18:50:00.0;0,42
ALMIRANTE TAMANDARÉ;410040001A;PR;Centro;-25,31;-49,298;2025-09-15 19:00:00.0;1,00
ALMIRANTE TAMANDARÉ;410040001A;PR;Centro;-25,31;-49,298;2025-09-15 19:20:00.0;0,00
ALMIRANTE TAMANDARÉ;410040001A;PR;Centro;-25,31;-49,298;2025-09-15 20:20:00.0;0,00
ALMIRANTE TAMANDARÉ;410040001A;PR;Centro;-25,31;-49,298;2025-09-15 20:40:00.0;0,20
ALMIRANTE TAMANDARÉ;410040001A;PR;Centro;-25,31;-49,298;2025-09-15 21:10:00.0;0,42
ALMIRANTE TAMANDARÉ;410040001A;PR;Centro;-25,31;-49,298;2025-09-15 21:20:00.0;0,00
ALMIRANTE TAMANDARÉ;410040001A;PR;Centro;-25,31;-49,298;2025-09-15 22:20:00.0;0,00
ALMIRANTE TAMANDARÉ;410040001A;PR;Centro;-25,31;-49,298;2025-09-15 22:30:00.0;0,79
ALMIRANTE TAMANDARÉ;410040001A;PR;Centro;-25,31;-49,298;2025-09-15 22:40:00.0;0,20
ALMIRANTE TAMANDARÉ;410040001A;PR;Centro;-25,31;-49,298;2025-09-15 23:10:00.0;0,20
ALMIRANTE TAMANDARÉ;410040001A;PR;Centro;-25,31;-49,298;2025-09-16 00:10:00.0;0,59
ALMIRANTE TAMANDARÉ;410040001A;PR;Centro;-25,31;-49,298;2025-09-16 00:20:00.0;0,00
ALMIRANTE TAMANDARÉ;410040001A;PR;Centro;-25,31;-49,298;2025-09-16 00:50:00.0;0,20
ALMIRANTE TAMANDARÉ;410040001A;PR;Centro;-25,31;-49,298;2025-09-16 02:20:00.0;0,00
ALMIRANTE TAMANDARÉ;410040001A;PR;Centro;-25,31;-49,298;2025-09-16 03:10:00.0;0,20
ALMIRANTE TAMANDARÉ;410040001A;PR;Centro;-25,31;-49,298;2025-09-16 03:30:00.0;0,20
ALMIRANTE TAMANDARÉ;410040001A;PR;Centro;-25,31;-49,298;2025-09-16 04:50:00.0;0,20
ALMIRANTE TAMANDARÉ;410040001A;PR;Centro;-25,31;-49,298;2025-09-16 05:30:00.0;0,61
ALMIRANTE TAMANDARÉ;410040001A;PR;Centro;-25,31;-49,298;2025-09-16 06:00:00.0;0,59
ALMIRANTE TAMANDARÉ;410040001A;PR;Centro;-25,31;-49,298;2025-09-16 06:10:00.0;0,39
ALMIRANTE TAMANDARÉ;410040001A;PR;Centro;-25,31;-49,298;2025-09-16 06:20:00.0;0,39
ALMIRANTE TAMANDARÉ;410040001A;PR;Centro;-25,31;-49,298;2025-09-16 06:30:00.0;0,39
ALMIRANTE TAMANDARÉ;410040001A;PR;Centro;-25,31;-49,298;2025-09-16 06:40:00.0;0,20
ALMIRANTE TAMANDARÉ;410040001A;PR;Centro;-25,31;-49,298;2025-09-16 07:00:00.0;0,20
ALMIRANTE TAMANDARÉ;410040001A;PR;Centro;-25,31;-49,298;2025-09-16 07:10:00.0;0,99
ALMIRANTE TAMANDARÉ;410040001A;PR;Centro;-25,31;-49,298;2025-09-16 07:20:00.0;0,00
ALMIRANTE TAMANDARÉ;410040001A;PR;Centro;-25,31;-49,298;2025-09-16 07:40:00.0;1,89
ALMIRANTE TAMANDARÉ;410040001A;PR;Centro;-25,31;-49,298;2025-09-16 08:20:00.0;0,00
ALMIRANTE TAMANDARÉ;410040001A;PR;Centro;-25,31;-49,298;2025-09-16 08:30:00.0;0,20
ALMIRANTE TAMANDARÉ;410040001A;PR;Centro;-25,31;-49,298;2025-09-16 10:20:00.0;0,79
ALMIRANTE TAMANDARÉ;410040001A;PR;Centro;-25,31;-49,298;2025-09-16 11:20:00.0;0,00
ALMIRANTE TAMANDARÉ;410040001A;PR;Centro;-25,31;-49,298;2025-09-16 12:20:00.0;0,00
ALMIRANTE TAMANDARÉ;410040001A;PR;Centro;-25,31;-49,298;2025-09-16 13:20:00.0;1,77
ALMIRANTE TAMANDARÉ;410040001A;PR;Centro;-25,31;-49,298;2025-09-16 14:30:00.0;2,16
ALMIRANTE TAMANDARÉ;410040001A;PR;Centro;-25,31;-49,298;2025-09-16 15:10:00.0;0,20
ALMIRANTE TAMANDARÉ;410040001A;PR;Centro;-25,31;-49,298;2025-09-16 15:50:00.0;0,39
ALMIRANTE TAMANDARÉ;410040001A;PR;Centro;-25,31;-49,298;2025-09-16 17:10:00.0;0,20
ALMIRANTE TAMANDARÉ;410040001A;PR;Centro;-25,31;-49,298;2025-09-16 18:00:00.0;3,85
ALMIRANTE TAMANDARÉ;410040001A;PR;Centro;-25,31;-49,298;2025-09-16 18:10:00.0;0,60
ALMIRANTE TAMANDARÉ;410040001A;PR;Centro;-25,31;-49,298;2025-09-16 18:20:00.0;0,20
ALMIRANTE TAMANDARÉ;410040001A;PR;Centro;-25,31;-49,298;2025-09-16 19:20:00.0;0,20
ALMIRANTE TAMANDARÉ;410040001A;PR;Centro;-25,31;-49,298;2025-09-16 21:10:00.0;0,63
ALMIRANTE TAMANDARÉ;410040001A;PR;Centro;-25,31;-49,298;2025-09-16 22:10:00.0;1,05
ALMIRANTE TAMANDARÉ;410040001A;PR;Centro;-25,31;-49,298;2025-09-16 22:20:00.0;5,12
ALMIRANTE TAMANDARÉ;410040001A;PR;Centro;-25,31;-49,298;2025-09-16 22:50:00.0;0,20
ALMIRANTE TAMANDARÉ;410040001A;PR;Centro;-25,31;-49,298;2025-09-17 00:20:00.0;0,00
ALMIRANTE TAMANDARÉ;410040001A;PR;Centro;-25,31;-49,298;2025-09-17 01:20:00.0;0,00
ALMIRANTE TAMANDARÉ;410040001A;PR;Centro;-25,31;-49,298;2025-09-17 02:20:00.0;0,00
ALMIRANTE TAMANDARÉ;410040001A;PR;Centro;-25,31;-49,298;2025-09-17 03:20:00.0;0,00
ALMIRANTE TAMANDARÉ;410040001A;PR;Centro;-25,31;-49,298;2025-09-17 04:20:00.0;0,00
ALMIRANTE TAMANDARÉ;410040001A;PR;Centro;-25,31;-49,298;2025-09-17 05:20:00.0;0,00
ALMIRANTE TAMANDARÉ;410040001A;PR;Centro;-25,31;-49,298;2025-09-17 06:20:00.0;0,00
ALMIRANTE TAMANDARÉ;410040001A;PR;Centro;-25,31;-49,298;2025-09-17 07:20:00.0;0,00
ALMIRANTE TAMANDARÉ;410040001A;PR;Centro;-25,31;-49,298;2025-09-17 08:20:00.0;0,00
ALMIRANTE TAMANDARÉ;410040001A;PR;Centro;-25,31;-49,298;2025-09-17 09:20:00.0;0,00
ALMIRANTE TAMANDARÉ;410040001A;PR;Centro;-25,31;-49,298;2025-09-17 10:20:00.0;0,00
ALMIRANTE TAMANDARÉ;410040001A;PR;Centro;-25,31;-49,298;2025-09-17 11:20:00.0;0,00
ALMIRANTE TAMANDARÉ;410040001A;PR;Centro;-25,31;-49,298;2025-09-17 12:20:00.0;0,00
ALMIRANTE TAMANDARÉ;410040001A;PR;Centro;-25,31;-49,298;2025-09-17 13:20:00.0;0,00
ALMIRANTE TAMANDARÉ;410040001A;PR;Centro;-25,31;-49,298;2025-09-17 14:10:00.0;0,20
ALMIRANTE TAMANDARÉ;410040001A;PR;Centro;-25,31;-49,298;2025-09-17 15:10:00.0;0,20
ALMIRANTE TAMANDARÉ;410040001A;PR;Centro;-25,31;-49,298;2025-09-17 15:20:00.0;3,74
ALMIRANTE TAMANDARÉ;410040001A;PR;Centro;-25,31;-49,298;2025-09-17 17:10:00.0;0,20
ALMIRANTE TAMANDARÉ;410040001A;PR;Centro;-25,31;-49,298;2025-09-17 19:10:00.0;0,20
ALMIRANTE TAMANDARÉ;410040001A;PR;Centro;-25,31;-49,298;2025-09-17 20:40:00.0;3,00
ALMIRANTE TAMANDARÉ;410040001A;PR;Centro;-25,31;-49,298;2025-09-17 21:00:00.0;0,59
ALMIRANTE TAMANDARÉ;410040001A;PR;Centro;-25,31;-49,298;2025-09-17 21:10:00.0;0,42
ALMIRANTE TAMANDARÉ;410040001A;PR;Centro;-25,31;-49,298;2025-09-17 21:20:00.0;2,76
ALMIRANTE TAMANDARÉ;410040001A;PR;Centro;-25,31;-49,298;2025-09-17 22:00:00.0;0,20
ALMIRANTE TAMANDARÉ;410040001A;PR;Centro;-25,31;-49,298;2025-09-17 23:00:00.0;0,20
ALMIRANTE TAMANDARÉ;410040001A;PR;Centro;-25,31;-49,298;2025-09-17 23:20:00.0;2,36
ALMIRANTE TAMANDARÉ;410040001A;PR;Centro;-25,31;-49,298;2025-09-17 23:30:00.0;0,20
ALMIRANTE TAMANDARÉ;410040001A;PR;Centro;-25,31;-49,298;2025-09-18 00:00:00.0;0,20
ALMIRANTE TAMANDARÉ;410040001A;PR;Centro;-25,31;-49,298;2025-09-18 00:10:00.0;1,77
ALMIRANTE TAMANDARÉ;410040001A;PR;Centro;-25,31;-49,298;2025-09-18 00:30:00.0;0,00
ALMIRANTE TAMANDARÉ;410040001A;PR;Centro;-25,31;-49,298;2025-09-18 01:00:00.0;0,79
ALMIRANTE TAMANDARÉ;410040001A;PR;Centro;-25,31;-49,298;2025-09-18 01:10:00.0;1,77
ALMIRANTE TAMANDARÉ;410040001A;PR;Centro;-25,31;-49,298;2025-09-18 01:20:00.0;0,00
ALMIRANTE TAMANDARÉ;410040001A;PR;Centro;-25,31;-49,298;2025-09-18 02:00:00.0;0,20
ALMIRANTE TAMANDARÉ;410040001A;PR;Centro;-25,31;-49,298;2025-09-18 03:00:00.0;3,94
ALMIRANTE TAMANDARÉ;410040001A;PR;Centro;-25,31;-49,298;2025-09-18 03:20:00.0;0,00
ALMIRANTE TAMANDARÉ;410040001A;PR;Centro;-25,31;-49,298;2025-09-18 03:40:00.0;0,79
ALMIRANTE TAMANDARÉ;410040001A;PR;Centro;-25,31;-49,298;2025-09-18 03:50:00.0;2,75
ALMIRANTE TAMANDARÉ;410040001A;PR;Centro;-25,31;-49,298;2025-09-18 04:10:00.0;2,01
ALMIRANTE TAMANDARÉ;410040001A;PR;Centro;-25,31;-49,298;2025-09-18 04:20:00.0;0,00
ALMIRANTE TAMANDARÉ;410040001A;PR;Centro;-25,31;-49,298;2025-09-18 05:20:00.0;0,00
ALMIRANTE TAMANDARÉ;410040001A;PR;Centro;-25,31;-49,298;2025-09-18 05:30:00.0;0,98
ALMIRANTE TAMANDARÉ;410040001A;PR;Centro;-25,31;-49,298;2025-09-18 06:20:00.0;0,00
ALMIRANTE TAMANDARÉ;410040001A;PR;Centro;-25,31;-49,298;2025-09-18 07:20:00.0;0,00
ALMIRANTE TAMANDARÉ;410040001A;PR;Centro;-25,31;-49,298;2025-09-18 08:20:00.0;0,00
ALMIRANTE TAMANDARÉ;410040001A;PR;Centro;-25,31;-49,298;2025-09-18 09:20:00.0;0,00
ALMIRANTE TAMANDARÉ;410040001A;PR;Centro;-25,31;-49,298;2025-09-18 10:00:00.0;1,00
ALMIRANTE TAMANDARÉ;410040001A;PR;Centro;-25,31;-49,298;2025-09-18 10:20:00.0;0,00
ALMIRANTE TAMANDARÉ;410040001A;PR;Centro;-25,31;-49,298;2025-09-18 11:10:00.0;3,04
ALMIRANTE TAMANDARÉ;410040001A;PR;Centro;-25,31;-49,298;2025-09-18 11:50:00.0;2,56
ALMIRANTE TAMANDARÉ;410040001A;PR;Centro;-25,31;-49,298;2025-09-18 12:00:00.0;0,42
ALMIRANTE TAMANDARÉ;410040001A;PR;Centro;-25,31;-49,298;2025-09-18 12:10:00.0;0,20
ALMIRANTE TAMANDARÉ;410040001A;PR;Centro;-25,31;-49,298;2025-09-18 14:00:00.0;1,89
ALMIRANTE TAMANDARÉ;410040001A;PR;Centro;-25,31;-49,298;2025-09-18 14:20:00.0;0,00
ALMIRANTE TAMANDARÉ;410040001A;PR;Centro;-25,31;-49,298;2025-09-18 15:30:00.0;0,20
ALMIRANTE TAMANDARÉ;410040001A;PR;Centro;-25,31;-49,298;2025-09-18 17:10:00.0;0,20
ALMIRANTE TAMANDARÉ;410040001A;PR;Centro;-25,31;-49,298;2025-09-18 19:10:00.0;0,20
ALMIRANTE TAMANDARÉ;410040001A;PR;Centro;-25,31;-49,298;2025-09-18 19:20:00.0;0,20
ALMIRANTE TAMANDARÉ;410040001A;PR;Centro;-25,31;-49,298;2025-09-18 22:00:00.0;0,63
ALMIRANTE TAMANDARÉ;410040001A;PR;Centro;-25,31;-49,298;2025-09-18 22:20:00.0;0,00
ALMIRANTE TAMANDARÉ;410040001A;PR;Centro;-25,31;-49,298;2025-09-18 23:20:00.0;0,00
ALMIRANTE TAMANDARÉ;410040001A;PR;Centro;-25,31;-49,298;2025-09-19 00:20:00.0;0,20
ALMIRANTE TAMANDARÉ;410040001A;PR;Centro;-25,31;-49,298;2025-09-19 02:20:00.0;0,00
ALMIRANTE TAMANDARÉ;410040001A;PR;Centro;-25,31;-49,298;2025-09-19 03:20:00.0;0,00
ALMIRANTE TAMANDARÉ;410040001A;PR;Centro;-25,31;-49,298;2025-09-19 04:20:00.0;0,00
ALMIRANTE TAMANDARÉ;410040001A;PR;Centro;-25,31;-49,298;2025-09-19 05:20:00.0;0,00
ALMIRANTE TAMANDARÉ;410040001A;PR;Centro;-25,31;-49,298;2025-09-19 06:20:00.0;0,00
ALMIRANTE TAMANDARÉ;410040001A;PR;Centro;-25,31;-49,298;2025-09-19 07:20:00.0;0,00
ALMIRANTE TAMANDARÉ;410040001A;PR;Centro;-25,31;-49,298;2025-09-19 08:20:00.0;0,00
ALMIRANTE TAMANDARÉ;410040001A;PR;Centro;-25,31;-49,298;2025-09-19 09:20:00.0;0,00
ALMIRANTE TAMANDARÉ;410040001A;PR;Centro;-25,31;-49,298;2025-09-19 10:20:00.0;0,00
ALMIRANTE TAMANDARÉ;410040001A;PR;Centro;-25,31;-49,298;2025-09-19 10:50:00.0;0,59
ALMIRANTE TAMANDARÉ;410040001A;PR;Centro;-25,31;-49,298;2025-09-19 11:00:00.0;0,79
ALMIRANTE TAMANDARÉ;410040001A;PR;Centro;-25,31;-49,298;2025-09-19 11:50:00.0;1,77
ALMIRANTE TAMANDARÉ;410040001A;PR;Centro;-25,31;-49,298;2025-09-19 12:10:00.0;0,20
ALMIRANTE TAMANDARÉ;410040001A;PR;Centro;-25,31;-49,298;2025-09-19 12:50:00.0;0,20
ALMIRANTE TAMANDARÉ;410040001A;PR;Centro;-25,31;-49,298;2025-09-19 14:20:00.0;0,42
ALMIRANTE TAMANDARÉ;410040001A;PR;Centro;-25,31;-49,298;2025-09-19 15:30:00.0;0,63
ALMIRANTE TAMANDARÉ;410040001A;PR;Centro;-25,31;-49,298;2025-09-19 15:40:00.0;0,61
ALMIRANTE TAMANDARÉ;410040001A;PR;Centro;-25,31;-49,298;2025-09-19 16:20:00.0;0,00
ALMIRANTE TAMANDARÉ;410040001A;PR;Centro;-25,31;-49,298;2025-09-19 17:20:00.0;0,00
ALMIRANTE TAMANDARÉ;410040001A;PR;Centro;-25,31;-49,298;2025-09-19 18:20:00.0;0,00
ALMIRANTE TAMANDARÉ;410040001A;PR;Centro;-25,31;-49,298;2025-09-19 20:10:00.0;0,62
ALMIRANTE TAMANDARÉ;410040001A;PR;Centro;-25,31;-49,298;2025-09-19 20:40:00.0;2,31
ALMIRANTE TAMANDARÉ;410040001A;PR;Centro;-25,31;-49,298;2025-09-19 22:20:00.0;1,57
ALMIRANTE TAMANDARÉ;410040001A;PR;Centro;-25,31;-49,298;2025-09-20 00:10:00.0;0,20
ALMIRANTE TAMANDARÉ;410040001A;PR;Centro;-25,31;-49,298;2025-09-20 00:20:00.0;3,35
ALMIRANTE TAMANDARÉ;410040001A;PR;Centro;-25,31;-49,298;2025-09-20 01:20:00.0;0,00
ALMIRANTE TAMANDARÉ;410040001A;PR;Centro;-25,31;-49,298;2025-09-20 02:20:00.0;0,00
ALMIRANTE TAMANDARÉ;410040001A;PR;Centro;-25,31;-49,298;2025-09-20 03:20:00.0;0,00
ALMIRANTE TAMANDARÉ;410040001A;PR;Centro;-25,31;-49,298;2025-09-20 04:10:00.0;0,20
ALMIRANTE TAMANDARÉ;410040001A;PR;Centro;-25,31;-49,298;2025-09-20 05:20:00.0;0,80
ALMIRANTE TAMANDARÉ;410040001A;PR;Centro;-25,31;-49,298;2025-09-20 06:00:00.0;0,63
ALMIRANTE TAMANDARÉ;410040001A;PR;Centro;-25,31;-49,298;2025-09-20 06:20:00.0;0,00
ALMIRANTE TAMANDARÉ;410040001A;PR;Centro;-25,31;-49,298;2025-09-20 06:40:00.0;0,42
ALMIRANTE TAMANDARÉ;410040001A;PR;Centro;-25,31;-49,298;2025-09-20 07:20:00.0;0,00
ALMIRANTE TAMANDARÉ;410040001A;PR;Centro;-25,31;-49,298;2025-09-20 08:20:00.0;0,00
ALMIRANTE TAMANDARÉ;410040001A;PR;Centro;-25,31;-49,298;2025-09-20 09:20:00.0;0,00
ALMIRANTE TAMANDARÉ;410040001A;PR;Centro;-25,31;-49,298;2025-09-20 10:10:00.0;0,20
ALMIRANTE TAMANDARÉ;410040001A;PR;Centro;-25,31;-49,298;2025-09-20 11:20:00.0;0,00
ALMIRANTE TAMANDARÉ;410040001A;PR;Centro;-25,31;-49,298;2025-09-20 12:00:00.0;1,97
ALMIRANTE TAMANDARÉ;410040001A;PR;Centro;-25,31;-49,298;2025-09-20 12:20:00.0;1,19
ALMIRANTE TAMANDARÉ;410040001A;PR;Centro;-25,31;-49,298;2025-09-20 12:50:00.0;0,40
ALMIRANTE TAMANDARÉ;410040001A;PR;Centro;-25,31;-49,298;2025-09-20 13:20:00.0;0,00
ALMIRANTE TAMANDARÉ;410040001A;PR;Centro;-25,31;-49,298;2025-09-20 14:00:00.0;3,35
ALMIRANTE TAMANDARÉ;410040001A;PR;Centro;-25,31;-49,298;2025-09-20 14:20:00.0;0,59
ALMIRANTE TAMANDARÉ;410040001A;PR;Centro;-25,31;-49,298;2025-09-20 14:40:00.0;0,20
ALMIRANTE TAMANDARÉ;410040001A;PR;Centro;-25,31;-49,298;2025-09-20 14:50:00.0;0,20
ALMIRANTE TAMANDARÉ;410040001A;PR;Centro;-25,31;-49,298;2025-09-20 15:20:00.0;0,63
ALMIRANTE TAMANDARÉ;410040001A;PR;Centro;-25,31;-49,298;2025-09-20 16:20:00.0;0,00
ALMIRANTE TAMANDARÉ;410040001A;PR;Centro;-25,31;-49,298;2025-09-20 17:20:00.0;0,00
ALMIRANTE TAMANDARÉ;410040001A;PR;Centro;-25,31;-49,298;2025-09-20 18:20:00.0;0,00
ALMIRANTE TAMANDARÉ;410040001A;PR;Centro;-25,31;-49,298;2025-09-20 19:20:00.0;0,00
ALMIRANTE TAMANDARÉ;410040001A;PR;Centro;-25,31;-49,298;2025-09-20 20:20:00.0;0,00
ALMIRANTE TAMANDARÉ;410040001A;PR;Centro;-25,31;-49,298;2025-09-20 21:20:00.0;0,42
ALMIRANTE TAMANDARÉ;410040001A;PR;Centro;-25,31;-49,298;2025-09-20 22:10:00.0;0,20
ALMIRANTE TAMANDARÉ;410040001A;PR;Centro;-25,31;-49,298;2025-09-20 22:20:00.0;1,77
ALMIRANTE TAMANDARÉ;410040001A;PR;Centro;-25,31;-49,298;2025-09-20 23:00:00.0;0,63
ALMIRANTE TAMANDARÉ;410040001A;PR;Centro;-25,31;-49,298;2025-09-20 23:20:00.0;0,00
ALMIRANTE TAMANDARÉ;410040001A;PR;Centro;-25,31;-49,298;2025-09-21 00:10:00.0;0,20
ALMIRANTE TAMANDARÉ;410040001A;PR;Centro;-25,31;-49,298;2025-09-21 00:20:00.0;0,00
ALMIRANTE TAMANDARÉ;410040001A;PR;Centro;-25,31;-49,298;2025-09-21 00:30:00.0;0,20
ALMIRANTE TAMANDARÉ;410040001A;PR;Centro;-25,31;-49,298;2025-09-21 01:40:00.0;0,20
ALMIRANTE TAMANDARÉ;410040001A;PR;Centro;-25,31;-49,298;2025-09-21 03:20:00.0;0,00
ALMIRANTE TAMANDARÉ;410040001A;PR;Centro;-25,31;-49,298;2025-09-21 05:00:00.0;0,63
ALMIRANTE TAMANDARÉ;410040001A;PR;Centro;-25,31;-49,298;2025-09-21 05:20:00.0;0,00
ALMIRANTE TAMANDARÉ;410040001A;PR;Centro;-25,31;-49,298;2025-09-21 06:20:00.0;0,00
ALMIRANTE TAMANDARÉ;410040001A;PR;Centro;-25,31;-49,298;2025-09-21 07:20:00.0;0,00
ALMIRANTE TAMANDARÉ;410040001A;PR;Centro;-25,31;-49,298;2025-09-21 08:00:00.0;2,95
ALMIRANTE TAMANDARÉ;410040001A;PR;Centro;-25,31;-49,298;2025-09-21 08:20:00.0;0,00
ALMIRANTE TAMANDARÉ;410040001A;PR;Centro;-25,31;-49,298;2025-09-21 09:20:00.0;0,00
ALMIRANTE TAMANDARÉ;410040001A;PR;Centro;-25,31;-49,298;2025-09-21 10:10:00.0;0,20
ALMIRANTE TAMANDARÉ;410040001A;PR;Centro;-25,31;-49,298;2025-09-21 11:20:00.0;0,00
ALMIRANTE TAMANDARÉ;410040001A;PR;Centro;-25,31;-49,298;2025-09-21 12:10:00.0;0,59
ALMIRANTE TAMANDARÉ;410040001A;PR;Centro;-25,31;-49,298;2025-09-21 12:20:00.0;0,20
ALMIRANTE TAMANDARÉ;410040001A;PR;Centro;-25,31;-49,298;2025-09-21 14:00:00.0;0,20
ALMIRANTE TAMANDARÉ;410040001A;PR;Centro;-25,31;-49,298;2025-09-21 15:20:00.0;0,00
ALMIRANTE TAMANDARÉ;410040001A;PR;Centro;-25,31;-49,298;2025-09-21 16:20:00.0;0,00
ALMIRANTE TAMANDARÉ;410040001A;PR;Centro;-25,31;-49,298;2025-09-21 17:00:00.0;0,20
ALMIRANTE TAMANDARÉ;410040001A;PR;Centro;-25,31;-49,298;2025-09-21 18:00:00.0;0,20
ALMIRANTE TAMANDARÉ;410040001A;PR;Centro;-25,31;-49,298;2025-09-21 18:30:00.0;0,20
ALMIRANTE TAMANDARÉ;410040001A;PR;Centro;-25,31;-49,298;2025-09-21 19:30:00.0;0,20
ALMIRANTE TAMANDARÉ;410040001A;PR;Centro;-25,31;-49,298;2025-09-21 19:40:00.0;0,39
ALMIRANTE TAMANDARÉ;410040001A;PR;Centro;-25,31;-49,298;2025-09-21 19:50:00.0;0,39
ALMIRANTE TAMANDARÉ;410040001A;PR;Centro;-25,31;-49,298;2025-09-21 20:00:00.0;0,62
ALMIRANTE TAMANDARÉ;410040001A;PR;Centro;-25,31;-49,298;2025-09-21 20:10:00.0;0,39
ALMIRANTE TAMANDARÉ;410040001A;PR;Centro;-25,31;-49,298;2025-09-21 20:20:00.0;0,20
ALMIRANTE TAMANDARÉ;410040001A;PR;Centro;-25,31;-49,298;2025-09-21 21:20:00.0;1,05
ALMIRANTE TAMANDARÉ;410040001A;PR;Centro;-25,31;-49,298;2025-09-21 22:20:00.0;1,80
ALMIRANTE TAMANDARÉ;410040001A;PR;Centro;-25,31;-49,298;2025-09-21 22:30:00.0;0,20
ALMIRANTE TAMANDARÉ;410040001A;PR;Centro;-25,31;-49,298;2025-09-21 22:40:00.0;1,18
ALMIRANTE TAMANDARÉ;410040001A;PR;Centro;-25,31;-49,298;2025-09-21 23:10:00.0;7,59
ALMIRANTE TAMANDARÉ;410040001A;PR;Centro;-25,31;-49,298;2025-09-21 23:20:00.0;1,68
ALMIRANTE TAMANDARÉ;410040001A;PR;Centro;-25,31;-49,298;2025-09-21 23:40:00.0;0,20
ALMIRANTE TAMANDARÉ;410040001A;PR;Centro;-25,31;-49,298;2025-09-22 00:40:00.0;0,20
ALMIRANTE TAMANDARÉ;410040001A;PR;Centro;-25,31;-49,298;2025-09-22 02:20:00.0;0,00
ALMIRANTE TAMANDARÉ;410040001A;PR;Centro;-25,31;-49,298;2025-09-22 03:20:00.0;0,00
ALMIRANTE TAMANDARÉ;410040001A;PR;Centro;-25,31;-49,298;2025-09-22 04:20:00.0;0,00
ALMIRANTE TAMANDARÉ;410040001A;PR;Centro;-25,31;-49,298;2025-09-22 05:20:00.0;0,00
ALMIRANTE TAMANDARÉ;410040001A;PR;Centro;-25,31;-49,298;2025-09-22 06:20:00.0;0,00
ALMIRANTE TAMANDARÉ;410040001A;PR;Centro;-25,31;-49,298;2025-09-22 07:20:00.0;0,00
ALMIRANTE TAMANDARÉ;410040001A;PR;Centro;-25,31;-49,298;2025-09-22 08:30:00.0;0,98
ALMIRANTE TAMANDARÉ;410040001A;PR;Centro;-25,31;-49,298;2025-09-22 08:50:00.0;1,25
ALMIRANTE TAMANDARÉ;410040001A;PR;Centro;-25,31;-49,298;2025-09-22 09:00:00.0;2,26
ALMIRANTE TAMANDARÉ;410040001A;PR;Centro;-25,31;-49,298;2025-09-22 09:10:00.0;0,42
ALMIRANTE TAMANDARÉ;410040001A;PR;Centro;-25,31;-49,298;2025-09-22 09:20:00.0;0,00
ALMIRANTE TAMANDARÉ;410040001A;PR;Centro;-25,31;-49,298;2025-09-22 10:20:00.0;0,00
ALMIRANTE TAMANDARÉ;410040001A;PR;Centro;-25,31;-49,298;2025-09-22 11:20:00.0;0,00
ALMIRANTE TAMANDARÉ;410040001A;PR;Centro;-25,31;-49,298;2025-09-22 12:20:00.0;0,00
ALMIRANTE TAMANDARÉ;410040001A;PR;Centro;-25,31;-49,298;2025-09-22 13:20:00.0;0,00
ALMIRANTE TAMANDARÉ;410040001A;PR;Centro;-25,31;-49,298;2025-09-22 14:20:00.0;0,00
ALMIRANTE TAMANDARÉ;410040001A;PR;Centro;-25,31;-49,298;2025-09-22 15:20:00.0;0,00
ALMIRANTE TAMANDARÉ;410040001A;PR;Centro;-25,31;-49,298;2025-09-22 16:20:00.0;0,00
ALMIRANTE TAMANDARÉ;410040001A;PR;Centro;-25,31;-49,298;2025-09-22 18:40:00.0;0,20
ALMIRANTE TAMANDARÉ;410040001A;PR;Centro;-25,31;-49,298;2025-09-22 19:50:00.0;0,20
ALMIRANTE TAMANDARÉ;410040001A;PR;Centro;-25,31;-49,298;2025-09-22 20:40:00.0;0,20
ALMIRANTE TAMANDARÉ;410040001A;PR;Centro;-25,31;-49,298;2025-09-22 22:20:00.0;0,00
ALMIRANTE TAMANDARÉ;410040001A;PR;Centro;-25,31;-49,298;2025-09-22 23:10:00.0;0,20
ALMIRANTE TAMANDARÉ;410040001A;PR;Centro;-25,31;-49,298;2025-09-22 23:20:00.0;0,42
ALMIRANTE TAMANDARÉ;410040001A;PR;Centro;-25,31;-49,298;2025-09-23 00:00:00.0;0,20
ALMIRANTE TAMANDARÉ;410040001A;PR;Centro;-25,31;-49,298;2025-09-23 00:50:00.0;0,20
ALMIRANTE TAMANDARÉ;410040001A;PR;Centro;-25,31;-49,298;2025-09-23 01:10:00.0;0,63
ALMIRANTE TAMANDARÉ;410040001A;PR;Centro;-25,31;-49,298;2025-09-23 01:20:00.0;1,38
ALMIRANTE TAMANDARÉ;410040001A;PR;Centro;-25,31;-49,298;2025-09-23 01:30:00.0;6,92
ALMIRANTE TAMANDARÉ;410040001A;PR;Centro;-25,31;-49,298;2025-09-23 03:20:00.0;0,00
ALMIRANTE TAMANDARÉ;410040001A;PR;Centro;-25,31;-49,298;2025-09-23 04:20:00.0;0,00
ALMIRANTE TAMANDARÉ;410040001A;PR;Centro;-25,31;-49,298;2025-09-23 05:20:00.0;0,00
ALMIRANTE TAMANDARÉ;410040001A;PR;Centro;-25,31;-49,298;2025-09-23 06:20:00.0;1,18
ALMIRANTE TAMANDARÉ;410040001A;PR;Centro;-25,31;-49,298;2025-09-23 07:10:00.0;7,93
ALMIRANTE TAMANDARÉ;410040001A;PR;Centro;-25,31;-49,298;2025-09-23 07:20:00.0;5,16
ALMIRANTE TAMANDARÉ;410040001A;PR;Centro;-25,31;-49,298;2025-09-23 07:30:00.0;0,79
ALMIRANTE TAMANDARÉ;410040001A;PR;Centro;-25,31;-49,298;2025-09-23 07:40:00.0;2,17
ALMIRANTE TAMANDARÉ;410040001A;PR;Centro;-25,31;-49,298;2025-09-23 07:50:00.0;0,42
ALMIRANTE TAMANDARÉ;410040001A;PR;Centro;-25,31;-49,298;2025-09-23 08:10:00.0;2,56
ALMIRANTE TAMANDARÉ;410040001A;PR;Centro;-25,31;-49,298;2025-09-23 08:20:00.0;4,18
ALMIRANTE TAMANDARÉ;410040001A;PR;Centro;-25,31;-49,298;2025-09-23 08:40:00.0;0,39
ALMIRANTE TAMANDARÉ;410040001A;PR;Centro;-25,31;-49,298;2025-09-23 08:50:00.0;0,98
ALMIRANTE TAMANDARÉ;410040001A;PR;Centro;-25,31;-49,298;2025-09-23 09:00:00.0;0,39
ALMIRANTE TAMANDARÉ;410040001A;PR;Centro;-25,31;-49,298;2025-09-23 09:20:00.0;0,20
ALMIRANTE TAMANDARÉ;410040001A;PR;Centro;-25,31;-49,298;2025-09-23 10:00:00.0;0,20
ALMIRANTE TAMANDARÉ;410040001A;PR;Centro;-25,31;-49,298;2025-09-23 10:20:00.0;0,20
ALMIRANTE TAMANDARÉ;410040001A;PR;Centro;-25,31;-49,298;2025-09-23 12:10:00.0;0,20
ALMIRANTE TAMANDARÉ;410040001A;PR;Centro;-25,31;-49,298;2025-09-23 12:30:00.0;0,20
ALMIRANTE TAMANDARÉ;410040001A;PR;Centro;-25,31;-49,298;2025-09-23 13:50:00.0;0,20
ALMIRANTE TAMANDARÉ;410040001A;PR;Centro;-25,31;-49,298;2025-09-23 15:50:00.0;0,20
ALMIRANTE TAMANDARÉ;410040001A;PR;Centro;-25,31;-49,298;2025-09-23 17:20:00.0;0,00
ALMIRANTE TAMANDARÉ;410040001A;PR;Centro;-25,31;-49,298;2025-09-23 18:20:00.0;0,00
ALMIRANTE TAMANDARÉ;410040001A;PR;Centro;-25,31;-49,298;2025-09-23 19:20:00.0;0,00
ALMIRANTE TAMANDARÉ;410040001A;PR;Centro;-25,31;-49,298;2025-09-23 20:20:00.0;0,00
ALMIRANTE TAMANDARÉ;410040001A;PR;Centro;-25,31;-49,298;2025-09-23 21:10:00.0;5,74
ALMIRANTE TAMANDARÉ;410040001A;PR;Centro;-25,31;-49,298;2025-09-23 21:20:00.0;0,00
ALMIRANTE TAMANDARÉ;410040001A;PR;Centro;-25,31;-49,298;2025-09-23 21:40:00.0;0,39
ALMIRANTE TAMANDARÉ;410040001A;PR;Centro;-25,31;-49,298;2025-09-23 22:10:00.0;0,20
ALMIRANTE TAMANDARÉ;410040001A;PR;Centro;-25,31;-49,298;2025-09-24 00:00:00.0;0,20
ALMIRANTE TAMANDARÉ;410040001A;PR;Centro;-25,31;-49,298;2025-09-24 01:20:00.0;0,00
ALMIRANTE TAMANDARÉ;410040001A;PR;Centro;-25,31;-49,298;2025-09-24 02:20:00.0;0,00
ALMIRANTE TAMANDARÉ;410040001A;PR;Centro;-25,31;-49,298;2025-09-24 03:20:00.0;0,00
ALMIRANTE TAMANDARÉ;410040001A;PR;Centro;-25,31;-49,298;2025-09-24 04:20:00.0;0,00
ALMIRANTE TAMANDARÉ;410040001A;PR;Centro;-25,31;-49,298;2025-09-24 05:00:00.0;0,20
ALMIRANTE TAMANDARÉ;410040001A;PR;Centro;-25,31;-49,298;2025-09-24 06:10:00.0;0,59
ALMIRANTE TAMANDARÉ;410040001A;PR;Centro;-25,31;-49,298;2025-09-24 06:20:00.0;0,20
ALMIRANTE TAMANDARÉ;410040001A;PR;Centro;-25,31;-49,298;2025-09-24 06:30:00.0;0,61
ALMIRANTE TAMANDARÉ;410040001A;PR;Centro;-25,31;-49,298;2025-09-24 06:40:00.0;0,59
ALMIRANTE TAMANDARÉ;410040001A;PR;Centro;-25,31;-49,298;2025-09-24 07:10:00.0;0,59
ALMIRANTE TAMANDARÉ;410040001A;PR;Centro;-25,31;-49,298;2025-09-24 07:20:00.0;3,74
ALMIRANTE TAMANDARÉ;410040001A;PR;Centro;-25,31;-49,298;2025-09-24 07:30:00.0;3,74
ALMIRANTE TAMANDARÉ;410040001A;PR;Centro;-25,31;-49,298;2025-09-24 07:40:00.0;0,20
ALMIRANTE TAMANDARÉ;410040001A;PR;Centro;-25,31;-49,298;2025-09-24 07:50:00.0;0,20
ALMIRANTE TAMANDARÉ;410040001A;PR;Centro;-25,31;-49,298;2025-09-24 08:00:00.0;0,20
ALMIRANTE TAMANDARÉ;410040001A;PR;Centro;-25,31;-49,298;2025-09-24 08:20:00.0;0,00
ALMIRANTE TAMANDARÉ;410040001A;PR;Centro;-25,31;-49,298;2025-09-24 09:20:00.0;0,00
ALMIRANTE TAMANDARÉ;410040001A;PR;Centro;-25,31;-49,298;2025-09-24 10:10:00.0;0,79
ALMIRANTE TAMANDARÉ;410040001A;PR;Centro;-25,31;-49,298;2025-09-24 11:10:00.0;1,05
ALMIRANTE TAMANDARÉ;410040001A;PR;Centro;-25,31;-49,298;2025-09-24 11:20:00.0;0,00
ALMIRANTE TAMANDARÉ;410040001A;PR;Centro;-25,31;-49,298;2025-09-24 11:40:00.0;0,98
ALMIRANTE TAMANDARÉ;410040001A;PR;Centro;-25,31;-49,298;2025-09-24 12:20:00.0;0,00
ALMIRANTE TAMANDARÉ;410040001A;PR;Centro;-25,31;-49,298;2025-09-24 13:50:00.0;0,20
ALMIRANTE TAMANDARÉ;410040001A;PR;Centro;-25,31;-49,298;2025-09-24 15:10:00.0;2,56
ALMIRANTE TAMANDARÉ;410040001A;PR;Centro;-25,31;-49,298;2025-09-24 17:10:00.0;0,20
ALMIRANTE TAMANDARÉ;410040001A;PR;Centro;-25,31;-49,298;2025-09-24 18:50:00.0;2,02
ALMIRANTE TAMANDARÉ;410040001A;PR;Centro;-25,31;-49,298;2025-09-24 19:30:00.0;0,20
ALMIRANTE TAMANDARÉ;410040001A;PR;Centro;-25,31;-49,298;2025-09-24 19:50:00.0;0,20
ALMIRANTE TAMANDARÉ;410040001A;PR;Centro;-25,31;-49,298;2025-09-24 20:20:00.0;0,00
ALMIRANTE TAMANDARÉ;410040001A;PR;Centro;-25,31;-49,298;2025-09-24 20:50:00.0;0,20
ALMIRANTE TAMANDARÉ;410040001A;PR;Centro;-25,31;-49,298;2025-09-24 21:10:00.0;0,20
ALMIRANTE TAMANDARÉ;410040001A;PR;Centro;-25,31;-49,298;2025-09-24 22:10:00.0;0,79
ALMIRANTE TAMANDARÉ;410040001A;PR;Centro;-25,31;-49,298;2025-09-24 23:00:00.0;0,20
ALMIRANTE TAMANDARÉ;410040001A;PR;Centro;-25,31;-49,298;2025-09-25 00:10:00.0;1,18
ALMIRANTE TAMANDARÉ;410040001A;PR;Centro;-25,31;-49,298;2025-09-25 00:20:00.0;0,00
ALMIRANTE TAMANDARÉ;410040001A;PR;Centro;-25,31;-49,298;2025-09-25 01:20:00.0;0,00
ALMIRANTE TAMANDARÉ;410040001A;PR;Centro;-25,31;-49,298;2025-09-25 02:20:00.0;0,00
ALMIRANTE TAMANDARÉ;410040001A;PR;Centro;-25,31;-49,298;2025-09-25 03:20:00.0;0,00
ALMIRANTE TAMANDARÉ;410040001A;PR;Centro;-25,31;-49,298;2025-09-25 04:00:00.0;0,39
ALMIRANTE TAMANDARÉ;410040001A;PR;Centro;-25,31;-49,298;2025-09-25 04:10:00.0;6,30
ALMIRANTE TAMANDARÉ;410040001A;PR;Centro;-25,31;-49,298;2025-09-25 04:20:00.0;0,42
ALMIRANTE TAMANDARÉ;410040001A;PR;Centro;-25,31;-49,298;2025-09-25 04:30:00.0;4,13
ALMIRANTE TAMANDARÉ;410040001A;PR;Centro;-25,31;-49,298;2025-09-25 04:40:00.0;2,17
ALMIRANTE TAMANDARÉ;410040001A;PR;Centro;-25,31;-49,298;2025-09-25 04:50:00.0;1,57
ALMIRANTE TAMANDARÉ;410040001A;PR;Centro;-25,31;-49,298;2025-09-25 05:00:00.0;0,20
ALMIRANTE TAMANDARÉ;410040001A;PR;Centro;-25,31;-49,298;2025-09-25 05:10:00.0;0,20
ALMIRANTE TAMANDARÉ;410040001A;PR;Centro;-25,31;-49,298;2025-09-25 05:20:00.0;0,00
ALMIRANTE TAMANDARÉ;410040001A;PR;Centro;-25,31;-49,298;2025-09-25 06:20:00.0;0,00
ALMIRANTE TAMANDARÉ;410040001A;PR;Centro;-25,31;-49,298;2025-09-25 07:20:00.0;0,00
ALMIRANTE TAMANDARÉ;410040001A;PR;Centro;-25,31;-49,298;2025-09-25 08:20:00.0;0,00
ALMIRANTE TAMANDARÉ;410040001A;PR;Centro;-25,31;-49,298;2025-09-25 09:20:00.0;0,00
ALMIRANTE TAMANDARÉ;410040001A;PR;Centro;-25,31;-49,298;2025-09-25 10:20:00.0;0,00
ALMIRANTE TAMANDARÉ;410040001A;PR;Centro;-25,31;-49,298;2025-09-25 11:20:00.0;0,00
ALMIRANTE TAMANDARÉ;410040001A;PR;Centro;-25,31;-49,298;2025-09-25 12:00:00.0;0,79
ALMIRANTE TAMANDARÉ;410040001A;PR;Centro;-25,31;-49,298;2025-09-25 12:10:00.0;0,20
ALMIRANTE TAMANDARÉ;410040001A;PR;Centro;-25,31;-49,298;2025-09-25 13:00:00.0;0,42
ALMIRANTE TAMANDARÉ;410040001A;PR;Centro;-25,31;-49,298;2025-09-25 13:20:00.0;0,00
ALMIRANTE TAMANDARÉ;410040001A;PR;Centro;-25,31;-49,298;2025-09-25 13:30:00.0;0,20
ALMIRANTE TAMANDARÉ;410040001A;PR;Centro;-25,31;-49,298;2025-09-25 13:50:00.0;0,20
ALMIRANTE TAMANDARÉ;410040001A;PR;Centro;-25,31;-49,298;2025-09-25 14:10:00.0;1,18
ALMIRANTE TAMANDARÉ;410040001A;PR;Centro;-25,31;-49,298;2025-09-25 14:20:00.0;0,42
ALMIRANTE TAMANDARÉ;410040001A;PR;Centro;-25,31;-49,298;2025-09-25 15:00:00.0;1,57
ALMIRANTE TAMANDARÉ;410040001A;PR;Centro;-25,31;-49,298;2025-09-25 15:10:00.0;3,15
ALMIRANTE TAMANDARÉ;410040001A;PR;Centro;-25,31;-49,298;2025-09-25 16:10:00.0;0,20
ALMIRANTE TAMANDARÉ;410040001A;PR;Centro;-25,31;-49,298;2025-09-25 16:30:00.0;0,63
ALMIRANTE TAMANDARÉ;410040001A;PR;Centro;-25,31;-49,298;2025-09-25 17:20:00.0;1,18
ALMIRANTE TAMANDARÉ;410040001A;PR;Centro;-25,31;-49,298;2025-09-25 18:20:00.0;0,00
ALMIRANTE TAMANDARÉ;410040001A;PR;Centro;-25,31;-49,298;2025-09-25 19:20:00.0;0,20
ALMIRANTE TAMANDARÉ;410040001A;PR;Centro;-25,31;-49,298;2025-09-25 19:30:00.0;0,00
ALMIRANTE TAMANDARÉ;410040001A;PR;Centro;-25,31;-49,298;2025-09-25 19:50:00.0;0,20
ALMIRANTE TAMANDARÉ;410040001A;PR;Centro;-25,31;-49,298;2025-09-25 20:20:00.0;0,00
ALMIRANTE TAMANDARÉ;410040001A;PR;Centro;-25,31;-49,298;2025-09-25 20:30:00.0;0,20
ALMIRANTE TAMANDARÉ;410040001A;PR;Centro;-25,31;-49,298;2025-09-25 21:20:00.0;0,00
ALMIRANTE TAMANDARÉ;410040001A;PR;Centro;-25,31;-49,298;2025-09-25 22:20:00.0;0,00
ALMIRANTE TAMANDARÉ;410040001A;PR;Centro;-25,31;-49,298;2025-09-25 23:20:00.0;0,00
ALMIRANTE TAMANDARÉ;410040001A;PR;Centro;-25,31;-49,298;2025-09-26 00:20:00.0;0,00
ALMIRANTE TAMANDARÉ;410040001A;PR;Centro;-25,31;-49,298;2025-09-26 00:50:00.0;0,20
ALMIRANTE TAMANDARÉ;410040001A;PR;Centro;-25,31;-49,298;2025-09-26 01:20:00.0;0,00
ALMIRANTE TAMANDARÉ;410040001A;PR;Centro;-25,31;-49,298;2025-09-26 01:50:00.0;0,20
ALMIRANTE TAMANDARÉ;410040001A;PR;Centro;-25,31;-49,298;2025-09-26 02:20:00.0;0,00
ALMIRANTE TAMANDARÉ;410040001A;PR;Centro;-25,31;-49,298;2025-09-26 02:40:00.0;0,20
ALMIRANTE TAMANDARÉ;410040001A;PR;Centro;-25,31;-49,298;2025-09-26 03:20:00.0;0,00
ALMIRANTE TAMANDARÉ;410040001A;PR;Centro;-25,31;-49,298;2025-09-26 04:20:00.0;0,00
ALMIRANTE TAMANDARÉ;410040001A;PR;Centro;-25,31;-49,298;2025-09-26 04:30:00.0;0,20
ALMIRANTE TAMANDARÉ;410040001A;PR;Centro;-25,31;-49,298;2025-09-26 04:50:00.0;0,20
ALMIRANTE TAMANDARÉ;410040001A;PR;Centro;-25,31;-49,298;2025-09-26 05:10:00.0;0,20
ALMIRANTE TAMANDARÉ;410040001A;PR;Centro;-25,31;-49,298;2025-09-26 05:20:00.0;0,00
ALMIRANTE TAMANDARÉ;410040001A;PR;Centro;-25,31;-49,298;2025-09-26 05:30:00.0;0,20
ALMIRANTE TAMANDARÉ;410040001A;PR;Centro;-25,31;-49,298;2025-09-26 05:50:00.0;0,20
ALMIRANTE TAMANDARÉ;410040001A;PR;Centro;-25,31;-49,298;2025-09-26 06:20:00.0;0,00
ALMIRANTE TAMANDARÉ;410040001A;PR;Centro;-25,31;-49,298;2025-09-26 06:40:00.0;0,20
ALMIRANTE TAMANDARÉ;410040001A;PR;Centro;-25,31;-49,298;2025-09-26 06:50:00.0;0,20
ALMIRANTE TAMANDARÉ;410040001A;PR;Centro;-25,31;-49,298;2025-09-26 07:10:00.0;0,20
ALMIRANTE TAMANDARÉ;410040001A;PR;Centro;-25,31;-49,298;2025-09-26 07:20:00.0;0,00
ALMIRANTE TAMANDARÉ;410040001A;PR;Centro;-25,31;-49,298;2025-09-26 07:50:00.0;1,38
ALMIRANTE TAMANDARÉ;410040001A;PR;Centro;-25,31;-49,298;2025-09-26 08:00:00.0;0,41
ALMIRANTE TAMANDARÉ;410040001A;PR;Centro;-25,31;-49,298;2025-09-26 08:10:00.0;0,20
ALMIRANTE TAMANDARÉ;410040001A;PR;Centro;-25,31;-49,298;2025-09-26 08:20:00.0;0,00
ALMIRANTE TAMANDARÉ;410040001A;PR;Centro;-25,31;-49,298;2025-09-26 08:30:00.0;0,20
ALMIRANTE TAMANDARÉ;410040001A;PR;Centro;-25,31;-49,298;2025-09-26 08:50:00.0;0,20
ALMIRANTE TAMANDARÉ;410040001A;PR;Centro;-25,31;-49,298;2025-09-26 09:00:00.0;0,20
ALMIRANTE TAMANDARÉ;410040001A;PR;Centro;-25,31;-49,298;2025-09-26 09:20:00.0;0,00
ALMIRANTE TAMANDARÉ;410040001A;PR;Centro;-25,31;-49,298;2025-09-26 10:20:00.0;0,00
ALMIRANTE TAMANDARÉ;410040001A;PR;Centro;-25,31;-49,298;2025-09-26 11:20:00.0;0,00
ALMIRANTE TAMANDARÉ;410040001A;PR;Centro;-25,31;-49,298;2025-09-26 12:20:00.0;0,00
ALMIRANTE TAMANDARÉ;410040001A;PR;Centro;-25,31;-49,298;2025-09-26 12:40:00.0;0,20
ALMIRANTE TAMANDARÉ;410040001A;PR;Centro;-25,31;-49,298;2025-09-26 14:20:00.0;0,00
ALMIRANTE TAMANDARÉ;410040001A;PR;Centro;-25,31;-49,298;2025-09-26 14:50:00.0;0,20
ALMIRANTE TAMANDARÉ;410040001A;PR;Centro;-25,31;-49,298;2025-09-26 15:50:00.0;0,20
ALMIRANTE TAMANDARÉ;410040001A;PR;Centro;-25,31;-49,298;2025-09-26 16:00:00.0;0,63
ALMIRANTE TAMANDARÉ;410040001A;PR;Centro;-25,31;-49,298;2025-09-26 16:20:00.0;0,00
ALMIRANTE TAMANDARÉ;410040001A;PR;Centro;-25,31;-49,298;2025-09-26 16:40:00.0;0,20
ALMIRANTE TAMANDARÉ;410040001A;PR;Centro;-25,31;-49,298;2025-09-26 16:50:00.0;0,20
ALMIRANTE TAMANDARÉ;410040001A;PR;Centro;-25,31;-49,298;2025-09-26 17:10:00.0;0,20
ALMIRANTE TAMANDARÉ;410040001A;PR;Centro;-25,31;-49,298;2025-09-26 17:50:00.0;0,79
ALMIRANTE TAMANDARÉ;410040001A;PR;Centro;-25,31;-49,298;2025-09-26 18:00:00.0;2,09
ALMIRANTE TAMANDARÉ;410040001A;PR;Centro;-25,31;-49,298;2025-09-26 18:10:00.0;0,20
ALMIRANTE TAMANDARÉ;410040001A;PR;Centro;-25,31;-49,298;2025-09-26 18:30:00.0;0,83
ALMIRANTE TAMANDARÉ;410040001A;PR;Centro;-25,31;-49,298;2025-09-26 19:00:00.0;0,20
ALMIRANTE TAMANDARÉ;410040001A;PR;Centro;-25,31;-49,298;2025-09-26 19:20:00.0;0,84
ALMIRANTE TAMANDARÉ;410040001A;PR;Centro;-25,31;-49,298;2025-09-26 19:50:00.0;0,59
ALMIRANTE TAMANDARÉ;410040001A;PR;Centro;-25,31;-49,298;2025-09-26 20:20:00.0;0,20
ALMIRANTE TAMANDARÉ;410040001A;PR;Centro;-25,31;-49,298;2025-09-26 21:20:00.0;0,00
ALMIRANTE TAMANDARÉ;410040001A;PR;Centro;-25,31;-49,298;2025-09-26 21:50:00.0;0,20
ALMIRANTE TAMANDARÉ;410040001A;PR;Centro;-25,31;-49,298;2025-09-26 22:00:00.0;0,20
ALMIRANTE TAMANDARÉ;410040001A;PR;Centro;-25,31;-49,298;2025-09-26 22:10:00.0;0,63
ALMIRANTE TAMANDARÉ;410040001A;PR;Centro;-25,31;-49,298;2025-09-26 22:20:00.0;0,20
ALMIRANTE TAMANDARÉ;410040001A;PR;Centro;-25,31;-49,298;2025-09-26 22:30:00.0;0,84
ALMIRANTE TAMANDARÉ;410040001A;PR;Centro;-25,31;-49,298;2025-09-26 23:00:00.0;0,42
ALMIRANTE TAMANDARÉ;410040001A;PR;Centro;-25,31;-49,298;2025-09-26 23:20:00.0;1,38
ALMIRANTE TAMANDARÉ;410040001A;PR;Centro;-25,31;-49,298;2025-09-26 23:40:00.0;1,97
ALMIRANTE TAMANDARÉ;410040001A;PR;Centro;-25,31;-49,298;2025-09-26 23:50:00.0;1,60
ALMIRANTE TAMANDARÉ;410040001A;PR;Centro;-25,31;-49,298;2025-09-27 00:00:00.0;1,18
ALMIRANTE TAMANDARÉ;410040001A;PR;Centro;-25,31;-49,298;2025-09-27 00:20:00.0;0,00
ALMIRANTE TAMANDARÉ;410040001A;PR;Centro;-25,31;-49,298;2025-09-27 01:10:00.0;0,20
ALMIRANTE TAMANDARÉ;410040001A;PR;Centro;-25,31;-49,298;2025-09-27 01:50:00.0;0,20
ALMIRANTE TAMANDARÉ;410040001A;PR;Centro;-25,31;-49,298;2025-09-27 02:50:00.0;0,20
ALMIRANTE TAMANDARÉ;410040001A;PR;Centro;-25,31;-49,298;2025-09-27 03:20:00.0;0,00
ALMIRANTE TAMANDARÉ;410040001A;PR;Centro;-25,31;-49,298;2025-09-27 04:00:00.0;0,98
ALMIRANTE TAMANDARÉ;410040001A;PR;Centro;-25,31;-49,298;2025-09-27 04:20:00.0;0,00
ALMIRANTE TAMANDARÉ;410040001A;PR;Centro;-25,31;-49,298;2025-09-27 05:20:00.0;0,00
ALMIRANTE TAMANDARÉ;410040001A;PR;Centro;-25,31;-49,298;2025-09-27 05:30:00.0;0,63
ALMIRANTE TAMANDARÉ;410040001A;PR;Centro;-25,31;-49,298;2025-09-27 05:40:00.0;1,97
ALMIRANTE TAMANDARÉ;410040001A;PR;Centro;-25,31;-49,298;2025-09-27 06:10:00.0;0,20
ALMIRANTE TAMANDARÉ;410040001A;PR;Centro;-25,31;-49,298;2025-09-27 07:20:00.0;0,00
ALMIRANTE TAMANDARÉ;410040001A;PR;Centro;-25,31;-49,298;2025-09-27 08:20:00.0;0,00
ALMIRANTE TAMANDARÉ;410040001A;PR;Centro;-25,31;-49,298;2025-09-27 09:20:00.0;0,00
ALMIRANTE TAMANDARÉ;410040001A;PR;Centro;-25,31;-49,298;2025-09-27 10:00:00.0;0,20
ALMIRANTE TAMANDARÉ;410040001A;PR;Centro;-25,31;-49,298;2025-09-27 10:20:00.0;0,00
ALMIRANTE TAMANDARÉ;410040001A;PR;Centro;-25,31;-49,298;2025-09-27 10:40:00.0;0,42
ALMIRANTE TAMANDARÉ;410040001A;PR;Centro;-25,31;-49,298;2025-09-27 11:20:00.0;0,20
ALMIRANTE TAMANDARÉ;410040001A;PR;Centro;-25,31;-49,298;2025-09-27 12:00:00.0;0,20
ALMIRANTE TAMANDARÉ;410040001A;PR;Centro;-25,31;-49,298;2025-09-27 13:10:00.0;0,20
ALMIRANTE TAMANDARÉ;410040001A;PR;Centro;-25,31;-49,298;2025-09-27 14:00:00.0;3,35
ALMIRANTE TAMANDARÉ;410040001A;PR;Centro;-25,31;-49,298;2025-09-27 14:10:00.0;2,36
ALMIRANTE TAMANDARÉ;410040001A;PR;Centro;-25,31;-49,298;2025-09-27 14:20:00.0;13,22
ALMIRANTE TAMANDARÉ;410040001A;PR;Centro;-25,31;-49,298;2025-09-27 15:00:00.0;0,20
ALMIRANTE TAMANDARÉ;410040001A;PR;Centro;-25,31;-49,298;2025-09-27 16:20:00.0;0,20
ALMIRANTE TAMANDARÉ;410040001A;PR;Centro;-25,31;-49,298;2025-09-27 16:40:00.0;0,20
ALMIRANTE TAMANDARÉ;410040001A;PR;Centro;-25,31;-49,298;2025-09-27 18:10:00.0;0,20
ALMIRANTE TAMANDARÉ;410040001A;PR;Centro;-25,31;-49,298;2025-09-27 19:00:00.0;0,84
ALMIRANTE TAMANDARÉ;410040001A;PR;Centro;-25,31;-49,298;2025-09-27 19:10:00.0;1,26
ALMIRANTE TAMANDARÉ;410040001A;PR;Centro;-25,31;-49,298;2025-09-27 19:20:00.0;0,61
ALMIRANTE TAMANDARÉ;410040001A;PR;Centro;-25,31;-49,298;2025-09-27 19:40:00.0;2,94
ALMIRANTE TAMANDARÉ;410040001A;PR;Centro;-25,31;-49,298;2025-09-27 20:00:00.0;0,20
ALMIRANTE TAMANDARÉ;410040001A;PR;Centro;-25,31;-49,298;2025-09-27 20:20:00.0;0,63
ALMIRANTE TAMANDARÉ;410040001A;PR;Centro;-25,31;-49,298;2025-09-27 21:00:00.0;6,34
ALMIRANTE TAMANDARÉ;410040001A;PR;Centro;-25,31;-49,298;2025-09-27 21:10:00.0;4,92
ALMIRANTE TAMANDARÉ;410040001A;PR;Centro;-25,31;-49,298;2025-09-27 21:20:00.0;0,00
ALMIRANTE TAMANDARÉ;410040001A;PR;Centro;-25,31;-49,298;2025-09-27 21:40:00.0;0,59
ALMIRANTE TAMANDARÉ;410040001A;PR;Centro;-25,31;-49,298;2025-09-27 22:10:00.0;0,59
ALMIRANTE TAMANDARÉ;410040001A;PR;Centro;-25,31;-49,298;2025-09-27 22:20:00.0;2,16
ALMIRANTE TAMANDARÉ;410040001A;PR;Centro;-25,31;-49,298;2025-09-27 22:30:00.0;0,42
ALMIRANTE TAMANDARÉ;410040001A;PR;Centro;-25,31;-49,298;2025-09-27 23:00:00.0;0,20
ALMIRANTE TAMANDARÉ;410040001A;PR;Centro;-25,31;-49,298;2025-09-27 23:20:00.0;0,00
ALMIRANTE TAMANDARÉ;410040001A;PR;Centro;-25,31;-49,298;2025-09-27 23:30:00.0;1,77
ALMIRANTE TAMANDARÉ;410040001A;PR;Centro;-25,31;-49,298;2025-09-28 00:10:00.0;0,20
ALMIRANTE TAMANDARÉ;410040001A;PR;Centro;-25,31;-49,298;2025-09-28 00:20:00.0;1,20
ALMIRANTE TAMANDARÉ;410040001A;PR;Centro;-25,31;-49,298;2025-09-28 00:50:00.0;0,20
ALMIRANTE TAMANDARÉ;410040001A;PR;Centro;-25,31;-49,298;2025-09-28 01:20:00.0;0,00
ALMIRANTE TAMANDARÉ;410040001A;PR;Centro;-25,31;-49,298;2025-09-28 02:00:00.0;0,59
ALMIRANTE TAMANDARÉ;410040001A;PR;Centro;-25,31;-49,298;2025-09-28 02:20:00.0;0,20
ALMIRANTE TAMANDARÉ;410040001A;PR;Centro;-25,31;-49,298;2025-09-28 02:40:00.0;1,37
ALMIRANTE TAMANDARÉ;410040001A;PR;Centro;-25,31;-49,298;2025-09-28 02:50:00.0;0,61
ALMIRANTE TAMANDARÉ;410040001A;PR;Centro;-25,31;-49,298;2025-09-28 03:00:00.0;1,19
ALMIRANTE TAMANDARÉ;410040001A;PR;Centro;-25,31;-49,298;2025-09-28 03:10:00.0;0,59
ALMIRANTE TAMANDARÉ;410040001A;PR;Centro;-25,31;-49,298;2025-09-28 03:20:00.0;0,00
ALMIRANTE TAMANDARÉ;410040001A;PR;Centro;-25,31;-49,298;2025-09-28 03:30:00.0;0,84
ALMIRANTE TAMANDARÉ;410040001A;PR;Centro;-25,31;-49,298;2025-09-28 03:40:00.0;1,18
ALMIRANTE TAMANDARÉ;410040001A;PR;Centro;-25,31;-49,298;2025-09-28 04:00:00.0;0,42
ALMIRANTE TAMANDARÉ;410040001A;PR;Centro;-25,31;-49,298;2025-09-28 04:20:00.0;0,00
ALMIRANTE TAMANDARÉ;410040001A;PR;Centro;-25,31;-49,298;2025-09-28 05:20:00.0;0,59
ALMIRANTE TAMANDARÉ;410040001A;PR;Centro;-25,31;-49,298;2025-09-28 05:30:00.0;0,20
ALMIRANTE TAMANDARÉ;410040001A;PR;Centro;-25,31;-49,298;2025-09-28 05:50:00.0;0,20
ALMIRANTE TAMANDARÉ;410040001A;PR;Centro;-25,31;-49,298;2025-09-28 06:00:00.0;0,20
ALMIRANTE TAMANDARÉ;410040001A;PR;Centro;-25,31;-49,298;2025-09-28 06:20:00.0;1,45
ALMIRANTE TAMANDARÉ;410040001A;PR;Centro;-25,31;-49,298;2025-09-28 06:40:00.0;1,59
ALMIRANTE TAMANDARÉ;410040001A;PR;Centro;-25,31;-49,298;2025-09-28 06:50:00.0;0,20
ALMIRANTE TAMANDARÉ;410040001A;PR;Centro;-25,31;-49,298;2025-09-28 07:00:00.0;0,40
ALMIRANTE TAMANDARÉ;410040001A;PR;Centro;-25,31;-49,298;2025-09-28 07:20:00.0;2,24
ALMIRANTE TAMANDARÉ;410040001A;PR;Centro;-25,31;-49,298;2025-09-28 08:10:00.0;2,18
ALMIRANTE TAMANDARÉ;410040001A;PR;Centro;-25,31;-49,298;2025-09-28 08:20:00.0;1,18
ALMIRANTE TAMANDARÉ;410040001A;PR;Centro;-25,31;-49,298;2025-09-28 08:30:00.0;1,47
ALMIRANTE TAMANDARÉ;410040001A;PR;Centro;-25,31;-49,298;2025-09-28 10:20:00.0;0,00
ALMIRANTE TAMANDARÉ;410040001A;PR;Centro;-25,31;-49,298;2025-09-28 10:30:00.0;0,41
ALMIRANTE TAMANDARÉ;410040001A;PR;Centro;-25,31;-49,298;2025-09-28 11:20:00.0;1,21
ALMIRANTE TAMANDARÉ;410040001A;PR;Centro;-25,31;-49,298;2025-09-28 11:30:00.0;6,38
ALMIRANTE TAMANDARÉ;410040001A;PR;Centro;-25,31;-49,298;2025-09-28 12:00:00.0;1,77
ALMIRANTE TAMANDARÉ;410040001A;PR;Centro;-25,31;-49,298;2025-09-28 12:10:00.0;0,42
ALMIRANTE TAMANDARÉ;410040001A;PR;Centro;-25,31;-49,298;2025-09-28 12:20:00.0;0,00
ALMIRANTE TAMANDARÉ;410040001A;PR;Centro;-25,31;-49,298;2025-09-28 13:20:00.0;0,00
ALMIRANTE TAMANDARÉ;410040001A;PR;Centro;-25,31;-49,298;2025-09-28 14:10:00.0;0,20
ALMIRANTE TAMANDARÉ;410040001A;PR;Centro;-25,31;-49,298;2025-09-28 15:20:00.0;0,00
ALMIRANTE TAMANDARÉ;410040001A;PR;Centro;-25,31;-49,298;2025-09-28 16:00:00.0;0,20
ALMIRANTE TAMANDARÉ;410040001A;PR;Centro;-25,31;-49,298;2025-09-28 16:20:00.0;0,59
ALMIRANTE TAMANDARÉ;410040001A;PR;Centro;-25,31;-49,298;2025-09-28 16:30:00.0;0,98
ALMIRANTE TAMANDARÉ;410040001A;PR;Centro;-25,31;-49,298;2025-09-28 16:40:00.0;0,98
ALMIRANTE TAMANDARÉ;410040001A;PR;Centro;-25,31;-49,298;2025-09-28 16:50:00.0;0,20
ALMIRANTE TAMANDARÉ;410040001A;PR;Centro;-25,31;-49,298;2025-09-28 17:10:00.0;0,20
ALMIRANTE TAMANDARÉ;410040001A;PR;Centro;-25,31;-49,298;2025-09-28 18:10:00.0;0,20
ALMIRANTE TAMANDARÉ;410040001A;PR;Centro;-25,31;-49,298;2025-09-28 18:20:00.0;0,20
ALMIRANTE TAMANDARÉ;410040001A;PR;Centro;-25,31;-49,298;2025-09-28 19:50:00.0;0,42
ALMIRANTE TAMANDARÉ;410040001A;PR;Centro;-25,31;-49,298;2025-09-28 20:20:00.0;0,00
ALMIRANTE TAMANDARÉ;410040001A;PR;Centro;-25,31;-49,298;2025-09-28 21:10:00.0;0,42
ALMIRANTE TAMANDARÉ;410040001A;PR;Centro;-25,31;-49,298;2025-09-28 21:20:00.0;0,79
ALMIRANTE TAMANDARÉ;410040001A;PR;Centro;-25,31;-49,298;2025-09-28 21:40:00.0;5,12
ALMIRANTE TAMANDARÉ;410040001A;PR;Centro;-25,31;-49,298;2025-09-28 21:50:00.0;0,63
ALMIRANTE TAMANDARÉ;410040001A;PR;Centro;-25,31;-49,298;2025-09-28 22:10:00.0;0,98
ALMIRANTE TAMANDARÉ;410040001A;PR;Centro;-25,31;-49,298;2025-09-28 22:20:00.0;0,20
ALMIRANTE TAMANDARÉ;410040001A;PR;Centro;-25,31;-49,298;2025-09-28 22:50:00.0;0,20
ALMIRANTE TAMANDARÉ;410040001A;PR;Centro;-25,31;-49,298;2025-09-29 00:10:00.0;0,61
ALMIRANTE TAMANDARÉ;410040001A;PR;Centro;-25,31;-49,298;2025-09-29 00:20:00.0;1,18
ALMIRANTE TAMANDARÉ;410040001A;PR;Centro;-25,31;-49,298;2025-09-29 02:20:00.0;0,00
ALMIRANTE TAMANDARÉ;410040001A;PR;Centro;-25,31;-49,298;2025-09-29 02:40:00.0;0,20
ALMIRANTE TAMANDARÉ;410040001A;PR;Centro;-25,31;-49,298;2025-09-29 03:50:00.0;1,47
ALMIRANTE TAMANDARÉ;410040001A;PR;Centro;-25,31;-49,298;2025-09-29 04:20:00.0;0,00
ALMIRANTE TAMANDARÉ;410040001A;PR;Centro;-25,31;-49,298;2025-09-29 05:20:00.0;0,00
ALMIRANTE TAMANDARÉ;410040001A;PR;Centro;-25,31;-49,298;2025-09-29 05:50:00.0;3,35
ALMIRANTE TAMANDARÉ;410040001A;PR;Centro;-25,31;-49,298;2025-09-29 06:20:00.0;0,00
ALMIRANTE TAMANDARÉ;410040001A;PR;Centro;-25,31;-49,298;2025-09-29 07:10:00.0;0,20
ALMIRANTE TAMANDARÉ;410040001A;PR;Centro;-25,31;-49,298;2025-09-29 07:20:00.0;0,00
ALMIRANTE TAMANDARÉ;410040001A;PR;Centro;-25,31;-49,298;2025-09-29 08:20:00.0;0,00
ALMIRANTE TAMANDARÉ;410040001A;PR;Centro;-25,31;-49,298;2025-09-29 08:40:00.0;0,39
ALMIRANTE TAMANDARÉ;410040001A;PR;Centro;-25,31;-49,298;2025-09-29 09:20:00.0;0,00
ALMIRANTE TAMANDARÉ;410040001A;PR;Centro;-25,31;-49,298;2025-09-29 09:50:00.0;0,79
ALMIRANTE TAMANDARÉ;410040001A;PR;Centro;-25,31;-49,298;2025-09-29 10:20:00.0;0,00
ALMIRANTE TAMANDARÉ;410040001A;PR;Centro;-25,31;-49,298;2025-09-29 11:20:00.0;1,47
ALMIRANTE TAMANDARÉ;410040001A;PR;Centro;-25,31;-49,298;2025-09-29 12:00:00.0;0,20
ALMIRANTE TAMANDARÉ;410040001A;PR;Centro;-25,31;-49,298;2025-09-29 12:20:00.0;0,00
ALMIRANTE TAMANDARÉ;410040001A;PR;Centro;-25,31;-49,298;2025-09-29 12:40:00.0;0,63
ALMIRANTE TAMANDARÉ;410040001A;PR;Centro;-25,31;-49,298;2025-09-29 12:50:00.0;0,20
ALMIRANTE TAMANDARÉ;410040001A;PR;Centro;-25,31;-49,298;2025-09-29 13:10:00.0;0,20
ALMIRANTE TAMANDARÉ;410040001A;PR;Centro;-25,31;-49,298;2025-09-29 13:50:00.0;0,20
ALMIRANTE TAMANDARÉ;410040001A;PR;Centro;-25,31;-49,298;2025-09-29 15:20:00.0;0,00
ALMIRANTE TAMANDARÉ;410040001A;PR;Centro;-25,31;-49,298;2025-09-29 16:20:00.0;0,00
ALMIRANTE TAMANDARÉ;410040001A;PR;Centro;-25,31;-49,298;2025-09-29 17:20:00.0;0,00
ALMIRANTE TAMANDARÉ;410040001A;PR;Centro;-25,31;-49,298;2025-09-29 18:20:00.0;0,00
ALMIRANTE TAMANDARÉ;410040001A;PR;Centro;-25,31;-49,298;2025-09-29 19:20:00.0;0,00
ALMIRANTE TAMANDARÉ;410040001A;PR;Centro;-25,31;-49,298;2025-09-29 20:20:00.0;0,00
ALMIRANTE TAMANDARÉ;410040001A;PR;Centro;-25,31;-49,298;2025-09-29 21:10:00.0;0,20
ALMIRANTE TAMANDARÉ;410040001A;PR;Centro;-25,31;-49,298;2025-09-29 22:30:00.0;0,42
ALMIRANTE TAMANDARÉ;410040001A;PR;Centro;-25,31;-49,298;2025-09-29 22:40:00.0;0,42
ALMIRANTE TAMANDARÉ;410040001A;PR;Centro;-25,31;-49,298;2025-09-29 22:50:00.0;0,79
ALMIRANTE TAMANDARÉ;410040001A;PR;Centro;-25,31;-49,298;2025-09-30 00:10:00.0;0,20
ALMIRANTE TAMANDARÉ;410040001A;PR;Centro;-25,31;-49,298;2025-09-30 01:00:00.0;1,47
ALMIRANTE TAMANDARÉ;410040001A;PR;Centro;-25,31;-49,298;2025-09-30 01:20:00.0;0,00
ALMIRANTE TAMANDARÉ;410040001A;PR;Centro;-25,31;-49,298;2025-09-30 01:40:00.0;0,20
ALMIRANTE TAMANDARÉ;410040001A;PR;Centro;-25,31;-49,298;2025-09-30 02:50:00.0;0,20
ALMIRANTE TAMANDARÉ;410040001A;PR;Centro;-25,31;-49,298;2025-09-30 03:00:00.0;1,18
ALMIRANTE TAMANDARÉ;410040001A;PR;Centro;-25,31;-49,298;2025-09-30 03:20:00.0;0,00
ALMIRANTE TAMANDARÉ;410040001A;PR;Centro;-25,31;-49,298;2025-09-30 04:00:00.0;0,20
ALMIRANTE TAMANDARÉ;410040001A;PR;Centro;-25,31;-49,298;2025-09-30 04:30:00.0;2,57
ALMIRANTE TAMANDARÉ;410040001A;PR;Centro;-25,31;-49,298;2025-09-30 05:20:00.0;0,00
ALMIRANTE TAMANDARÉ;410040001A;PR;Centro;-25,31;-49,298;2025-09-30 05:30:00.0;0,20
ALMIRANTE TAMANDARÉ;410040001A;PR;Centro;-25,31;-49,298;2025-09-30 06:30:00.0;1,18
ALMIRANTE TAMANDARÉ;410040001A;PR;Centro;-25,31;-49,298;2025-09-30 07:20:00.0;0,00
ALMIRANTE TAMANDARÉ;410040001A;PR;Centro;-25,31;-49,298;2025-09-30 08:20:00.0;0,00
ALMIRANTE TAMANDARÉ;410040001A;PR;Centro;-25,31;-49,298;2025-09-30 08:30:00.0;1,18
ALMIRANTE TAMANDARÉ;410040001A;PR;Centro;-25,31;-49,298;2025-09-30 08:40:00.0;1,38
ALMIRANTE TAMANDARÉ;410040001A;PR;Centro;-25,31;-49,298;2025-09-30 09:00:00.0;0,20
ALMIRANTE TAMANDARÉ;410040001A;PR;Centro;-25,31;-49,298;2025-09-30 10:20:00.0;0,00
ALMIRANTE TAMANDARÉ;410040001A;PR;Centro;-25,31;-49,298;2025-09-30 10:50:00.0;0,20
ALMIRANTE TAMANDARÉ;410040001A;PR;Centro;-25,31;-49,298;2025-09-30 12:10:00.0;1,18
ALMIRANTE TAMANDARÉ;410040001A;PR;Centro;-25,31;-49,298;2025-09-30 12:20:00.0;0,00
ALMIRANTE TAMANDARÉ;410040001A;PR;Centro;-25,31;-49,298;2025-09-30 12:40:00.0;0,63
ALMIRANTE TAMANDARÉ;410040001A;PR;Centro;-25,31;-49,298;2025-09-30 12:50:00.0;3,94
ALMIRANTE TAMANDARÉ;410040001A;PR;Centro;-25,31;-49,298;2025-09-30 13:00:00.0;0,20
ALMIRANTE TAMANDARÉ;410040001A;PR;Centro;-25,31;-49,298;2025-09-30 14:20:00.0;0,00
ALMIRANTE TAMANDARÉ;410040001A;PR;Centro;-25,31;-49,298;2025-09-30 15:20:00.0;0,00
ALMIRANTE TAMANDARÉ;410040001A;PR;Centro;-25,31;-49,298;2025-09-30 16:20:00.0;0,00
ALMIRANTE TAMANDARÉ;410040001A;PR;Centro;-25,31;-49,298;2025-09-30 17:20:00.0;0,00
ALMIRANTE TAMANDARÉ;410040001A;PR;Centro;-25,31;-49,298;2025-09-30 17:50:00.0;0,20
ALMIRANTE TAMANDARÉ;410040001A;PR;Centro;-25,31;-49,298;2025-09-30 19:20:00.0;0,42
ALMIRANTE TAMANDARÉ;410040001A;PR;Centro;-25,31;-49,298;2025-09-30 20:20:00.0;0,00
ALMIRANTE TAMANDARÉ;410040001A;PR;Centro;-25,31;-49,298;2025-09-30 21:20:00.0;0,00
ALMIRANTE TAMANDARÉ;410040001A;PR;Centro;-25,31;-49,298;2025-09-30 22:10:00.0;0,20
ALMIRANTE TAMANDARÉ;410040001A;PR;Centro;-25,31;-49,298;2025-09-30 23:20:00.0;0,42
ALMIRANTE TAMANDARÉ;410040001A;PR;Centro;-25,31;-49,298;2025-09-30 23:40:00.0;2,76
ALMIRANTE TAMANDARÉ;410040001A;PR;Centro;-25,31;-49,298;2025-09-30 23:50:00.0;1,05
ALMIRANTE TAMANDARÉ;410040002A;PR;Jardim Planalto;-25,312;-49,308;2025-09-01 00:20:00.0;0,00
ALMIRANTE TAMANDARÉ;410040002A;PR;Jardim Planalto;-25,312;-49,308;2025-09-01 01:20:00.0;0,00
ALMIRANTE TAMANDARÉ;410040002A;PR;Jardim Planalto;-25,312;-49,308;2025-09-01 02:20:00.0;0,00
ALMIRANTE TAMANDARÉ;410040002A;PR;Jardim Planalto;-25,312;-49,308;2025-09-01 03:20:00.0;0,00
ALMIRANTE TAMANDARÉ;410040002A;PR;Jardim Planalto;-25,312;-49,308;2025-09-01 04:20:00.0;0,00
ALMIRANTE TAMANDARÉ;410040002A;PR;Jardim Planalto;-25,312;-49,308;2025-09-01 05:20:00.0;0,00
ALMIRANTE TAMANDARÉ;410040002A;PR;Jardim Planalto;-25,312;-49,308;2025-09-01 06:20:00.0;0,00
ALMIRANTE TAMANDARÉ;410040002A;PR;Jardim Planalto;-25,312;-49,308;2025-09-01 07:20:00.0;0,00
ALMIRANTE TAMANDARÉ;410040002A;PR;Jardim Planalto;-25,312;-49,308;2025-09-01 08:20:00.0;0,00
ALMIRANTE TAMANDARÉ;410040002A;PR;Jardim Planalto;-25,312;-49,308;2025-09-01 09:20:00.0;0,00
ALMIRANTE TAMANDARÉ;410040002A;PR;Jardim Planalto;-25,312;-49,308;2025-09-01 10:20:00.0;0,00
ALMIRANTE TAMANDARÉ;410040002A;PR;Jardim Planalto;-25,312;-49,308;2025-09-01 11:20:00.0;0,00
ALMIRANTE TAMANDARÉ;410040002A;PR;Jardim Planalto;-25,312;-49,308;2025-09-01 12:20:00.0;0,00
ALMIRANTE TAMANDARÉ;410040002A;PR;Jardim Planalto;-25,312;-49,308;2025-09-01 13:20:00.0;0,00
ALMIRANTE TAMANDARÉ;410040002A;PR;Jardim Planalto;-25,312;-49,308;2025-09-01 14:20:00.0;0,00
ALMIRANTE TAMANDARÉ;410040002A;PR;Jardim Planalto;-25,312;-49,308;2025-09-01 15:20:00.0;0,00
ALMIRANTE TAMANDARÉ;410040002A;PR;Jardim Planalto;-25,312;-49,308;2025-09-01 16:20:00.0;0,00
ALMIRANTE TAMANDARÉ;410040002A;PR;Jardim Planalto;-25,312;-49,308;2025-09-01 17:20:00.0;0,00
ALMIRANTE TAMANDARÉ;410040002A;PR;Jardim Planalto;-25,312;-49,308;2025-09-01 18:20:00.0;0,00
ALMIRANTE TAMANDARÉ;410040002A;PR;Jardim Planalto;-25,312;-49,308;2025-09-01 19:20:00.0;0,00
ALMIRANTE TAMANDARÉ;410040002A;PR;Jardim Planalto;-25,312;-49,308;2025-09-01 20:20:00.0;0,00
ALMIRANTE TAMANDARÉ;410040002A;PR;Jardim Planalto;-25,312;-49,308;2025-09-01 21:20:00.0;0,00
ALMIRANTE TAMANDARÉ;410040002A;PR;Jardim Planalto;-25,312;-49,308;2025-09-01 22:20:00.0;0,00
ALMIRANTE TAMANDARÉ;410040002A;PR;Jardim Planalto;-25,312;-49,308;2025-09-01 23:20:00.0;0,00
ALMIRANTE TAMANDARÉ;410040002A;PR;Jardim Planalto;-25,312;-49,308;2025-09-02 00:20:00.0;0,00
ALMIRANTE TAMANDARÉ;410040002A;PR;Jardim Planalto;-25,312;-49,308;2025-09-02 01:20:00.0;0,00
ALMIRANTE TAMANDARÉ;410040002A;PR;Jardim Planalto;-25,312;-49,308;2025-09-02 02:20:00.0;0,00
ALMIRANTE TAMANDARÉ;410040002A;PR;Jardim Planalto;-25,312;-49,308;2025-09-02 03:20:00.0;0,00
ALMIRANTE TAMANDARÉ;410040002A;PR;Jardim Planalto;-25,312;-49,308;2025-09-02 04:20:00.0;0,00
ALMIRANTE TAMANDARÉ;410040002A;PR;Jardim Planalto;-25,312;-49,308;2025-09-02 05:20:00.0;0,00
ALMIRANTE TAMANDARÉ;410040002A;PR;Jardim Planalto;-25,312;-49,308;2025-09-02 06:20:00.0;0,00
ALMIRANTE TAMANDARÉ;410040002A;PR;Jardim Planalto;-25,312;-49,308;2025-09-02 07:20:00.0;0,00
ALMIRANTE TAMANDARÉ;410040002A;PR;Jardim Planalto;-25,312;-49,308;2025-09-02 08:20:00.0;0,00
ALMIRANTE TAMANDARÉ;410040002A;PR;Jardim Planalto;-25,312;-49,308;2025-09-02 09:20:00.0;0,00
ALMIRANTE TAMANDARÉ;410040002A;PR;Jardim Planalto;-25,312;-49,308;2025-09-02 10:20:00.0;0,00
ALMIRANTE TAMANDARÉ;410040002A;PR;Jardim Planalto;-25,312;-49,308;2025-09-02 11:20:00.0;0,00
ALMIRANTE TAMANDARÉ;410040002A;PR;Jardim Planalto;-25,312;-49,308;2025-09-02 12:20:00.0;0,00
ALMIRANTE TAMANDARÉ;410040002A;PR;Jardim Planalto;-25,312;-49,308;2025-09-02 13:20:00.0;0,00
ALMIRANTE TAMANDARÉ;410040002A;PR;Jardim Planalto;-25,312;-49,308;2025-09-02 14:20:00.0;0,00
ALMIRANTE TAMANDARÉ;410040002A;PR;Jardim Planalto;-25,312;-49,308;2025-09-02 15:20:00.0;0,00
ALMIRANTE TAMANDARÉ;410040002A;PR;Jardim Planalto;-25,312;-49,308;2025-09-02 16:20:00.0;0,00
ALMIRANTE TAMANDARÉ;410040002A;PR;Jardim Planalto;-25,312;-49,308;2025-09-02 17:20:00.0;0,00
ALMIRANTE TAMANDARÉ;410040002A;PR;Jardim Planalto;-25,312;-49,308;2025-09-02 18:20:00.0;0,00
ALMIRANTE TAMANDARÉ;410040002A;PR;Jardim Planalto;-25,312;-49,308;2025-09-02 19:20:00.0;0,00
ALMIRANTE TAMANDARÉ;410040002A;PR;Jardim Planalto;-25,312;-49,308;2025-09-02 20:20:00.0;0,00
ALMIRANTE TAMANDARÉ;410040002A;PR;Jardim Planalto;-25,312;-49,308;2025-09-02 21:20:00.0;0,00
ALMIRANTE TAMANDARÉ;410040002A;PR;Jardim Planalto;-25,312;-49,308;2025-09-02 22:20:00.0;0,00
ALMIRANTE TAMANDARÉ;410040002A;PR;Jardim Planalto;-25,312;-49,308;2025-09-02 23:20:00.0;0,00
ALMIRANTE TAMANDARÉ;410040002A;PR;Jardim Planalto;-25,312;-49,308;2025-09-03 00:20:00.0;0,00
ALMIRANTE TAMANDARÉ;410040002A;PR;Jardim Planalto;-25,312;-49,308;2025-09-03 01:20:00.0;0,00
ALMIRANTE TAMANDARÉ;410040002A;PR;Jardim Planalto;-25,312;-49,308;2025-09-03 02:20:00.0;0,00
ALMIRANTE TAMANDARÉ;410040002A;PR;Jardim Planalto;-25,312;-49,308;2025-09-03 03:20:00.0;0,00
ALMIRANTE TAMANDARÉ;410040002A;PR;Jardim Planalto;-25,312;-49,308;2025-09-03 04:20:00.0;0,00
ALMIRANTE TAMANDARÉ;410040002A;PR;Jardim Planalto;-25,312;-49,308;2025-09-03 05:20:00.0;0,00
ALMIRANTE TAMANDARÉ;410040002A;PR;Jardim Planalto;-25,312;-49,308;2025-09-03 06:20:00.0;0,00
ALMIRANTE TAMANDARÉ;410040002A;PR;Jardim Planalto;-25,312;-49,308;2025-09-03 07:20:00.0;0,00
ALMIRANTE TAMANDARÉ;410040002A;PR;Jardim Planalto;-25,312;-49,308;2025-09-03 08:20:00.0;0,00
ALMIRANTE TAMANDARÉ;410040002A;PR;Jardim Planalto;-25,312;-49,308;2025-09-03 09:20:00.0;0,00
ALMIRANTE TAMANDARÉ;410040002A;PR;Jardim Planalto;-25,312;-49,308;2025-09-03 10:20:00.0;0,00
ALMIRANTE TAMANDARÉ;410040002A;PR;Jardim Planalto;-25,312;-49,308;2025-09-03 11:20:00.0;0,00
ALMIRANTE TAMANDARÉ;410040002A;PR;Jardim Planalto;-25,312;-49,308;2025-09-03 12:20:00.0;0,00
ALMIRANTE TAMANDARÉ;410040002A;PR;Jardim Planalto;-25,312;-49,308;2025-09-03 13:20:00.0;0,00
ALMIRANTE TAMANDARÉ;410040002A;PR;Jardim Planalto;-25,312;-49,308;2025-09-03 14:20:00.0;0,00
ALMIRANTE TAMANDARÉ;410040002A;PR;Jardim Planalto;-25,312;-49,308;2025-09-03 15:20:00.0;0,00
ALMIRANTE TAMANDARÉ;410040002A;PR;Jardim Planalto;-25,312;-49,308;2025-09-03 16:20:00.0;0,00
ALMIRANTE TAMANDARÉ;410040002A;PR;Jardim Planalto;-25,312;-49,308;2025-09-03 17:20:00.0;0,00
ALMIRANTE TAMANDARÉ;410040002A;PR;Jardim Planalto;-25,312;-49,308;2025-09-03 18:20:00.0;0,00
ALMIRANTE TAMANDARÉ;410040002A;PR;Jardim Planalto;-25,312;-49,308;2025-09-03 19:20:00.0;0,00
ALMIRANTE TAMANDARÉ;410040002A;PR;Jardim Planalto;-25,312;-49,308;2025-09-03 20:20:00.0;0,00
ALMIRANTE TAMANDARÉ;410040002A;PR;Jardim Planalto;-25,312;-49,308;2025-09-03 21:20:00.0;0,00
ALMIRANTE TAMANDARÉ;410040002A;PR;Jardim Planalto;-25,312;-49,308;2025-09-03 22:20:00.0;0,00
ALMIRANTE TAMANDARÉ;410040002A;PR;Jardim Planalto;-25,312;-49,308;2025-09-03 23:20:00.0;0,00
ALMIRANTE TAMANDARÉ;410040002A;PR;Jardim Planalto;-25,312;-49,308;2025-09-04 00:20:00.0;0,00
ALMIRANTE TAMANDARÉ;410040002A;PR;Jardim Planalto;-25,312;-49,308;2025-09-04 01:20:00.0;0,00
ALMIRANTE TAMANDARÉ;410040002A;PR;Jardim Planalto;-25,312;-49,308;2025-09-04 02:20:00.0;0,00
ALMIRANTE TAMANDARÉ;410040002A;PR;Jardim Planalto;-25,312;-49,308;2025-09-04 03:20:00.0;0,00
ALMIRANTE TAMANDARÉ;410040002A;PR;Jardim Planalto;-25,312;-49,308;2025-09-04 04:20:00.0;0,00
ALMIRANTE TAMANDARÉ;410040002A;PR;Jardim Planalto;-25,312;-49,308;2025-09-04 05:20:00.0;0,00
ALMIRANTE TAMANDARÉ;410040002A;PR;Jardim Planalto;-25,312;-49,308;2025-09-04 06:20:00.0;0,00
ALMIRANTE TAMANDARÉ;410040002A;PR;Jardim Planalto;-25,312;-49,308;2025-09-04 07:20:00.0;0,00
ALMIRANTE TAMANDARÉ;410040002A;PR;Jardim Planalto;-25,312;-49,308;2025-09-04 08:20:00.0;0,00
ALMIRANTE TAMANDARÉ;410040002A;PR;Jardim Planalto;-25,312;-49,308;2025-09-04 09:20:00.0;0,00
ALMIRANTE TAMANDARÉ;410040002A;PR;Jardim Planalto;-25,312;-49,308;2025-09-04 10:20:00.0;0,00
ALMIRANTE TAMANDARÉ;410040002A;PR;Jardim Planalto;-25,312;-49,308;2025-09-04 11:20:00.0;0,00
ALMIRANTE TAMANDARÉ;410040002A;PR;Jardim Planalto;-25,312;-49,308;2025-09-04 12:20:00.0;0,00
ALMIRANTE TAMANDARÉ;410040002A;PR;Jardim Planalto;-25,312;-49,308;2025-09-04 13:20:00.0;0,00
ALMIRANTE TAMANDARÉ;410040002A;PR;Jardim Planalto;-25,312;-49,308;2025-09-04 14:20:00.0;0,00
ALMIRANTE TAMANDARÉ;410040002A;PR;Jardim Planalto;-25,312;-49,308;2025-09-04 15:20:00.0;0,00
ALMIRANTE TAMANDARÉ;410040002A;PR;Jardim Planalto;-25,312;-49,308;2025-09-04 16:20:00.0;0,00
ALMIRANTE TAMANDARÉ;410040002A;PR;Jardim Planalto;-25,312;-49,308;2025-09-04 17:20:00.0;0,00
ALMIRANTE TAMANDARÉ;410040002A;PR;Jardim Planalto;-25,312;-49,308;2025-09-04 18:20:00.0;0,00
ALMIRANTE TAMANDARÉ;410040002A;PR;Jardim Planalto;-25,312;-49,308;2025-09-04 19:20:00.0;0,00
ALMIRANTE TAMANDARÉ;410040002A;PR;Jardim Planalto;-25,312;-49,308;2025-09-04 20:20:00.0;0,00
ALMIRANTE TAMANDARÉ;410040002A;PR;Jardim Planalto;-25,312;-49,308;2025-09-04 21:20:00.0;0,00
ALMIRANTE TAMANDARÉ;410040002A;PR;Jardim Planalto;-25,312;-49,308;2025-09-04 22:20:00.0;0,00
ALMIRANTE TAMANDARÉ;410040002A;PR;Jardim Planalto;-25,312;-49,308;2025-09-04 23:20:00.0;0,00
ALMIRANTE TAMANDARÉ;410040002A;PR;Jardim Planalto;-25,312;-49,308;2025-09-05 00:20:00.0;0,00
ALMIRANTE TAMANDARÉ;410040002A;PR;Jardim Planalto;-25,312;-49,308;2025-09-05 01:20:00.0;0,00
ALMIRANTE TAMANDARÉ;410040002A;PR;Jardim Planalto;-25,312;-49,308;2025-09-05 02:20:00.0;0,00
ALMIRANTE TAMANDARÉ;410040002A;PR;Jardim Planalto;-25,312;-49,308;2025-09-05 03:20:00.0;0,00
ALMIRANTE TAMANDARÉ;410040002A;PR;Jardim Planalto;-25,312;-49,308;2025-09-05 04:20:00.0;0,00
ALMIRANTE TAMANDARÉ;410040002A;PR;Jardim Planalto;-25,312;-49,308;2025-09-05 05:20:00.0;0,00
ALMIRANTE TAMANDARÉ;410040002A;PR;Jardim Planalto;-25,312;-49,308;2025-09-05 06:20:00.0;0,00
ALMIRANTE TAMANDARÉ;410040002A;PR;Jardim Planalto;-25,312;-49,308;2025-09-05 07:20:00.0;0,00
ALMIRANTE TAMANDARÉ;410040002A;PR;Jardim Planalto;-25,312;-49,308;2025-09-05 08:20:00.0;0,00
ALMIRANTE TAMANDARÉ;410040002A;PR;Jardim Planalto;-25,312;-49,308;2025-09-05 09:20:00.0;0,00
ALMIRANTE TAMANDARÉ;410040002A;PR;Jardim Planalto;-25,312;-49,308;2025-09-05 10:20:00.0;0,00
ALMIRANTE TAMANDARÉ;410040002A;PR;Jardim Planalto;-25,312;-49,308;2025-09-05 11:20:00.0;0,00
ALMIRANTE TAMANDARÉ;410040002A;PR;Jardim Planalto;-25,312;-49,308;2025-09-05 12:20:00.0;0,00
ALMIRANTE TAMANDARÉ;410040002A;PR;Jardim Planalto;-25,312;-49,308;2025-09-05 13:20:00.0;0,00
ALMIRANTE TAMANDARÉ;410040002A;PR;Jardim Planalto;-25,312;-49,308;2025-09-05 14:20:00.0;0,00
ALMIRANTE TAMANDARÉ;410040002A;PR;Jardim Planalto;-25,312;-49,308;2025-09-05 15:20:00.0;0,00
ALMIRANTE TAMANDARÉ;410040002A;PR;Jardim Planalto;-25,312;-49,308;2025-09-05 16:20:00.0;0,00
ALMIRANTE TAMANDARÉ;410040002A;PR;Jardim Planalto;-25,312;-49,308;2025-09-05 17:20:00.0;0,00
ALMIRANTE TAMANDARÉ;410040002A;PR;Jardim Planalto;-25,312;-49,308;2025-09-05 18:20:00.0;0,00
ALMIRANTE TAMANDARÉ;410040002A;PR;Jardim Planalto;-25,312;-49,308;2025-09-05 19:20:00.0;0,00
ALMIRANTE TAMANDARÉ;410040002A;PR;Jardim Planalto;-25,312;-49,308;2025-09-05 20:20:00.0;0,00
ALMIRANTE TAMANDARÉ;410040002A;PR;Jardim Planalto;-25,312;-49,308;2025-09-05 21:20:00.0;0,00
ALMIRANTE TAMANDARÉ;410040002A;PR;Jardim Planalto;-25,312;-49,308;2025-09-05 22:20:00.0;0,00
ALMIRANTE TAMANDARÉ;410040002A;PR;Jardim Planalto;-25,312;-49,308;2025-09-05 23:20:00.0;0,00
ALMIRANTE TAMANDARÉ;410040002A;PR;Jardim Planalto;-25,312;-49,308;2025-09-06 00:20:00.0;0,00
ALMIRANTE TAMANDARÉ;410040002A;PR;Jardim Planalto;-25,312;-49,308;2025-09-06 00:50:00.0;0,42
ALMIRANTE TAMANDARÉ;410040002A;PR;Jardim Planalto;-25,312;-49,308;2025-09-06 01:00:00.0;0,59
ALMIRANTE TAMANDARÉ;410040002A;PR;Jardim Planalto;-25,312;-49,308;2025-09-06 01:10:00.0;0,39
ALMIRANTE TAMANDARÉ;410040002A;PR;Jardim Planalto;-25,312;-49,308;2025-09-06 01:30:00.0;0,00
ALMIRANTE TAMANDARÉ;410040002A;PR;Jardim Planalto;-25,312;-49,308;2025-09-06 02:20:00.0;0,00
ALMIRANTE TAMANDARÉ;410040002A;PR;Jardim Planalto;-25,312;-49,308;2025-09-06 03:20:00.0;0,00
ALMIRANTE TAMANDARÉ;410040002A;PR;Jardim Planalto;-25,312;-49,308;2025-09-06 04:20:00.0;0,00
ALMIRANTE TAMANDARÉ;410040002A;PR;Jardim Planalto;-25,312;-49,308;2025-09-06 05:20:00.0;0,00
ALMIRANTE TAMANDARÉ;410040002A;PR;Jardim Planalto;-25,312;-49,308;2025-09-06 06:20:00.0;0,00
ALMIRANTE TAMANDARÉ;410040002A;PR;Jardim Planalto;-25,312;-49,308;2025-09-06 07:20:00.0;0,00
ALMIRANTE TAMANDARÉ;410040002A;PR;Jardim Planalto;-25,312;-49,308;2025-09-06 08:20:00.0;0,00
ALMIRANTE TAMANDARÉ;410040002A;PR;Jardim Planalto;-25,312;-49,308;2025-09-06 09:20:00.0;0,00
ALMIRANTE TAMANDARÉ;410040002A;PR;Jardim Planalto;-25,312;-49,308;2025-09-06 10:20:00.0;0,00
ALMIRANTE TAMANDARÉ;410040002A;PR;Jardim Planalto;-25,312;-49,308;2025-09-06 11:20:00.0;0,00
ALMIRANTE TAMANDARÉ;410040002A;PR;Jardim Planalto;-25,312;-49,308;2025-09-06 12:20:00.0;0,00
ALMIRANTE TAMANDARÉ;410040002A;PR;Jardim Planalto;-25,312;-49,308;2025-09-06 13:20:00.0;0,00
ALMIRANTE TAMANDARÉ;410040002A;PR;Jardim Planalto;-25,312;-49,308;2025-09-06 14:20:00.0;0,00
ALMIRANTE TAMANDARÉ;410040002A;PR;Jardim Planalto;-25,312;-49,308;2025-09-06 15:20:00.0;0,00
ALMIRANTE TAMANDARÉ;410040002A;PR;Jardim Planalto;-25,312;-49,308;2025-09-06 16:20:00.0;0,00
ALMIRANTE TAMANDARÉ;410040002A;PR;Jardim Planalto;-25,312;-49,308;2025-09-06 17:20:00.0;0,00
ALMIRANTE TAMANDARÉ;410040002A;PR;Jardim Planalto;-25,312;-49,308;2025-09-06 18:20:00.0;0,00
ALMIRANTE TAMANDARÉ;410040002A;PR;Jardim Planalto;-25,312;-49,308;2025-09-06 19:20:00.0;0,00
ALMIRANTE TAMANDARÉ;410040002A;PR;Jardim Planalto;-25,312;-49,308;2025-09-06 20:20:00.0;0,00
ALMIRANTE TAMANDARÉ;410040002A;PR;Jardim Planalto;-25,312;-49,308;2025-09-06 21:20:00.0;0,00
ALMIRANTE TAMANDARÉ;410040002A;PR;Jardim Planalto;-25,312;-49,308;2025-09-06 22:20:00.0;0,00
ALMIRANTE TAMANDARÉ;410040002A;PR;Jardim Planalto;-25,312;-49,308;2025-09-06 23:20:00.0;0,00
ALMIRANTE TAMANDARÉ;410040002A;PR;Jardim Planalto;-25,312;-49,308;2025-09-06 23:50:00.0;0,20
ALMIRANTE TAMANDARÉ;410040002A;PR;Jardim Planalto;-25,312;-49,308;2025-09-07 00:20:00.0;0,00
ALMIRANTE TAMANDARÉ;410040002A;PR;Jardim Planalto;-25,312;-49,308;2025-09-07 01:20:00.0;0,00
ALMIRANTE TAMANDARÉ;410040002A;PR;Jardim Planalto;-25,312;-49,308;2025-09-07 02:20:00.0;0,00
ALMIRANTE TAMANDARÉ;410040002A;PR;Jardim Planalto;-25,312;-49,308;2025-09-07 03:20:00.0;0,00
ALMIRANTE TAMANDARÉ;410040002A;PR;Jardim Planalto;-25,312;-49,308;2025-09-07 04:20:00.0;0,00
ALMIRANTE TAMANDARÉ;410040002A;PR;Jardim Planalto;-25,312;-49,308;2025-09-07 05:20:00.0;0,00
ALMIRANTE TAMANDARÉ;410040002A;PR;Jardim Planalto;-25,312;-49,308;2025-09-07 06:20:00.0;0,00
ALMIRANTE TAMANDARÉ;410040002A;PR;Jardim Planalto;-25,312;-49,308;2025-09-07 07:20:00.0;0,00
ALMIRANTE TAMANDARÉ;410040002A;PR;Jardim Planalto;-25,312;-49,308;2025-09-07 08:20:00.0;0,00
ALMIRANTE TAMANDARÉ;410040002A;PR;Jardim Planalto;-25,312;-49,308;2025-09-07 09:20:00.0;0,00
ALMIRANTE TAMANDARÉ;410040002A;PR;Jardim Planalto;-25,312;-49,308;2025-09-07 10:20:00.0;0,00
ALMIRANTE TAMANDARÉ;410040002A;PR;Jardim Planalto;-25,312;-49,308;2025-09-07 11:20:00.0;0,00
ALMIRANTE TAMANDARÉ;410040002A;PR;Jardim Planalto;-25,312;-49,308;2025-09-07 12:20:00.0;0,00
ALMIRANTE TAMANDARÉ;410040002A;PR;Jardim Planalto;-25,312;-49,308;2025-09-07 13:20:00.0;0,00
ALMIRANTE TAMANDARÉ;410040002A;PR;Jardim Planalto;-25,312;-49,308;2025-09-07 14:20:00.0;0,00
ALMIRANTE TAMANDARÉ;410040002A;PR;Jardim Planalto;-25,312;-49,308;2025-09-07 15:20:00.0;0,00
ALMIRANTE TAMANDARÉ;410040002A;PR;Jardim Planalto;-25,312;-49,308;2025-09-07 16:20:00.0;0,00
ALMIRANTE TAMANDARÉ;410040002A;PR;Jardim Planalto;-25,312;-49,308;2025-09-07 17:20:00.0;0,00
ALMIRANTE TAMANDARÉ;410040002A;PR;Jardim Planalto;-25,312;-49,308;2025-09-07 18:20:00.0;0,00
ALMIRANTE TAMANDARÉ;410040002A;PR;Jardim Planalto;-25,312;-49,308;2025-09-07 19:20:00.0;0,00
ALMIRANTE TAMANDARÉ;410040002A;PR;Jardim Planalto;-25,312;-49,308;2025-09-07 20:20:00.0;0,00
ALMIRANTE TAMANDARÉ;410040002A;PR;Jardim Planalto;-25,312;-49,308;2025-09-07 21:20:00.0;0,00
ALMIRANTE TAMANDARÉ;410040002A;PR;Jardim Planalto;-25,312;-49,308;2025-09-07 22:20:00.0;0,00
ALMIRANTE TAMANDARÉ;410040002A;PR;Jardim Planalto;-25,312;-49,308;2025-09-07 23:20:00.0;0,00
ALMIRANTE TAMANDARÉ;410040002A;PR;Jardim Planalto;-25,312;-49,308;2025-09-08 00:20:00.0;0,00
ALMIRANTE TAMANDARÉ;410040002A;PR;Jardim Planalto;-25,312;-49,308;2025-09-08 01:20:00.0;0,00
ALMIRANTE TAMANDARÉ;410040002A;PR;Jardim Planalto;-25,312;-49,308;2025-09-08 02:20:00.0;0,00
ALMIRANTE TAMANDARÉ;410040002A;PR;Jardim Planalto;-25,312;-49,308;2025-09-08 03:20:00.0;0,00
ALMIRANTE TAMANDARÉ;410040002A;PR;Jardim Planalto;-25,312;-49,308;2025-09-08 04:20:00.0;0,00
ALMIRANTE TAMANDARÉ;410040002A;PR;Jardim Planalto;-25,312;-49,308;2025-09-08 05:20:00.0;0,00
ALMIRANTE TAMANDARÉ;410040002A;PR;Jardim Planalto;-25,312;-49,308;2025-09-08 06:20:00.0;0,00
ALMIRANTE TAMANDARÉ;410040002A;PR;Jardim Planalto;-25,312;-49,308;2025-09-08 07:20:00.0;0,00
ALMIRANTE TAMANDARÉ;410040002A;PR;Jardim Planalto;-25,312;-49,308;2025-09-08 08:20:00.0;0,00
ALMIRANTE TAMANDARÉ;410040002A;PR;Jardim Planalto;-25,312;-49,308;2025-09-08 09:20:00.0;0,00
ALMIRANTE TAMANDARÉ;410040002A;PR;Jardim Planalto;-25,312;-49,308;2025-09-08 10:20:00.0;0,00
ALMIRANTE TAMANDARÉ;410040002A;PR;Jardim Planalto;-25,312;-49,308;2025-09-08 11:20:00.0;0,00
ALMIRANTE TAMANDARÉ;410040002A;PR;Jardim Planalto;-25,312;-49,308;2025-09-08 12:20:00.0;0,00
ALMIRANTE TAMANDARÉ;410040002A;PR;Jardim Planalto;-25,312;-49,308;2025-09-08 13:20:00.0;0,00
ALMIRANTE TAMANDARÉ;410040002A;PR;Jardim Planalto;-25,312;-49,308;2025-09-08 14:20:00.0;0,00
ALMIRANTE TAMANDARÉ;410040002A;PR;Jardim Planalto;-25,312;-49,308;2025-09-08 15:20:00.0;0,00
ALMIRANTE TAMANDARÉ;410040002A;PR;Jardim Planalto;-25,312;-49,308;2025-09-08 16:20:00.0;0,00
ALMIRANTE TAMANDARÉ;410040002A;PR;Jardim Planalto;-25,312;-49,308;2025-09-08 17:20:00.0;0,00
ALMIRANTE TAMANDARÉ;410040002A;PR;Jardim Planalto;-25,312;-49,308;2025-09-08 18:20:00.0;0,00
ALMIRANTE TAMANDARÉ;410040002A;PR;Jardim Planalto;-25,312;-49,308;2025-09-08 19:20:00.0;0,00
ALMIRANTE TAMANDARÉ;410040002A;PR;Jardim Planalto;-25,312;-49,308;2025-09-08 20:20:00.0;0,00
ALMIRANTE TAMANDARÉ;410040002A;PR;Jardim Planalto;-25,312;-49,308;2025-09-08 21:20:00.0;0,00
ALMIRANTE TAMANDARÉ;410040002A;PR;Jardim Planalto;-25,312;-49,308;2025-09-08 22:20:00.0;0,00
ALMIRANTE TAMANDARÉ;410040002A;PR;Jardim Planalto;-25,312;-49,308;2025-09-08 23:20:00.0;0,00
ALMIRANTE TAMANDARÉ;410040002A;PR;Jardim Planalto;-25,312;-49,308;2025-09-09 00:20:00.0;0,00
ALMIRANTE TAMANDARÉ;410040002A;PR;Jardim Planalto;-25,312;-49,308;2025-09-09 01:20:00.0;0,00
ALMIRANTE TAMANDARÉ;410040002A;PR;Jardim Planalto;-25,312;-49,308;2025-09-09 02:20:00.0;0,00
ALMIRANTE TAMANDARÉ;410040002A;PR;Jardim Planalto;-25,312;-49,308;2025-09-09 03:20:00.0;0,00
ALMIRANTE TAMANDARÉ;410040002A;PR;Jardim Planalto;-25,312;-49,308;2025-09-09 04:20:00.0;0,00
ALMIRANTE TAMANDARÉ;410040002A;PR;Jardim Planalto;-25,312;-49,308;2025-09-09 05:20:00.0;0,00
ALMIRANTE TAMANDARÉ;410040002A;PR;Jardim Planalto;-25,312;-49,308;2025-09-09 06:20:00.0;0,00
ALMIRANTE TAMANDARÉ;410040002A;PR;Jardim Planalto;-25,312;-49,308;2025-09-09 07:20:00.0;0,00
ALMIRANTE TAMANDARÉ;410040002A;PR;Jardim Planalto;-25,312;-49,308;2025-09-09 08:20:00.0;0,00
ALMIRANTE TAMANDARÉ;410040002A;PR;Jardim Planalto;-25,312;-49,308;2025-09-09 09:20:00.0;0,00
ALMIRANTE TAMANDARÉ;410040002A;PR;Jardim Planalto;-25,312;-49,308;2025-09-09 09:40:00.0;0,20
ALMIRANTE TAMANDARÉ;410040002A;PR;Jardim Planalto;-25,312;-49,308;2025-09-09 09:50:00.0;0,59
ALMIRANTE TAMANDARÉ;410040002A;PR;Jardim Planalto;-25,312;-49,308;2025-09-09 10:00:00.0;0,39
ALMIRANTE TAMANDARÉ;410040002A;PR;Jardim Planalto;-25,312;-49,308;2025-09-09 10:10:00.0;0,79
ALMIRANTE TAMANDARÉ;410040002A;PR;Jardim Planalto;-25,312;-49,308;2025-09-09 10:20:00.0;1,18
ALMIRANTE TAMANDARÉ;410040002A;PR;Jardim Planalto;-25,312;-49,308;2025-09-09 10:30:00.0;0,40
ALMIRANTE TAMANDARÉ;410040002A;PR;Jardim Planalto;-25,312;-49,308;2025-09-09 10:40:00.0;0,20
ALMIRANTE TAMANDARÉ;410040002A;PR;Jardim Planalto;-25,312;-49,308;2025-09-09 10:50:00.0;0,20
ALMIRANTE TAMANDARÉ;410040002A;PR;Jardim Planalto;-25,312;-49,308;2025-09-09 11:10:00.0;0,20
ALMIRANTE TAMANDARÉ;410040002A;PR;Jardim Planalto;-25,312;-49,308;2025-09-09 11:20:00.0;0,39
ALMIRANTE TAMANDARÉ;410040002A;PR;Jardim Planalto;-25,312;-49,308;2025-09-09 12:20:00.0;0,00
ALMIRANTE TAMANDARÉ;410040002A;PR;Jardim Planalto;-25,312;-49,308;2025-09-09 13:20:00.0;0,00
ALMIRANTE TAMANDARÉ;410040002A;PR;Jardim Planalto;-25,312;-49,308;2025-09-09 14:20:00.0;0,00
ALMIRANTE TAMANDARÉ;410040002A;PR;Jardim Planalto;-25,312;-49,308;2025-09-09 15:20:00.0;0,00
ALMIRANTE TAMANDARÉ;410040002A;PR;Jardim Planalto;-25,312;-49,308;2025-09-09 16:20:00.0;0,00
ALMIRANTE TAMANDARÉ;410040002A;PR;Jardim Planalto;-25,312;-49,308;2025-09-09 17:20:00.0;0,00
ALMIRANTE TAMANDARÉ;410040002A;PR;Jardim Planalto;-25,312;-49,308;2025-09-09 18:20:00.0;0,00
ALMIRANTE TAMANDARÉ;410040002A;PR;Jardim Planalto;-25,312;-49,308;2025-09-09 19:20:00.0;0,00
ALMIRANTE TAMANDARÉ;410040002A;PR;Jardim Planalto;-25,312;-49,308;2025-09-09 20:20:00.0;0,00
ALMIRANTE TAMANDARÉ;410040002A;PR;Jardim Planalto;-25,312;-49,308;2025-09-09 21:20:00.0;0,00
ALMIRANTE TAMANDARÉ;410040002A;PR;Jardim Planalto;-25,312;-49,308;2025-09-09 22:20:00.0;0,00
ALMIRANTE TAMANDARÉ;410040002A;PR;Jardim Planalto;-25,312;-49,308;2025-09-09 23:20:00.0;0,00
ALMIRANTE TAMANDARÉ;410040002A;PR;Jardim Planalto;-25,312;-49,308;2025-09-10 00:20:00.0;0,00
ALMIRANTE TAMANDARÉ;410040002A;PR;Jardim Planalto;-25,312;-49,308;2025-09-10 01:20:00.0;0,00
ALMIRANTE TAMANDARÉ;410040002A;PR;Jardim Planalto;-25,312;-49,308;2025-09-10 02:20:00.0;0,00
ALMIRANTE TAMANDARÉ;410040002A;PR;Jardim Planalto;-25,312;-49,308;2025-09-10 03:20:00.0;0,00
ALMIRANTE TAMANDARÉ;410040002A;PR;Jardim Planalto;-25,312;-49,308;2025-09-10 04:20:00.0;0,00
ALMIRANTE TAMANDARÉ;410040002A;PR;Jardim Planalto;-25,312;-49,308;2025-09-10 05:20:00.0;0,00
ALMIRANTE TAMANDARÉ;410040002A;PR;Jardim Planalto;-25,312;-49,308;2025-09-10 06:20:00.0;0,00
ALMIRANTE TAMANDARÉ;410040002A;PR;Jardim Planalto;-25,312;-49,308;2025-09-10 07:20:00.0;0,00
ALMIRANTE TAMANDARÉ;410040002A;PR;Jardim Planalto;-25,312;-49,308;2025-09-10 08:20:00.0;0,00
ALMIRANTE TAMANDARÉ;410040002A;PR;Jardim Planalto;-25,312;-49,308;2025-09-10 09:20:00.0;0,00
ALMIRANTE TAMANDARÉ;410040002A;PR;Jardim Planalto;-25,312;-49,308;2025-09-10 10:20:00.0;0,00
ALMIRANTE TAMANDARÉ;410040002A;PR;Jardim Planalto;-25,312;-49,308;2025-09-10 11:20:00.0;0,00
ALMIRANTE TAMANDARÉ;410040002A;PR;Jardim Planalto;-25,312;-49,308;2025-09-10 12:20:00.0;0,00
ALMIRANTE TAMANDARÉ;410040002A;PR;Jardim Planalto;-25,312;-49,308;2025-09-10 13:20:00.0;0,00
ALMIRANTE TAMANDARÉ;410040002A;PR;Jardim Planalto;-25,312;-49,308;2025-09-10 14:20:00.0;0,00
ALMIRANTE TAMANDARÉ;410040002A;PR;Jardim Planalto;-25,312;-49,308;2025-09-10 15:20:00.0;0,00
ALMIRANTE TAMANDARÉ;410040002A;PR;Jardim Planalto;-25,312;-49,308;2025-09-10 16:20:00.0;0,00
ALMIRANTE TAMANDARÉ;410040002A;PR;Jardim Planalto;-25,312;-49,308;2025-09-10 17:20:00.0;0,00
ALMIRANTE TAMANDARÉ;410040002A;PR;Jardim Planalto;-25,312;-49,308;2025-09-10 18:20:00.0;0,00
ALMIRANTE TAMANDARÉ;410040002A;PR;Jardim Planalto;-25,312;-49,308;2025-09-10 19:20:00.0;0,00
ALMIRANTE TAMANDARÉ;410040002A;PR;Jardim Planalto;-25,312;-49,308;2025-09-10 20:20:00.0;0,00
ALMIRANTE TAMANDARÉ;410040002A;PR;Jardim Planalto;-25,312;-49,308;2025-09-10 21:20:00.0;0,00
ALMIRANTE TAMANDARÉ;410040002A;PR;Jardim Planalto;-25,312;-49,308;2025-09-10 22:20:00.0;0,00
ALMIRANTE TAMANDARÉ;410040002A;PR;Jardim Planalto;-25,312;-49,308;2025-09-10 23:20:00.0;0,00
ALMIRANTE TAMANDARÉ;410040002A;PR;Jardim Planalto;-25,312;-49,308;2025-09-11 00:20:00.0;0,00
ALMIRANTE TAMANDARÉ;410040002A;PR;Jardim Planalto;-25,312;-49,308;2025-09-11 01:20:00.0;0,00
ALMIRANTE TAMANDARÉ;410040002A;PR;Jardim Planalto;-25,312;-49,308;2025-09-11 02:20:00.0;0,00
ALMIRANTE TAMANDARÉ;410040002A;PR;Jardim Planalto;-25,312;-49,308;2025-09-11 03:20:00.0;0,00
ALMIRANTE TAMANDARÉ;410040002A;PR;Jardim Planalto;-25,312;-49,308;2025-09-11 04:20:00.0;0,00
ALMIRANTE TAMANDARÉ;410040002A;PR;Jardim Planalto;-25,312;-49,308;2025-09-11 05:20:00.0;0,00
ALMIRANTE TAMANDARÉ;410040002A;PR;Jardim Planalto;-25,312;-49,308;2025-09-11 06:20:00.0;0,00
ALMIRANTE TAMANDARÉ;410040002A;PR;Jardim Planalto;-25,312;-49,308;2025-09-11 07:20:00.0;0,00
ALMIRANTE TAMANDARÉ;410040002A;PR;Jardim Planalto;-25,312;-49,308;2025-09-11 08:20:00.0;0,00
ALMIRANTE TAMANDARÉ;410040002A;PR;Jardim Planalto;-25,312;-49,308;2025-09-11 09:20:00.0;0,00
ALMIRANTE TAMANDARÉ;410040002A;PR;Jardim Planalto;-25,312;-49,308;2025-09-11 10:20:00.0;0,00
ALMIRANTE TAMANDARÉ;410040002A;PR;Jardim Planalto;-25,312;-49,308;2025-09-11 11:20:00.0;0,00
ALMIRANTE TAMANDARÉ;410040002A;PR;Jardim Planalto;-25,312;-49,308;2025-09-11 12:20:00.0;0,00
ALMIRANTE TAMANDARÉ;410040002A;PR;Jardim Planalto;-25,312;-49,308;2025-09-11 13:20:00.0;0,00
ALMIRANTE TAMANDARÉ;410040002A;PR;Jardim Planalto;-25,312;-49,308;2025-09-11 14:20:00.0;0,00
ALMIRANTE TAMANDARÉ;410040002A;PR;Jardim Planalto;-25,312;-49,308;2025-09-11 15:20:00.0;0,00
ALMIRANTE TAMANDARÉ;410040002A;PR;Jardim Planalto;-25,312;-49,308;2025-09-11 16:20:00.0;0,00
ALMIRANTE TAMANDARÉ;410040002A;PR;Jardim Planalto;-25,312;-49,308;2025-09-11 17:20:00.0;0,00
ALMIRANTE TAMANDARÉ;410040002A;PR;Jardim Planalto;-25,312;-49,308;2025-09-11 18:20:00.0;0,00
ALMIRANTE TAMANDARÉ;410040002A;PR;Jardim Planalto;-25,312;-49,308;2025-09-11 19:20:00.0;0,00
ALMIRANTE TAMANDARÉ;410040002A;PR;Jardim Planalto;-25,312;-49,308;2025-09-11 20:20:00.0;0,00
ALMIRANTE TAMANDARÉ;410040002A;PR;Jardim Planalto;-25,312;-49,308;2025-09-11 21:20:00.0;0,00
ALMIRANTE TAMANDARÉ;410040002A;PR;Jardim Planalto;-25,312;-49,308;2025-09-11 22:20:00.0;0,00
ALMIRANTE TAMANDARÉ;410040002A;PR;Jardim Planalto;-25,312;-49,308;2025-09-11 23:20:00.0;0,00
ALMIRANTE TAMANDARÉ;410040002A;PR;Jardim Planalto;-25,312;-49,308;2025-09-12 00:20:00.0;0,00
ALMIRANTE TAMANDARÉ;410040002A;PR;Jardim Planalto;-25,312;-49,308;2025-09-12 01:20:00.0;0,00
ALMIRANTE TAMANDARÉ;410040002A;PR;Jardim Planalto;-25,312;-49,308;2025-09-12 02:20:00.0;0,00
ALMIRANTE TAMANDARÉ;410040002A;PR;Jardim Planalto;-25,312;-49,308;2025-09-12 03:20:00.0;0,00
ALMIRANTE TAMANDARÉ;410040002A;PR;Jardim Planalto;-25,312;-49,308;2025-09-12 04:20:00.0;0,00
ALMIRANTE TAMANDARÉ;410040002A;PR;Jardim Planalto;-25,312;-49,308;2025-09-12 05:20:00.0;0,00
ALMIRANTE TAMANDARÉ;410040002A;PR;Jardim Planalto;-25,312;-49,308;2025-09-12 06:20:00.0;0,00
ALMIRANTE TAMANDARÉ;410040002A;PR;Jardim Planalto;-25,312;-49,308;2025-09-12 07:20:00.0;0,00
ALMIRANTE TAMANDARÉ;410040002A;PR;Jardim Planalto;-25,312;-49,308;2025-09-12 08:20:00.0;0,00
ALMIRANTE TAMANDARÉ;410040002A;PR;Jardim Planalto;-25,312;-49,308;2025-09-12 09:20:00.0;0,00
ALMIRANTE TAMANDARÉ;410040002A;PR;Jardim Planalto;-25,312;-49,308;2025-09-12 10:20:00.0;0,00
ALMIRANTE TAMANDARÉ;410040002A;PR;Jardim Planalto;-25,312;-49,308;2025-09-12 11:20:00.0;0,00
ALMIRANTE TAMANDARÉ;410040002A;PR;Jardim Planalto;-25,312;-49,308;2025-09-12 12:20:00.0;0,00
ALMIRANTE TAMANDARÉ;410040002A;PR;Jardim Planalto;-25,312;-49,308;2025-09-12 13:20:00.0;0,00
ALMIRANTE TAMANDARÉ;410040002A;PR;Jardim Planalto;-25,312;-49,308;2025-09-12 14:20:00.0;0,00
ALMIRANTE TAMANDARÉ;410040002A;PR;Jardim Planalto;-25,312;-49,308;2025-09-12 15:20:00.0;0,00
ALMIRANTE TAMANDARÉ;410040002A;PR;Jardim Planalto;-25,312;-49,308;2025-09-12 16:20:00.0;0,00
ALMIRANTE TAMANDARÉ;410040002A;PR;Jardim Planalto;-25,312;-49,308;2025-09-12 17:20:00.0;0,00
ALMIRANTE TAMANDARÉ;410040002A;PR;Jardim Planalto;-25,312;-49,308;2025-09-12 18:20:00.0;0,00
ALMIRANTE TAMANDARÉ;410040002A;PR;Jardim Planalto;-25,312;-49,308;2025-09-12 19:20:00.0;0,00
ALMIRANTE TAMANDARÉ;410040002A;PR;Jardim Planalto;-25,312;-49,308;2025-09-12 20:20:00.0;0,00
ALMIRANTE TAMANDARÉ;410040002A;PR;Jardim Planalto;-25,312;-49,308;2025-09-12 21:20:00.0;0,00
ALMIRANTE TAMANDARÉ;410040002A;PR;Jardim Planalto;-25,312;-49,308;2025-09-12 22:20:00.0;0,00
ALMIRANTE TAMANDARÉ;410040002A;PR;Jardim Planalto;-25,312;-49,308;2025-09-12 23:20:00.0;0,00
ALMIRANTE TAMANDARÉ;410040002A;PR;Jardim Planalto;-25,312;-49,308;2025-09-13 00:20:00.0;0,00
ALMIRANTE TAMANDARÉ;410040002A;PR;Jardim Planalto;-25,312;-49,308;2025-09-13 01:20:00.0;0,00
ALMIRANTE TAMANDARÉ;410040002A;PR;Jardim Planalto;-25,312;-49,308;2025-09-13 02:20:00.0;0,00
ALMIRANTE TAMANDARÉ;410040002A;PR;Jardim Planalto;-25,312;-49,308;2025-09-13 03:20:00.0;0,00
ALMIRANTE TAMANDARÉ;410040002A;PR;Jardim Planalto;-25,312;-49,308;2025-09-13 04:20:00.0;0,00
ALMIRANTE TAMANDARÉ;410040002A;PR;Jardim Planalto;-25,312;-49,308;2025-09-13 05:20:00.0;0,00
ALMIRANTE TAMANDARÉ;410040002A;PR;Jardim Planalto;-25,312;-49,308;2025-09-13 06:20:00.0;0,00
ALMIRANTE TAMANDARÉ;410040002A;PR;Jardim Planalto;-25,312;-49,308;2025-09-13 07:20:00.0;0,00
ALMIRANTE TAMANDARÉ;410040002A;PR;Jardim Planalto;-25,312;-49,308;2025-09-13 08:20:00.0;0,00
ALMIRANTE TAMANDARÉ;410040002A;PR;Jardim Planalto;-25,312;-49,308;2025-09-13 09:20:00.0;0,00
ALMIRANTE TAMANDARÉ;410040002A;PR;Jardim Planalto;-25,312;-49,308;2025-09-13 10:20:00.0;0,00
ALMIRANTE TAMANDARÉ;410040002A;PR;Jardim Planalto;-25,312;-49,308;2025-09-13 11:20:00.0;0,00
ALMIRANTE TAMANDARÉ;410040002A;PR;Jardim Planalto;-25,312;-49,308;2025-09-13 12:20:00.0;0,00
ALMIRANTE TAMANDARÉ;410040002A;PR;Jardim Planalto;-25,312;-49,308;2025-09-13 13:20:00.0;0,00
ALMIRANTE TAMANDARÉ;410040002A;PR;Jardim Planalto;-25,312;-49,308;2025-09-13 14:20:00.0;0,00
ALMIRANTE TAMANDARÉ;410040002A;PR;Jardim Planalto;-25,312;-49,308;2025-09-13 15:20:00.0;0,00
ALMIRANTE TAMANDARÉ;410040002A;PR;Jardim Planalto;-25,312;-49,308;2025-09-13 16:20:00.0;0,00
ALMIRANTE TAMANDARÉ;410040002A;PR;Jardim Planalto;-25,312;-49,308;2025-09-13 17:20:00.0;0,00
ALMIRANTE TAMANDARÉ;410040002A;PR;Jardim Planalto;-25,312;-49,308;2025-09-13 18:20:00.0;0,00
ALMIRANTE TAMANDARÉ;410040002A;PR;Jardim Planalto;-25,312;-49,308;2025-09-13 19:20:00.0;0,00
ALMIRANTE TAMANDARÉ;410040002A;PR;Jardim Planalto;-25,312;-49,308;2025-09-13 20:20:00.0;0,00
ALMIRANTE TAMANDARÉ;410040002A;PR;Jardim Planalto;-25,312;-49,308;2025-09-13 21:20:00.0;0,00
ALMIRANTE TAMANDARÉ;410040002A;PR;Jardim Planalto;-25,312;-49,308;2025-09-13 22:20:00.0;0,00
ALMIRANTE TAMANDARÉ;410040002A;PR;Jardim Planalto;-25,312;-49,308;2025-09-13 23:20:00.0;0,00
ALMIRANTE TAMANDARÉ;410040002A;PR;Jardim Planalto;-25,312;-49,308;2025-09-14 00:20:00.0;0,00
ALMIRANTE TAMANDARÉ;410040002A;PR;Jardim Planalto;-25,312;-49,308;2025-09-14 01:20:00.0;0,00
ALMIRANTE TAMANDARÉ;410040002A;PR;Jardim Planalto;-25,312;-49,308;2025-09-14 02:20:00.0;0,00
ALMIRANTE TAMANDARÉ;410040002A;PR;Jardim Planalto;-25,312;-49,308;2025-09-14 03:20:00.0;0,00
ALMIRANTE TAMANDARÉ;410040002A;PR;Jardim Planalto;-25,312;-49,308;2025-09-14 04:20:00.0;0,00
ALMIRANTE TAMANDARÉ;410040002A;PR;Jardim Planalto;-25,312;-49,308;2025-09-14 05:20:00.0;0,00
ALMIRANTE TAMANDARÉ;410040002A;PR;Jardim Planalto;-25,312;-49,308;2025-09-14 06:20:00.0;0,00
ALMIRANTE TAMANDARÉ;410040002A;PR;Jardim Planalto;-25,312;-49,308;2025-09-14 07:20:00.0;0,00
ALMIRANTE TAMANDARÉ;410040002A;PR;Jardim Planalto;-25,312;-49,308;2025-09-14 08:20:00.0;0,00
ALMIRANTE TAMANDARÉ;410040002A;PR;Jardim Planalto;-25,312;-49,308;2025-09-14 09:20:00.0;0,00
ALMIRANTE TAMANDARÉ;410040002A;PR;Jardim Planalto;-25,312;-49,308;2025-09-14 10:20:00.0;0,00
ALMIRANTE TAMANDARÉ;410040002A;PR;Jardim Planalto;-25,312;-49,308;2025-09-14 11:20:00.0;0,00
ALMIRANTE TAMANDARÉ;410040002A;PR;Jardim Planalto;-25,312;-49,308;2025-09-14 12:20:00.0;0,00
ALMIRANTE TAMANDARÉ;410040002A;PR;Jardim Planalto;-25,312;-49,308;2025-09-14 13:20:00.0;0,00
ALMIRANTE TAMANDARÉ;410040002A;PR;Jardim Planalto;-25,312;-49,308;2025-09-14 14:20:00.0;0,00
ALMIRANTE TAMANDARÉ;410040002A;PR;Jardim Planalto;-25,312;-49,308;2025-09-14 15:20:00.0;0,00
ALMIRANTE TAMANDARÉ;410040002A;PR;Jardim Planalto;-25,312;-49,308;2025-09-14 16:20:00.0;0,00
ALMIRANTE TAMANDARÉ;410040002A;PR;Jardim Planalto;-25,312;-49,308;2025-09-14 17:20:00.0;0,00
ALMIRANTE TAMANDARÉ;410040002A;PR;Jardim Planalto;-25,312;-49,308;2025-09-14 18:20:00.0;0,00
ALMIRANTE TAMANDARÉ;410040002A;PR;Jardim Planalto;-25,312;-49,308;2025-09-14 19:20:00.0;0,00
ALMIRANTE TAMANDARÉ;410040002A;PR;Jardim Planalto;-25,312;-49,308;2025-09-14 20:20:00.0;0,00
ALMIRANTE TAMANDARÉ;410040002A;PR;Jardim Planalto;-25,312;-49,308;2025-09-14 21:20:00.0;0,00
ALMIRANTE TAMANDARÉ;410040002A;PR;Jardim Planalto;-25,312;-49,308;2025-09-14 22:20:00.0;0,00
ALMIRANTE TAMANDARÉ;410040002A;PR;Jardim Planalto;-25,312;-49,308;2025-09-14 23:20:00.0;0,00
ALMIRANTE TAMANDARÉ;410040002A;PR;Jardim Planalto;-25,312;-49,308;2025-09-15 00:20:00.0;0,00
ALMIRANTE TAMANDARÉ;410040002A;PR;Jardim Planalto;-25,312;-49,308;2025-09-15 01:20:00.0;0,00
ALMIRANTE TAMANDARÉ;410040002A;PR;Jardim Planalto;-25,312;-49,308;2025-09-15 02:20:00.0;0,00
ALMIRANTE TAMANDARÉ;410040002A;PR;Jardim Planalto;-25,312;-49,308;2025-09-15 03:20:00.0;0,00
ALMIRANTE TAMANDARÉ;410040002A;PR;Jardim Planalto;-25,312;-49,308;2025-09-15 04:20:00.0;0,00
ALMIRANTE TAMANDARÉ;410040002A;PR;Jardim Planalto;-25,312;-49,308;2025-09-15 05:20:00.0;0,00
ALMIRANTE TAMANDARÉ;410040002A;PR;Jardim Planalto;-25,312;-49,308;2025-09-15 06:20:00.0;0,00
ALMIRANTE TAMANDARÉ;410040002A;PR;Jardim Planalto;-25,312;-49,308;2025-09-15 07:20:00.0;0,00
ALMIRANTE TAMANDARÉ;410040002A;PR;Jardim Planalto;-25,312;-49,308;2025-09-15 08:20:00.0;0,00
ALMIRANTE TAMANDARÉ;410040002A;PR;Jardim Planalto;-25,312;-49,308;2025-09-15 09:20:00.0;0,00
ALMIRANTE TAMANDARÉ;410040002A;PR;Jardim Planalto;-25,312;-49,308;2025-09-15 10:20:00.0;0,00
ALMIRANTE TAMANDARÉ;410040002A;PR;Jardim Planalto;-25,312;-49,308;2025-09-15 11:20:00.0;0,00
ALMIRANTE TAMANDARÉ;410040002A;PR;Jardim Planalto;-25,312;-49,308;2025-09-15 12:20:00.0;0,00
ALMIRANTE TAMANDARÉ;410040002A;PR;Jardim Planalto;-25,312;-49,308;2025-09-15 13:20:00.0;0,00
ALMIRANTE TAMANDARÉ;410040002A;PR;Jardim Planalto;-25,312;-49,308;2025-09-15 14:20:00.0;0,00
ALMIRANTE TAMANDARÉ;410040002A;PR;Jardim Planalto;-25,312;-49,308;2025-09-15 15:20:00.0;0,00
ALMIRANTE TAMANDARÉ;410040002A;PR;Jardim Planalto;-25,312;-49,308;2025-09-15 16:20:00.0;0,00
ALMIRANTE TAMANDARÉ;410040002A;PR;Jardim Planalto;-25,312;-49,308;2025-09-15 17:20:00.0;0,00
ALMIRANTE TAMANDARÉ;410040002A;PR;Jardim Planalto;-25,312;-49,308;2025-09-15 18:20:00.0;0,00
ALMIRANTE TAMANDARÉ;410040002A;PR;Jardim Planalto;-25,312;-49,308;2025-09-15 19:20:00.0;0,00
ALMIRANTE TAMANDARÉ;410040002A;PR;Jardim Planalto;-25,312;-49,308;2025-09-15 20:20:00.0;0,00
ALMIRANTE TAMANDARÉ;410040002A;PR;Jardim Planalto;-25,312;-49,308;2025-09-15 21:20:00.0;0,00
ALMIRANTE TAMANDARÉ;410040002A;PR;Jardim Planalto;-25,312;-49,308;2025-09-15 22:20:00.0;0,00
ALMIRANTE TAMANDARÉ;410040002A;PR;Jardim Planalto;-25,312;-49,308;2025-09-15 23:20:00.0;0,00
ALMIRANTE TAMANDARÉ;410040002A;PR;Jardim Planalto;-25,312;-49,308;2025-09-16 00:20:00.0;0,00
ALMIRANTE TAMANDARÉ;410040002A;PR;Jardim Planalto;-25,312;-49,308;2025-09-16 01:20:00.0;0,00
ALMIRANTE TAMANDARÉ;410040002A;PR;Jardim Planalto;-25,312;-49,308;2025-09-16 02:20:00.0;0,00
ALMIRANTE TAMANDARÉ;410040002A;PR;Jardim Planalto;-25,312;-49,308;2025-09-16 03:20:00.0;0,00
ALMIRANTE TAMANDARÉ;410040002A;PR;Jardim Planalto;-25,312;-49,308;2025-09-16 04:20:00.0;0,00
ALMIRANTE TAMANDARÉ;410040002A;PR;Jardim Planalto;-25,312;-49,308;2025-09-16 04:30:00.0;0,20
ALMIRANTE TAMANDARÉ;410040002A;PR;Jardim Planalto;-25,312;-49,308;2025-09-16 04:50:00.0;0,20
ALMIRANTE TAMANDARÉ;410040002A;PR;Jardim Planalto;-25,312;-49,308;2025-09-16 05:20:00.0;0,00
ALMIRANTE TAMANDARÉ;410040002A;PR;Jardim Planalto;-25,312;-49,308;2025-09-16 05:40:00.0;0,20
ALMIRANTE TAMANDARÉ;410040002A;PR;Jardim Planalto;-25,312;-49,308;2025-09-16 06:00:00.0;0,42
ALMIRANTE TAMANDARÉ;410040002A;PR;Jardim Planalto;-25,312;-49,308;2025-09-16 06:10:00.0;0,39
ALMIRANTE TAMANDARÉ;410040002A;PR;Jardim Planalto;-25,312;-49,308;2025-09-16 06:20:00.0;0,59
ALMIRANTE TAMANDARÉ;410040002A;PR;Jardim Planalto;-25,312;-49,308;2025-09-16 06:30:00.0;0,39
ALMIRANTE TAMANDARÉ;410040002A;PR;Jardim Planalto;-25,312;-49,308;2025-09-16 06:40:00.0;0,20
ALMIRANTE TAMANDARÉ;410040002A;PR;Jardim Planalto;-25,312;-49,308;2025-09-16 07:10:00.0;0,20
ALMIRANTE TAMANDARÉ;410040002A;PR;Jardim Planalto;-25,312;-49,308;2025-09-16 07:20:00.0;0,00
ALMIRANTE TAMANDARÉ;410040002A;PR;Jardim Planalto;-25,312;-49,308;2025-09-16 08:10:00.0;0,20
ALMIRANTE TAMANDARÉ;410040002A;PR;Jardim Planalto;-25,312;-49,308;2025-09-16 08:20:00.0;0,00
ALMIRANTE TAMANDARÉ;410040002A;PR;Jardim Planalto;-25,312;-49,308;2025-09-16 09:20:00.0;0,00
ALMIRANTE TAMANDARÉ;410040002A;PR;Jardim Planalto;-25,312;-49,308;2025-09-16 10:20:00.0;0,00
ALMIRANTE TAMANDARÉ;410040002A;PR;Jardim Planalto;-25,312;-49,308;2025-09-16 11:20:00.0;0,00
ALMIRANTE TAMANDARÉ;410040002A;PR;Jardim Planalto;-25,312;-49,308;2025-09-16 12:20:00.0;0,00
ALMIRANTE TAMANDARÉ;410040002A;PR;Jardim Planalto;-25,312;-49,308;2025-09-16 13:20:00.0;0,00
ALMIRANTE TAMANDARÉ;410040002A;PR;Jardim Planalto;-25,312;-49,308;2025-09-16 14:20:00.0;0,00
ALMIRANTE TAMANDARÉ;410040002A;PR;Jardim Planalto;-25,312;-49,308;2025-09-16 15:20:00.0;0,00
ALMIRANTE TAMANDARÉ;410040002A;PR;Jardim Planalto;-25,312;-49,308;2025-09-16 16:20:00.0;0,00
ALMIRANTE TAMANDARÉ;410040002A;PR;Jardim Planalto;-25,312;-49,308;2025-09-16 17:20:00.0;0,00
ALMIRANTE TAMANDARÉ;410040002A;PR;Jardim Planalto;-25,312;-49,308;2025-09-16 18:20:00.0;0,00
ALMIRANTE TAMANDARÉ;410040002A;PR;Jardim Planalto;-25,312;-49,308;2025-09-16 19:20:00.0;0,00
ALMIRANTE TAMANDARÉ;410040002A;PR;Jardim Planalto;-25,312;-49,308;2025-09-16 20:20:00.0;0,00
ALMIRANTE TAMANDARÉ;410040002A;PR;Jardim Planalto;-25,312;-49,308;2025-09-16 21:20:00.0;0,00
ALMIRANTE TAMANDARÉ;410040002A;PR;Jardim Planalto;-25,312;-49,308;2025-09-16 22:20:00.0;0,00
ALMIRANTE TAMANDARÉ;410040002A;PR;Jardim Planalto;-25,312;-49,308;2025-09-16 23:20:00.0;0,00
ALMIRANTE TAMANDARÉ;410040002A;PR;Jardim Planalto;-25,312;-49,308;2025-09-17 00:20:00.0;0,00
ALMIRANTE TAMANDARÉ;410040002A;PR;Jardim Planalto;-25,312;-49,308;2025-09-17 01:20:00.0;0,00
ALMIRANTE TAMANDARÉ;410040002A;PR;Jardim Planalto;-25,312;-49,308;2025-09-17 02:20:00.0;0,00
ALMIRANTE TAMANDARÉ;410040002A;PR;Jardim Planalto;-25,312;-49,308;2025-09-17 03:20:00.0;0,00
ALMIRANTE TAMANDARÉ;410040002A;PR;Jardim Planalto;-25,312;-49,308;2025-09-17 04:20:00.0;0,00
ALMIRANTE TAMANDARÉ;410040002A;PR;Jardim Planalto;-25,312;-49,308;2025-09-17 05:20:00.0;0,00
ALMIRANTE TAMANDARÉ;410040002A;PR;Jardim Planalto;-25,312;-49,308;2025-09-17 06:20:00.0;0,00
ALMIRANTE TAMANDARÉ;410040002A;PR;Jardim Planalto;-25,312;-49,308;2025-09-17 07:20:00.0;0,00
ALMIRANTE TAMANDARÉ;410040002A;PR;Jardim Planalto;-25,312;-49,308;2025-09-17 08:20:00.0;0,00
ALMIRANTE TAMANDARÉ;410040002A;PR;Jardim Planalto;-25,312;-49,308;2025-09-17 09:20:00.0;0,00
ALMIRANTE TAMANDARÉ;410040002A;PR;Jardim Planalto;-25,312;-49,308;2025-09-17 10:20:00.0;0,00
ALMIRANTE TAMANDARÉ;410040002A;PR;Jardim Planalto;-25,312;-49,308;2025-09-17 11:20:00.0;0,00
ALMIRANTE TAMANDARÉ;410040002A;PR;Jardim Planalto;-25,312;-49,308;2025-09-17 12:20:00.0;0,00
ALMIRANTE TAMANDARÉ;410040002A;PR;Jardim Planalto;-25,312;-49,308;2025-09-17 13:20:00.0;0,00
ALMIRANTE TAMANDARÉ;410040002A;PR;Jardim Planalto;-25,312;-49,308;2025-09-17 14:20:00.0;0,00
ALMIRANTE TAMANDARÉ;410040002A;PR;Jardim Planalto;-25,312;-49,308;2025-09-17 15:20:00.0;0,00
ALMIRANTE TAMANDARÉ;410040002A;PR;Jardim Planalto;-25,312;-49,308;2025-09-17 16:20:00.0;0,00
ALMIRANTE TAMANDARÉ;410040002A;PR;Jardim Planalto;-25,312;-49,308;2025-09-17 17:20:00.0;0,00
ALMIRANTE TAMANDARÉ;410040002A;PR;Jardim Planalto;-25,312;-49,308;2025-09-17 18:20:00.0;0,00
ALMIRANTE TAMANDARÉ;410040002A;PR;Jardim Planalto;-25,312;-49,308;2025-09-17 19:20:00.0;0,00
ALMIRANTE TAMANDARÉ;410040002A;PR;Jardim Planalto;-25,312;-49,308;2025-09-17 20:20:00.0;0,00
ALMIRANTE TAMANDARÉ;410040002A;PR;Jardim Planalto;-25,312;-49,308;2025-09-17 21:20:00.0;0,00
ALMIRANTE TAMANDARÉ;410040002A;PR;Jardim Planalto;-25,312;-49,308;2025-09-17 22:20:00.0;0,00
ALMIRANTE TAMANDARÉ;410040002A;PR;Jardim Planalto;-25,312;-49,308;2025-09-17 23:20:00.0;0,00
ALMIRANTE TAMANDARÉ;410040002A;PR;Jardim Planalto;-25,312;-49,308;2025-09-18 00:20:00.0;0,00
ALMIRANTE TAMANDARÉ;410040002A;PR;Jardim Planalto;-25,312;-49,308;2025-09-18 01:20:00.0;0,00
ALMIRANTE TAMANDARÉ;410040002A;PR;Jardim Planalto;-25,312;-49,308;2025-09-18 02:20:00.0;0,00
ALMIRANTE TAMANDARÉ;410040002A;PR;Jardim Planalto;-25,312;-49,308;2025-09-18 03:20:00.0;0,00
ALMIRANTE TAMANDARÉ;410040002A;PR;Jardim Planalto;-25,312;-49,308;2025-09-18 04:20:00.0;0,00
ALMIRANTE TAMANDARÉ;410040002A;PR;Jardim Planalto;-25,312;-49,308;2025-09-18 05:20:00.0;0,00
ALMIRANTE TAMANDARÉ;410040002A;PR;Jardim Planalto;-25,312;-49,308;2025-09-18 06:20:00.0;0,00
ALMIRANTE TAMANDARÉ;410040002A;PR;Jardim Planalto;-25,312;-49,308;2025-09-18 07:20:00.0;0,00
ALMIRANTE TAMANDARÉ;410040002A;PR;Jardim Planalto;-25,312;-49,308;2025-09-18 08:20:00.0;0,00
ALMIRANTE TAMANDARÉ;410040002A;PR;Jardim Planalto;-25,312;-49,308;2025-09-18 09:20:00.0;0,00
ALMIRANTE TAMANDARÉ;410040002A;PR;Jardim Planalto;-25,312;-49,308;2025-09-18 09:40:00.0;0,20
ALMIRANTE TAMANDARÉ;410040002A;PR;Jardim Planalto;-25,312;-49,308;2025-09-18 10:20:00.0;0,00
ALMIRANTE TAMANDARÉ;410040002A;PR;Jardim Planalto;-25,312;-49,308;2025-09-18 11:20:00.0;0,00
ALMIRANTE TAMANDARÉ;410040002A;PR;Jardim Planalto;-25,312;-49,308;2025-09-18 12:20:00.0;0,00
ALMIRANTE TAMANDARÉ;410040002A;PR;Jardim Planalto;-25,312;-49,308;2025-09-18 13:20:00.0;0,00
ALMIRANTE TAMANDARÉ;410040002A;PR;Jardim Planalto;-25,312;-49,308;2025-09-18 14:20:00.0;0,00
ALMIRANTE TAMANDARÉ;410040002A;PR;Jardim Planalto;-25,312;-49,308;2025-09-18 15:20:00.0;0,00
ALMIRANTE TAMANDARÉ;410040002A;PR;Jardim Planalto;-25,312;-49,308;2025-09-18 16:20:00.0;0,00
ALMIRANTE TAMANDARÉ;410040002A;PR;Jardim Planalto;-25,312;-49,308;2025-09-18 17:20:00.0;0,00
ALMIRANTE TAMANDARÉ;410040002A;PR;Jardim Planalto;-25,312;-49,308;2025-09-18 18:20:00.0;0,00
ALMIRANTE TAMANDARÉ;410040002A;PR;Jardim Planalto;-25,312;-49,308;2025-09-18 19:20:00.0;0,00
ALMIRANTE TAMANDARÉ;410040002A;PR;Jardim Planalto;-25,312;-49,308;2025-09-18 20:20:00.0;0,00
ALMIRANTE TAMANDARÉ;410040002A;PR;Jardim Planalto;-25,312;-49,308;2025-09-18 21:20:00.0;0,00
ALMIRANTE TAMANDARÉ;410040002A;PR;Jardim Planalto;-25,312;-49,308;2025-09-18 22:20:00.0;0,00
ALMIRANTE TAMANDARÉ;410040002A;PR;Jardim Planalto;-25,312;-49,308;2025-09-18 23:20:00.0;0,00
ALMIRANTE TAMANDARÉ;410040002A;PR;Jardim Planalto;-25,312;-49,308;2025-09-19 00:20:00.0;0,00
ALMIRANTE TAMANDARÉ;410040002A;PR;Jardim Planalto;-25,312;-49,308;2025-09-19 01:20:00.0;0,00
ALMIRANTE TAMANDARÉ;410040002A;PR;Jardim Planalto;-25,312;-49,308;2025-09-19 02:20:00.0;0,00
ALMIRANTE TAMANDARÉ;410040002A;PR;Jardim Planalto;-25,312;-49,308;2025-09-19 03:20:00.0;0,00
ALMIRANTE TAMANDARÉ;410040002A;PR;Jardim Planalto;-25,312;-49,308;2025-09-19 04:20:00.0;0,00
ALMIRANTE TAMANDARÉ;410040002A;PR;Jardim Planalto;-25,312;-49,308;2025-09-19 05:20:00.0;0,00
ALMIRANTE TAMANDARÉ;410040002A;PR;Jardim Planalto;-25,312;-49,308;2025-09-19 06:20:00.0;0,00
ALMIRANTE TAMANDARÉ;410040002A;PR;Jardim Planalto;-25,312;-49,308;2025-09-19 07:20:00.0;0,00
ALMIRANTE TAMANDARÉ;410040002A;PR;Jardim Planalto;-25,312;-49,308;2025-09-19 08:20:00.0;0,00
ALMIRANTE TAMANDARÉ;410040002A;PR;Jardim Planalto;-25,312;-49,308;2025-09-19 09:20:00.0;0,00
ALMIRANTE TAMANDARÉ;410040002A;PR;Jardim Planalto;-25,312;-49,308;2025-09-19 10:20:00.0;0,00
ALMIRANTE TAMANDARÉ;410040002A;PR;Jardim Planalto;-25,312;-49,308;2025-09-19 11:20:00.0;0,00
ALMIRANTE TAMANDARÉ;410040002A;PR;Jardim Planalto;-25,312;-49,308;2025-09-19 11:30:00.0;0,20
ALMIRANTE TAMANDARÉ;410040002A;PR;Jardim Planalto;-25,312;-49,308;2025-09-19 12:20:00.0;0,00
ALMIRANTE TAMANDARÉ;410040002A;PR;Jardim Planalto;-25,312;-49,308;2025-09-19 13:20:00.0;0,00
ALMIRANTE TAMANDARÉ;410040002A;PR;Jardim Planalto;-25,312;-49,308;2025-09-19 14:20:00.0;0,00
ALMIRANTE TAMANDARÉ;410040002A;PR;Jardim Planalto;-25,312;-49,308;2025-09-19 15:20:00.0;0,00
ALMIRANTE TAMANDARÉ;410040002A;PR;Jardim Planalto;-25,312;-49,308;2025-09-19 16:20:00.0;0,00
ALMIRANTE TAMANDARÉ;410040002A;PR;Jardim Planalto;-25,312;-49,308;2025-09-19 17:20:00.0;0,00
ALMIRANTE TAMANDARÉ;410040002A;PR;Jardim Planalto;-25,312;-49,308;2025-09-19 18:20:00.0;0,00
ALMIRANTE TAMANDARÉ;410040002A;PR;Jardim Planalto;-25,312;-49,308;2025-09-19 19:20:00.0;0,00
ALMIRANTE TAMANDARÉ;410040002A;PR;Jardim Planalto;-25,312;-49,308;2025-09-19 20:20:00.0;0,00
ALMIRANTE TAMANDARÉ;410040002A;PR;Jardim Planalto;-25,312;-49,308;2025-09-19 21:20:00.0;0,00
ALMIRANTE TAMANDARÉ;410040002A;PR;Jardim Planalto;-25,312;-49,308;2025-09-19 22:20:00.0;0,00
ALMIRANTE TAMANDARÉ;410040002A;PR;Jardim Planalto;-25,312;-49,308;2025-09-19 23:20:00.0;0,00
ALMIRANTE TAMANDARÉ;410040002A;PR;Jardim Planalto;-25,312;-49,308;2025-09-20 00:20:00.0;0,00
ALMIRANTE TAMANDARÉ;410040002A;PR;Jardim Planalto;-25,312;-49,308;2025-09-20 01:20:00.0;0,00
ALMIRANTE TAMANDARÉ;410040002A;PR;Jardim Planalto;-25,312;-49,308;2025-09-20 02:20:00.0;0,00
ALMIRANTE TAMANDARÉ;410040002A;PR;Jardim Planalto;-25,312;-49,308;2025-09-20 03:20:00.0;0,00
ALMIRANTE TAMANDARÉ;410040002A;PR;Jardim Planalto;-25,312;-49,308;2025-09-20 04:20:00.0;0,00
ALMIRANTE TAMANDARÉ;410040002A;PR;Jardim Planalto;-25,312;-49,308;2025-09-20 05:20:00.0;0,00
ALMIRANTE TAMANDARÉ;410040002A;PR;Jardim Planalto;-25,312;-49,308;2025-09-20 06:20:00.0;0,00
ALMIRANTE TAMANDARÉ;410040002A;PR;Jardim Planalto;-25,312;-49,308;2025-09-20 07:20:00.0;0,00
ALMIRANTE TAMANDARÉ;410040002A;PR;Jardim Planalto;-25,312;-49,308;2025-09-20 08:20:00.0;0,00
ALMIRANTE TAMANDARÉ;410040002A;PR;Jardim Planalto;-25,312;-49,308;2025-09-20 09:20:00.0;0,00
ALMIRANTE TAMANDARÉ;410040002A;PR;Jardim Planalto;-25,312;-49,308;2025-09-20 10:20:00.0;0,00
ALMIRANTE TAMANDARÉ;410040002A;PR;Jardim Planalto;-25,312;-49,308;2025-09-20 11:20:00.0;0,00
ALMIRANTE TAMANDARÉ;410040002A;PR;Jardim Planalto;-25,312;-49,308;2025-09-20 12:20:00.0;0,00
ALMIRANTE TAMANDARÉ;410040002A;PR;Jardim Planalto;-25,312;-49,308;2025-09-20 13:20:00.0;0,00
ALMIRANTE TAMANDARÉ;410040002A;PR;Jardim Planalto;-25,312;-49,308;2025-09-20 14:20:00.0;0,00
ALMIRANTE TAMANDARÉ;410040002A;PR;Jardim Planalto;-25,312;-49,308;2025-09-20 15:20:00.0;0,00
ALMIRANTE TAMANDARÉ;410040002A;PR;Jardim Planalto;-25,312;-49,308;2025-09-20 16:20:00.0;0,00
ALMIRANTE TAMANDARÉ;410040002A;PR;Jardim Planalto;-25,312;-49,308;2025-09-20 17:20:00.0;0,00
ALMIRANTE TAMANDARÉ;410040002A;PR;Jardim Planalto;-25,312;-49,308;2025-09-20 18:20:00.0;0,00
ALMIRANTE TAMANDARÉ;410040002A;PR;Jardim Planalto;-25,312;-49,308;2025-09-20 19:20:00.0;0,00
ALMIRANTE TAMANDARÉ;410040002A;PR;Jardim Planalto;-25,312;-49,308;2025-09-20 20:20:00.0;0,00
ALMIRANTE TAMANDARÉ;410040002A;PR;Jardim Planalto;-25,312;-49,308;2025-09-20 21:20:00.0;0,00
ALMIRANTE TAMANDARÉ;410040002A;PR;Jardim Planalto;-25,312;-49,308;2025-09-20 22:20:00.0;0,00
ALMIRANTE TAMANDARÉ;410040002A;PR;Jardim Planalto;-25,312;-49,308;2025-09-20 22:40:00.0;1,97
ALMIRANTE TAMANDARÉ;410040002A;PR;Jardim Planalto;-25,312;-49,308;2025-09-20 22:50:00.0;0,79
ALMIRANTE TAMANDARÉ;410040002A;PR;Jardim Planalto;-25,312;-49,308;2025-09-20 23:20:00.0;0,00
ALMIRANTE TAMANDARÉ;410040002A;PR;Jardim Planalto;-25,312;-49,308;2025-09-21 00:20:00.0;0,00
ALMIRANTE TAMANDARÉ;410040002A;PR;Jardim Planalto;-25,312;-49,308;2025-09-21 01:20:00.0;0,00
ALMIRANTE TAMANDARÉ;410040002A;PR;Jardim Planalto;-25,312;-49,308;2025-09-21 02:20:00.0;0,00
ALMIRANTE TAMANDARÉ;410040002A;PR;Jardim Planalto;-25,312;-49,308;2025-09-21 03:20:00.0;0,00
ALMIRANTE TAMANDARÉ;410040002A;PR;Jardim Planalto;-25,312;-49,308;2025-09-21 04:20:00.0;0,00
ALMIRANTE TAMANDARÉ;410040002A;PR;Jardim Planalto;-25,312;-49,308;2025-09-21 05:20:00.0;0,00
ALMIRANTE TAMANDARÉ;410040002A;PR;Jardim Planalto;-25,312;-49,308;2025-09-21 06:20:00.0;0,00
ALMIRANTE TAMANDARÉ;410040002A;PR;Jardim Planalto;-25,312;-49,308;2025-09-21 07:20:00.0;0,00
ALMIRANTE TAMANDARÉ;410040002A;PR;Jardim Planalto;-25,312;-49,308;2025-09-21 08:20:00.0;0,00
ALMIRANTE TAMANDARÉ;410040002A;PR;Jardim Planalto;-25,312;-49,308;2025-09-21 09:20:00.0;0,00
ALMIRANTE TAMANDARÉ;410040002A;PR;Jardim Planalto;-25,312;-49,308;2025-09-21 10:20:00.0;0,00
ALMIRANTE TAMANDARÉ;410040002A;PR;Jardim Planalto;-25,312;-49,308;2025-09-21 11:20:00.0;0,00
ALMIRANTE TAMANDARÉ;410040002A;PR;Jardim Planalto;-25,312;-49,308;2025-09-21 12:20:00.0;0,00
ALMIRANTE TAMANDARÉ;410040002A;PR;Jardim Planalto;-25,312;-49,308;2025-09-21 13:20:00.0;0,00
ALMIRANTE TAMANDARÉ;410040002A;PR;Jardim Planalto;-25,312;-49,308;2025-09-21 14:20:00.0;0,00
ALMIRANTE TAMANDARÉ;410040002A;PR;Jardim Planalto;-25,312;-49,308;2025-09-21 15:20:00.0;0,00
ALMIRANTE TAMANDARÉ;410040002A;PR;Jardim Planalto;-25,312;-49,308;2025-09-21 16:20:00.0;0,00
ALMIRANTE TAMANDARÉ;410040002A;PR;Jardim Planalto;-25,312;-49,308;2025-09-21 17:00:00.0;0,59
ALMIRANTE TAMANDARÉ;410040002A;PR;Jardim Planalto;-25,312;-49,308;2025-09-21 17:20:00.0;0,00
ALMIRANTE TAMANDARÉ;410040002A;PR;Jardim Planalto;-25,312;-49,308;2025-09-21 18:20:00.0;0,00
ALMIRANTE TAMANDARÉ;410040002A;PR;Jardim Planalto;-25,312;-49,308;2025-09-21 19:20:00.0;0,20
ALMIRANTE TAMANDARÉ;410040002A;PR;Jardim Planalto;-25,312;-49,308;2025-09-21 19:30:00.0;0,42
ALMIRANTE TAMANDARÉ;410040002A;PR;Jardim Planalto;-25,312;-49,308;2025-09-21 19:40:00.0;0,39
ALMIRANTE TAMANDARÉ;410040002A;PR;Jardim Planalto;-25,312;-49,308;2025-09-21 19:50:00.0;0,20
ALMIRANTE TAMANDARÉ;410040002A;PR;Jardim Planalto;-25,312;-49,308;2025-09-21 20:00:00.0;0,20
ALMIRANTE TAMANDARÉ;410040002A;PR;Jardim Planalto;-25,312;-49,308;2025-09-21 20:10:00.0;0,39
ALMIRANTE TAMANDARÉ;410040002A;PR;Jardim Planalto;-25,312;-49,308;2025-09-21 20:20:00.0;0,00
ALMIRANTE TAMANDARÉ;410040002A;PR;Jardim Planalto;-25,312;-49,308;2025-09-21 21:10:00.0;0,20
ALMIRANTE TAMANDARÉ;410040002A;PR;Jardim Planalto;-25,312;-49,308;2025-09-21 21:20:00.0;0,00
ALMIRANTE TAMANDARÉ;410040002A;PR;Jardim Planalto;-25,312;-49,308;2025-09-21 22:20:00.0;0,00
ALMIRANTE TAMANDARÉ;410040002A;PR;Jardim Planalto;-25,312;-49,308;2025-09-21 23:20:00.0;0,00
ALMIRANTE TAMANDARÉ;410040002A;PR;Jardim Planalto;-25,312;-49,308;2025-09-22 00:20:00.0;0,00
ALMIRANTE TAMANDARÉ;410040002A;PR;Jardim Planalto;-25,312;-49,308;2025-09-22 01:20:00.0;0,00
ALMIRANTE TAMANDARÉ;410040002A;PR;Jardim Planalto;-25,312;-49,308;2025-09-22 02:20:00.0;0,00
ALMIRANTE TAMANDARÉ;410040002A;PR;Jardim Planalto;-25,312;-49,308;2025-09-22 03:20:00.0;0,00
ALMIRANTE TAMANDARÉ;410040002A;PR;Jardim Planalto;-25,312;-49,308;2025-09-22 04:20:00.0;0,00
ALMIRANTE TAMANDARÉ;410040002A;PR;Jardim Planalto;-25,312;-49,308;2025-09-22 04:40:00.0;0,20
ALMIRANTE TAMANDARÉ;410040002A;PR;Jardim Planalto;-25,312;-49,308;2025-09-22 05:20:00.0;0,00
ALMIRANTE TAMANDARÉ;410040002A;PR;Jardim Planalto;-25,312;-49,308;2025-09-22 06:20:00.0;0,00
ALMIRANTE TAMANDARÉ;410040002A;PR;Jardim Planalto;-25,312;-49,308;2025-09-22 07:20:00.0;0,20
ALMIRANTE TAMANDARÉ;410040002A;PR;Jardim Planalto;-25,312;-49,308;2025-09-22 07:40:00.0;0,20
ALMIRANTE TAMANDARÉ;410040002A;PR;Jardim Planalto;-25,312;-49,308;2025-09-22 08:00:00.0;4,74
ALMIRANTE TAMANDARÉ;410040002A;PR;Jardim Planalto;-25,312;-49,308;2025-09-22 08:10:00.0;2,36
ALMIRANTE TAMANDARÉ;410040002A;PR;Jardim Planalto;-25,312;-49,308;2025-09-22 08:20:00.0;0,00
ALMIRANTE TAMANDARÉ;410040002A;PR;Jardim Planalto;-25,312;-49,308;2025-09-22 08:40:00.0;0,20
ALMIRANTE TAMANDARÉ;410040002A;PR;Jardim Planalto;-25,312;-49,308;2025-09-22 09:20:00.0;0,00
ALMIRANTE TAMANDARÉ;410040002A;PR;Jardim Planalto;-25,312;-49,308;2025-09-22 10:20:00.0;0,00
ALMIRANTE TAMANDARÉ;410040002A;PR;Jardim Planalto;-25,312;-49,308;2025-09-22 10:30:00.0;0,59
ALMIRANTE TAMANDARÉ;410040002A;PR;Jardim Planalto;-25,312;-49,308;2025-09-22 10:40:00.0;0,20
ALMIRANTE TAMANDARÉ;410040002A;PR;Jardim Planalto;-25,312;-49,308;2025-09-22 10:50:00.0;0,39
ALMIRANTE TAMANDARÉ;410040002A;PR;Jardim Planalto;-25,312;-49,308;2025-09-22 11:00:00.0;0,39
ALMIRANTE TAMANDARÉ;410040002A;PR;Jardim Planalto;-25,312;-49,308;2025-09-22 11:10:00.0;0,20
ALMIRANTE TAMANDARÉ;410040002A;PR;Jardim Planalto;-25,312;-49,308;2025-09-22 11:20:00.0;0,79
ALMIRANTE TAMANDARÉ;410040002A;PR;Jardim Planalto;-25,312;-49,308;2025-09-22 11:30:00.0;0,79
ALMIRANTE TAMANDARÉ;410040002A;PR;Jardim Planalto;-25,312;-49,308;2025-09-22 11:40:00.0;0,79
ALMIRANTE TAMANDARÉ;410040002A;PR;Jardim Planalto;-25,312;-49,308;2025-09-22 11:50:00.0;0,79
ALMIRANTE TAMANDARÉ;410040002A;PR;Jardim Planalto;-25,312;-49,308;2025-09-22 12:00:00.0;0,39
ALMIRANTE TAMANDARÉ;410040002A;PR;Jardim Planalto;-25,312;-49,308;2025-09-22 12:10:00.0;0,59
ALMIRANTE TAMANDARÉ;410040002A;PR;Jardim Planalto;-25,312;-49,308;2025-09-22 12:20:00.0;0,59
ALMIRANTE TAMANDARÉ;410040002A;PR;Jardim Planalto;-25,312;-49,308;2025-09-22 12:30:00.0;0,39
ALMIRANTE TAMANDARÉ;410040002A;PR;Jardim Planalto;-25,312;-49,308;2025-09-22 12:40:00.0;0,79
ALMIRANTE TAMANDARÉ;410040002A;PR;Jardim Planalto;-25,312;-49,308;2025-09-22 12:50:00.0;0,39
ALMIRANTE TAMANDARÉ;410040002A;PR;Jardim Planalto;-25,312;-49,308;2025-09-22 13:00:00.0;0,59
ALMIRANTE TAMANDARÉ;410040002A;PR;Jardim Planalto;-25,312;-49,308;2025-09-22 13:10:00.0;0,79
ALMIRANTE TAMANDARÉ;410040002A;PR;Jardim Planalto;-25,312;-49,308;2025-09-22 13:20:00.0;0,59
ALMIRANTE TAMANDARÉ;410040002A;PR;Jardim Planalto;-25,312;-49,308;2025-09-22 13:30:00.0;0,79
ALMIRANTE TAMANDARÉ;410040002A;PR;Jardim Planalto;-25,312;-49,308;2025-09-22 13:40:00.0;0,98
ALMIRANTE TAMANDARÉ;410040002A;PR;Jardim Planalto;-25,312;-49,308;2025-09-22 13:50:00.0;1,18
ALMIRANTE TAMANDARÉ;410040002A;PR;Jardim Planalto;-25,312;-49,308;2025-09-22 14:00:00.0;0,98
ALMIRANTE TAMANDARÉ;410040002A;PR;Jardim Planalto;-25,312;-49,308;2025-09-22 14:10:00.0;0,98
ALMIRANTE TAMANDARÉ;410040002A;PR;Jardim Planalto;-25,312;-49,308;2025-09-22 14:20:00.0;0,98
ALMIRANTE TAMANDARÉ;410040002A;PR;Jardim Planalto;-25,312;-49,308;2025-09-22 14:30:00.0;0,98
ALMIRANTE TAMANDARÉ;410040002A;PR;Jardim Planalto;-25,312;-49,308;2025-09-22 14:40:00.0;0,79
ALMIRANTE TAMANDARÉ;410040002A;PR;Jardim Planalto;-25,312;-49,308;2025-09-22 14:50:00.0;0,59
ALMIRANTE TAMANDARÉ;410040002A;PR;Jardim Planalto;-25,312;-49,308;2025-09-22 15:00:00.0;0,79
ALMIRANTE TAMANDARÉ;410040002A;PR;Jardim Planalto;-25,312;-49,308;2025-09-22 15:10:00.0;0,98
ALMIRANTE TAMANDARÉ;410040002A;PR;Jardim Planalto;-25,312;-49,308;2025-09-22 15:20:00.0;0,39
ALMIRANTE TAMANDARÉ;410040002A;PR;Jardim Planalto;-25,312;-49,308;2025-09-22 15:30:00.0;0,20
ALMIRANTE TAMANDARÉ;410040002A;PR;Jardim Planalto;-25,312;-49,308;2025-09-22 16:20:00.0;0,00
ALMIRANTE TAMANDARÉ;410040002A;PR;Jardim Planalto;-25,312;-49,308;2025-09-22 17:20:00.0;0,00
ALMIRANTE TAMANDARÉ;410040002A;PR;Jardim Planalto;-25,312;-49,308;2025-09-22 18:20:00.0;0,00
ALMIRANTE TAMANDARÉ;410040002A;PR;Jardim Planalto;-25,312;-49,308;2025-09-22 19:20:00.0;0,00
ALMIRANTE TAMANDARÉ;410040002A;PR;Jardim Planalto;-25,312;-49,308;2025-09-22 20:20:00.0;0,00
ALMIRANTE TAMANDARÉ;410040002A;PR;Jardim Planalto;-25,312;-49,308;2025-09-22 21:20:00.0;0,00
ALMIRANTE TAMANDARÉ;410040002A;PR;Jardim Planalto;-25,312;-49,308;2025-09-22 22:20:00.0;0,00
ALMIRANTE TAMANDARÉ;410040002A;PR;Jardim Planalto;-25,312;-49,308;2025-09-22 23:20:00.0;0,00
ALMIRANTE TAMANDARÉ;410040002A;PR;Jardim Planalto;-25,312;-49,308;2025-09-23 00:20:00.0;0,00
ALMIRANTE TAMANDARÉ;410040002A;PR;Jardim Planalto;-25,312;-49,308;2025-09-23 01:20:00.0;0,00
ALMIRANTE TAMANDARÉ;410040002A;PR;Jardim Planalto;-25,312;-49,308;2025-09-23 02:20:00.0;0,00
ALMIRANTE TAMANDARÉ;410040002A;PR;Jardim Planalto;-25,312;-49,308;2025-09-23 03:20:00.0;0,00
ALMIRANTE TAMANDARÉ;410040002A;PR;Jardim Planalto;-25,312;-49,308;2025-09-23 04:20:00.0;0,00
ALMIRANTE TAMANDARÉ;410040002A;PR;Jardim Planalto;-25,312;-49,308;2025-09-23 05:20:00.0;0,00
ALMIRANTE TAMANDARÉ;410040002A;PR;Jardim Planalto;-25,312;-49,308;2025-09-23 06:20:00.0;0,00
ALMIRANTE TAMANDARÉ;410040002A;PR;Jardim Planalto;-25,312;-49,308;2025-09-23 07:20:00.0;0,00
ALMIRANTE TAMANDARÉ;410040002A;PR;Jardim Planalto;-25,312;-49,308;2025-09-23 08:20:00.0;0,00
ALMIRANTE TAMANDARÉ;410040002A;PR;Jardim Planalto;-25,312;-49,308;2025-09-23 09:20:00.0;0,00
ALMIRANTE TAMANDARÉ;410040002A;PR;Jardim Planalto;-25,312;-49,308;2025-09-23 10:20:00.0;0,00
ALMIRANTE TAMANDARÉ;410040002A;PR;Jardim Planalto;-25,312;-49,308;2025-09-23 11:20:00.0;0,00
ALMIRANTE TAMANDARÉ;410040002A;PR;Jardim Planalto;-25,312;-49,308;2025-09-23 12:20:00.0;0,00
ALMIRANTE TAMANDARÉ;410040002A;PR;Jardim Planalto;-25,312;-49,308;2025-09-23 13:20:00.0;0,00
ALMIRANTE TAMANDARÉ;410040002A;PR;Jardim Planalto;-25,312;-49,308;2025-09-23 14:20:00.0;0,00
ALMIRANTE TAMANDARÉ;410040002A;PR;Jardim Planalto;-25,312;-49,308;2025-09-23 14:50:00.0;0,20
ALMIRANTE TAMANDARÉ;410040002A;PR;Jardim Planalto;-25,312;-49,308;2025-09-23 15:20:00.0;0,00
ALMIRANTE TAMANDARÉ;410040002A;PR;Jardim Planalto;-25,312;-49,308;2025-09-23 16:20:00.0;0,00
ALMIRANTE TAMANDARÉ;410040002A;PR;Jardim Planalto;-25,312;-49,308;2025-09-23 17:20:00.0;0,00
ALMIRANTE TAMANDARÉ;410040002A;PR;Jardim Planalto;-25,312;-49,308;2025-09-23 18:20:00.0;0,00
ALMIRANTE TAMANDARÉ;410040002A;PR;Jardim Planalto;-25,312;-49,308;2025-09-23 19:20:00.0;0,00
ALMIRANTE TAMANDARÉ;410040002A;PR;Jardim Planalto;-25,312;-49,308;2025-09-23 20:20:00.0;0,00
ALMIRANTE TAMANDARÉ;410040002A;PR;Jardim Planalto;-25,312;-49,308;2025-09-23 21:20:00.0;0,00
ALMIRANTE TAMANDARÉ;410040002A;PR;Jardim Planalto;-25,312;-49,308;2025-09-23 22:20:00.0;0,00
ALMIRANTE TAMANDARÉ;410040002A;PR;Jardim Planalto;-25,312;-49,308;2025-09-23 23:20:00.0;0,00
ALMIRANTE TAMANDARÉ;410040002A;PR;Jardim Planalto;-25,312;-49,308;2025-09-24 00:20:00.0;0,00
ALMIRANTE TAMANDARÉ;410040002A;PR;Jardim Planalto;-25,312;-49,308;2025-09-24 01:20:00.0;0,00
ALMIRANTE TAMANDARÉ;410040002A;PR;Jardim Planalto;-25,312;-49,308;2025-09-24 02:20:00.0;0,00
ALMIRANTE TAMANDARÉ;410040002A;PR;Jardim Planalto;-25,312;-49,308;2025-09-24 03:20:00.0;0,00
ALMIRANTE TAMANDARÉ;410040002A;PR;Jardim Planalto;-25,312;-49,308;2025-09-24 04:20:00.0;0,00
ALMIRANTE TAMANDARÉ;410040002A;PR;Jardim Planalto;-25,312;-49,308;2025-09-24 05:20:00.0;0,00
ALMIRANTE TAMANDARÉ;410040002A;PR;Jardim Planalto;-25,312;-49,308;2025-09-24 06:20:00.0;0,00
ALMIRANTE TAMANDARÉ;410040002A;PR;Jardim Planalto;-25,312;-49,308;2025-09-24 07:20:00.0;0,00
ALMIRANTE TAMANDARÉ;410040002A;PR;Jardim Planalto;-25,312;-49,308;2025-09-24 08:20:00.0;0,00
ALMIRANTE TAMANDARÉ;410040002A;PR;Jardim Planalto;-25,312;-49,308;2025-09-24 09:20:00.0;0,00
ALMIRANTE TAMANDARÉ;410040002A;PR;Jardim Planalto;-25,312;-49,308;2025-09-24 10:20:00.0;0,00
ALMIRANTE TAMANDARÉ;410040002A;PR;Jardim Planalto;-25,312;-49,308;2025-09-24 11:20:00.0;0,00
ALMIRANTE TAMANDARÉ;410040002A;PR;Jardim Planalto;-25,312;-49,308;2025-09-24 12:20:00.0;0,00
ALMIRANTE TAMANDARÉ;410040002A;PR;Jardim Planalto;-25,312;-49,308;2025-09-24 13:20:00.0;0,00
ALMIRANTE TAMANDARÉ;410040002A;PR;Jardim Planalto;-25,312;-49,308;2025-09-24 14:20:00.0;0,00
ALMIRANTE TAMANDARÉ;410040002A;PR;Jardim Planalto;-25,312;-49,308;2025-09-24 15:20:00.0;0,00
ALMIRANTE TAMANDARÉ;410040002A;PR;Jardim Planalto;-25,312;-49,308;2025-09-24 16:20:00.0;0,00
ALMIRANTE TAMANDARÉ;410040002A;PR;Jardim Planalto;-25,312;-49,308;2025-09-24 17:20:00.0;0,00
ALMIRANTE TAMANDARÉ;410040002A;PR;Jardim Planalto;-25,312;-49,308;2025-09-24 18:20:00.0;0,00
ALMIRANTE TAMANDARÉ;410040002A;PR;Jardim Planalto;-25,312;-49,308;2025-09-24 19:20:00.0;0,00
ALMIRANTE TAMANDARÉ;410040002A;PR;Jardim Planalto;-25,312;-49,308;2025-09-24 20:20:00.0;0,00
ALMIRANTE TAMANDARÉ;410040002A;PR;Jardim Planalto;-25,312;-49,308;2025-09-24 21:20:00.0;0,00
ALMIRANTE TAMANDARÉ;410040002A;PR;Jardim Planalto;-25,312;-49,308;2025-09-24 22:20:00.0;0,00
ALMIRANTE TAMANDARÉ;410040002A;PR;Jardim Planalto;-25,312;-49,308;2025-09-24 23:20:00.0;0,00
ALMIRANTE TAMANDARÉ;410040002A;PR;Jardim Planalto;-25,312;-49,308;2025-09-25 00:20:00.0;0,00
ALMIRANTE TAMANDARÉ;410040002A;PR;Jardim Planalto;-25,312;-49,308;2025-09-25 01:20:00.0;0,00
ALMIRANTE TAMANDARÉ;410040002A;PR;Jardim Planalto;-25,312;-49,308;2025-09-25 02:20:00.0;0,00
ALMIRANTE TAMANDARÉ;410040002A;PR;Jardim Planalto;-25,312;-49,308;2025-09-25 03:20:00.0;0,00
ALMIRANTE TAMANDARÉ;410040002A;PR;Jardim Planalto;-25,312;-49,308;2025-09-25 04:20:00.0;0,00
ALMIRANTE TAMANDARÉ;410040002A;PR;Jardim Planalto;-25,312;-49,308;2025-09-25 05:20:00.0;0,00
ALMIRANTE TAMANDARÉ;410040002A;PR;Jardim Planalto;-25,312;-49,308;2025-09-25 06:20:00.0;0,00
ALMIRANTE TAMANDARÉ;410040002A;PR;Jardim Planalto;-25,312;-49,308;2025-09-25 07:20:00.0;0,00
ALMIRANTE TAMANDARÉ;410040002A;PR;Jardim Planalto;-25,312;-49,308;2025-09-25 07:50:00.0;0,20
ALMIRANTE TAMANDARÉ;410040002A;PR;Jardim Planalto;-25,312;-49,308;2025-09-25 08:20:00.0;0,00
ALMIRANTE TAMANDARÉ;410040002A;PR;Jardim Planalto;-25,312;-49,308;2025-09-25 09:20:00.0;0,00
ALMIRANTE TAMANDARÉ;410040002A;PR;Jardim Planalto;-25,312;-49,308;2025-09-25 09:50:00.0;0,20
ALMIRANTE TAMANDARÉ;410040002A;PR;Jardim Planalto;-25,312;-49,308;2025-09-25 10:20:00.0;0,00
ALMIRANTE TAMANDARÉ;410040002A;PR;Jardim Planalto;-25,312;-49,308;2025-09-25 11:20:00.0;0,00
ALMIRANTE TAMANDARÉ;410040002A;PR;Jardim Planalto;-25,312;-49,308;2025-09-25 12:20:00.0;0,00
ALMIRANTE TAMANDARÉ;410040002A;PR;Jardim Planalto;-25,312;-49,308;2025-09-25 13:20:00.0;0,00
ALMIRANTE TAMANDARÉ;410040002A;PR;Jardim Planalto;-25,312;-49,308;2025-09-25 14:10:00.0;0,39
ALMIRANTE TAMANDARÉ;410040002A;PR;Jardim Planalto;-25,312;-49,308;2025-09-25 14:20:00.0;0,00
ALMIRANTE TAMANDARÉ;410040002A;PR;Jardim Planalto;-25,312;-49,308;2025-09-25 15:20:00.0;0,00
ALMIRANTE TAMANDARÉ;410040002A;PR;Jardim Planalto;-25,312;-49,308;2025-09-25 16:20:00.0;0,00
ALMIRANTE TAMANDARÉ;410040002A;PR;Jardim Planalto;-25,312;-49,308;2025-09-25 17:20:00.0;0,00
ALMIRANTE TAMANDARÉ;410040002A;PR;Jardim Planalto;-25,312;-49,308;2025-09-25 18:20:00.0;0,00
ALMIRANTE TAMANDARÉ;410040002A;PR;Jardim Planalto;-25,312;-49,308;2025-09-25 19:20:00.0;0,00
ALMIRANTE TAMANDARÉ;410040002A;PR;Jardim Planalto;-25,312;-49,308;2025-09-25 19:40:00.0;0,20
ALMIRANTE TAMANDARÉ;410040002A;PR;Jardim Planalto;-25,312;-49,308;2025-09-25 19:50:00.0;0,42
ALMIRANTE TAMANDARÉ;410040002A;PR;Jardim Planalto;-25,312;-49,308;2025-09-25 20:20:00.0;0,00
ALMIRANTE TAMANDARÉ;410040002A;PR;Jardim Planalto;-25,312;-49,308;2025-09-25 21:20:00.0;0,00
ALMIRANTE TAMANDARÉ;410040002A;PR;Jardim Planalto;-25,312;-49,308;2025-09-25 22:20:00.0;0,00
ALMIRANTE TAMANDARÉ;410040002A;PR;Jardim Planalto;-25,312;-49,308;2025-09-25 23:20:00.0;0,00
ALMIRANTE TAMANDARÉ;410040002A;PR;Jardim Planalto;-25,312;-49,308;2025-09-26 00:20:00.0;0,00
ALMIRANTE TAMANDARÉ;410040002A;PR;Jardim Planalto;-25,312;-49,308;2025-09-26 00:30:00.0;0,39
ALMIRANTE TAMANDARÉ;410040002A;PR;Jardim Planalto;-25,312;-49,308;2025-09-26 01:20:00.0;0,00
ALMIRANTE TAMANDARÉ;410040002A;PR;Jardim Planalto;-25,312;-49,308;2025-09-26 01:40:00.0;0,20
ALMIRANTE TAMANDARÉ;410040002A;PR;Jardim Planalto;-25,312;-49,308;2025-09-26 02:20:00.0;0,20
ALMIRANTE TAMANDARÉ;410040002A;PR;Jardim Planalto;-25,312;-49,308;2025-09-26 02:30:00.0;0,20
ALMIRANTE TAMANDARÉ;410040002A;PR;Jardim Planalto;-25,312;-49,308;2025-09-26 03:20:00.0;0,00
ALMIRANTE TAMANDARÉ;410040002A;PR;Jardim Planalto;-25,312;-49,308;2025-09-26 04:20:00.0;0,00
ALMIRANTE TAMANDARÉ;410040002A;PR;Jardim Planalto;-25,312;-49,308;2025-09-26 04:30:00.0;0,39
ALMIRANTE TAMANDARÉ;410040002A;PR;Jardim Planalto;-25,312;-49,308;2025-09-26 04:50:00.0;0,20
ALMIRANTE TAMANDARÉ;410040002A;PR;Jardim Planalto;-25,312;-49,308;2025-09-26 05:10:00.0;0,20
ALMIRANTE TAMANDARÉ;410040002A;PR;Jardim Planalto;-25,312;-49,308;2025-09-26 05:20:00.0;0,00
ALMIRANTE TAMANDARÉ;410040002A;PR;Jardim Planalto;-25,312;-49,308;2025-09-26 05:40:00.0;0,20
ALMIRANTE TAMANDARÉ;410040002A;PR;Jardim Planalto;-25,312;-49,308;2025-09-26 05:50:00.0;0,20
ALMIRANTE TAMANDARÉ;410040002A;PR;Jardim Planalto;-25,312;-49,308;2025-09-26 06:10:00.0;0,20
ALMIRANTE TAMANDARÉ;410040002A;PR;Jardim Planalto;-25,312;-49,308;2025-09-26 06:20:00.0;0,00
ALMIRANTE TAMANDARÉ;410040002A;PR;Jardim Planalto;-25,312;-49,308;2025-09-26 06:40:00.0;0,20
ALMIRANTE TAMANDARÉ;410040002A;PR;Jardim Planalto;-25,312;-49,308;2025-09-26 06:50:00.0;0,39
ALMIRANTE TAMANDARÉ;410040002A;PR;Jardim Planalto;-25,312;-49,308;2025-09-26 07:00:00.0;0,20
ALMIRANTE TAMANDARÉ;410040002A;PR;Jardim Planalto;-25,312;-49,308;2025-09-26 07:20:00.0;0,00
ALMIRANTE TAMANDARÉ;410040002A;PR;Jardim Planalto;-25,312;-49,308;2025-09-26 08:20:00.0;0,00
ALMIRANTE TAMANDARÉ;410040002A;PR;Jardim Planalto;-25,312;-49,308;2025-09-26 08:50:00.0;0,20
ALMIRANTE TAMANDARÉ;410040002A;PR;Jardim Planalto;-25,312;-49,308;2025-09-26 09:20:00.0;0,00
ALMIRANTE TAMANDARÉ;410040002A;PR;Jardim Planalto;-25,312;-49,308;2025-09-26 10:20:00.0;0,00
ALMIRANTE TAMANDARÉ;410040002A;PR;Jardim Planalto;-25,312;-49,308;2025-09-26 11:20:00.0;0,00
ALMIRANTE TAMANDARÉ;410040002A;PR;Jardim Planalto;-25,312;-49,308;2025-09-26 12:20:00.0;0,00
ALMIRANTE TAMANDARÉ;410040002A;PR;Jardim Planalto;-25,312;-49,308;2025-09-26 13:20:00.0;0,00
ALMIRANTE TAMANDARÉ;410040002A;PR;Jardim Planalto;-25,312;-49,308;2025-09-26 14:20:00.0;0,00
ALMIRANTE TAMANDARÉ;410040002A;PR;Jardim Planalto;-25,312;-49,308;2025-09-26 15:20:00.0;0,00
ALMIRANTE TAMANDARÉ;410040002A;PR;Jardim Planalto;-25,312;-49,308;2025-09-26 16:20:00.0;0,00
ALMIRANTE TAMANDARÉ;410040002A;PR;Jardim Planalto;-25,312;-49,308;2025-09-26 17:20:00.0;0,00
ALMIRANTE TAMANDARÉ;410040002A;PR;Jardim Planalto;-25,312;-49,308;2025-09-26 18:20:00.0;0,00
ALMIRANTE TAMANDARÉ;410040002A;PR;Jardim Planalto;-25,312;-49,308;2025-09-26 19:20:00.0;0,00
ALMIRANTE TAMANDARÉ;410040002A;PR;Jardim Planalto;-25,312;-49,308;2025-09-26 20:20:00.0;0,00
ALMIRANTE TAMANDARÉ;410040002A;PR;Jardim Planalto;-25,312;-49,308;2025-09-26 21:20:00.0;0,00
ALMIRANTE TAMANDARÉ;410040002A;PR;Jardim Planalto;-25,312;-49,308;2025-09-26 22:20:00.0;0,00
ALMIRANTE TAMANDARÉ;410040002A;PR;Jardim Planalto;-25,312;-49,308;2025-09-26 23:20:00.0;0,00
ALMIRANTE TAMANDARÉ;410040002A;PR;Jardim Planalto;-25,312;-49,308;2025-09-27 00:20:00.0;0,00
ALMIRANTE TAMANDARÉ;410040002A;PR;Jardim Planalto;-25,312;-49,308;2025-09-27 01:20:00.0;0,20
ALMIRANTE TAMANDARÉ;410040002A;PR;Jardim Planalto;-25,312;-49,308;2025-09-27 02:20:00.0;0,00
ALMIRANTE TAMANDARÉ;410040002A;PR;Jardim Planalto;-25,312;-49,308;2025-09-27 03:20:00.0;0,00
ALMIRANTE TAMANDARÉ;410040002A;PR;Jardim Planalto;-25,312;-49,308;2025-09-27 04:20:00.0;0,00
ALMIRANTE TAMANDARÉ;410040002A;PR;Jardim Planalto;-25,312;-49,308;2025-09-27 05:20:00.0;0,00
ALMIRANTE TAMANDARÉ;410040002A;PR;Jardim Planalto;-25,312;-49,308;2025-09-27 06:20:00.0;0,00
ALMIRANTE TAMANDARÉ;410040002A;PR;Jardim Planalto;-25,312;-49,308;2025-09-27 07:20:00.0;0,00
ALMIRANTE TAMANDARÉ;410040002A;PR;Jardim Planalto;-25,312;-49,308;2025-09-27 08:20:00.0;0,00
ALMIRANTE TAMANDARÉ;410040002A;PR;Jardim Planalto;-25,312;-49,308;2025-09-27 09:20:00.0;0,00
ALMIRANTE TAMANDARÉ;410040002A;PR;Jardim Planalto;-25,312;-49,308;2025-09-27 10:20:00.0;0,00
ALMIRANTE TAMANDARÉ;410040002A;PR;Jardim Planalto;-25,312;-49,308;2025-09-27 11:20:00.0;0,00
ALMIRANTE TAMANDARÉ;410040002A;PR;Jardim Planalto;-25,312;-49,308;2025-09-27 12:20:00.0;0,00
ALMIRANTE TAMANDARÉ;410040002A;PR;Jardim Planalto;-25,312;-49,308;2025-09-27 13:20:00.0;0,00
ALMIRANTE TAMANDARÉ;410040002A;PR;Jardim Planalto;-25,312;-49,308;2025-09-27 14:20:00.0;0,00
ALMIRANTE TAMANDARÉ;410040002A;PR;Jardim Planalto;-25,312;-49,308;2025-09-27 15:20:00.0;0,00
ALMIRANTE TAMANDARÉ;410040002A;PR;Jardim Planalto;-25,312;-49,308;2025-09-27 16:20:00.0;0,00
ALMIRANTE TAMANDARÉ;410040002A;PR;Jardim Planalto;-25,312;-49,308;2025-09-27 17:20:00.0;0,00
ALMIRANTE TAMANDARÉ;410040002A;PR;Jardim Planalto;-25,312;-49,308;2025-09-27 18:20:00.0;0,00
ALMIRANTE TAMANDARÉ;410040002A;PR;Jardim Planalto;-25,312;-49,308;2025-09-27 19:20:00.0;0,00
ALMIRANTE TAMANDARÉ;410040002A;PR;Jardim Planalto;-25,312;-49,308;2025-09-27 20:20:00.0;0,00
ALMIRANTE TAMANDARÉ;410040002A;PR;Jardim Planalto;-25,312;-49,308;2025-09-27 21:20:00.0;0,00
ALMIRANTE TAMANDARÉ;410040002A;PR;Jardim Planalto;-25,312;-49,308;2025-09-27 22:20:00.0;0,00
ALMIRANTE TAMANDARÉ;410040002A;PR;Jardim Planalto;-25,312;-49,308;2025-09-27 23:20:00.0;0,00
ALMIRANTE TAMANDARÉ;410040002A;PR;Jardim Planalto;-25,312;-49,308;2025-09-28 00:20:00.0;0,00
ALMIRANTE TAMANDARÉ;410040002A;PR;Jardim Planalto;-25,312;-49,308;2025-09-28 01:20:00.0;0,00
ALMIRANTE TAMANDARÉ;410040002A;PR;Jardim Planalto;-25,312;-49,308;2025-09-28 02:20:00.0;0,00
ALMIRANTE TAMANDARÉ;410040002A;PR;Jardim Planalto;-25,312;-49,308;2025-09-28 03:20:00.0;0,00
ALMIRANTE TAMANDARÉ;410040002A;PR;Jardim Planalto;-25,312;-49,308;2025-09-28 04:20:00.0;0,00
ALMIRANTE TAMANDARÉ;410040002A;PR;Jardim Planalto;-25,312;-49,308;2025-09-28 05:20:00.0;0,00
ALMIRANTE TAMANDARÉ;410040002A;PR;Jardim Planalto;-25,312;-49,308;2025-09-28 06:20:00.0;0,00
ALMIRANTE TAMANDARÉ;410040002A;PR;Jardim Planalto;-25,312;-49,308;2025-09-28 07:20:00.0;0,00
ALMIRANTE TAMANDARÉ;410040002A;PR;Jardim Planalto;-25,312;-49,308;2025-09-28 08:20:00.0;0,00
ALMIRANTE TAMANDARÉ;410040002A;PR;Jardim Planalto;-25,312;-49,308;2025-09-28 09:20:00.0;0,00
ALMIRANTE TAMANDARÉ;410040002A;PR;Jardim Planalto;-25,312;-49,308;2025-09-28 10:20:00.0;0,00
ALMIRANTE TAMANDARÉ;410040002A;PR;Jardim Planalto;-25,312;-49,308;2025-09-28 11:20:00.0;0,00
ALMIRANTE TAMANDARÉ;410040002A;PR;Jardim Planalto;-25,312;-49,308;2025-09-28 12:20:00.0;0,00
ALMIRANTE TAMANDARÉ;410040002A;PR;Jardim Planalto;-25,312;-49,308;2025-09-28 13:20:00.0;0,00
ALMIRANTE TAMANDARÉ;410040002A;PR;Jardim Planalto;-25,312;-49,308;2025-09-28 14:20:00.0;0,00
ALMIRANTE TAMANDARÉ;410040002A;PR;Jardim Planalto;-25,312;-49,308;2025-09-28 15:20:00.0;0,00
ALMIRANTE TAMANDARÉ;410040002A;PR;Jardim Planalto;-25,312;-49,308;2025-09-28 16:20:00.0;0,00
ALMIRANTE TAMANDARÉ;410040002A;PR;Jardim Planalto;-25,312;-49,308;2025-09-28 17:20:00.0;0,00
ALMIRANTE TAMANDARÉ;410040002A;PR;Jardim Planalto;-25,312;-49,308;2025-09-28 18:20:00.0;0,00
ALMIRANTE TAMANDARÉ;410040002A;PR;Jardim Planalto;-25,312;-49,308;2025-09-28 19:20:00.0;0,00
ALMIRANTE TAMANDARÉ;410040002A;PR;Jardim Planalto;-25,312;-49,308;2025-09-28 20:20:00.0;0,00
ALMIRANTE TAMANDARÉ;410040002A;PR;Jardim Planalto;-25,312;-49,308;2025-09-28 21:20:00.0;0,00
ALMIRANTE TAMANDARÉ;410040002A;PR;Jardim Planalto;-25,312;-49,308;2025-09-28 22:20:00.0;0,00
ALMIRANTE TAMANDARÉ;410040002A;PR;Jardim Planalto;-25,312;-49,308;2025-09-28 23:20:00.0;0,00
ALMIRANTE TAMANDARÉ;410040002A;PR;Jardim Planalto;-25,312;-49,308;2025-09-29 00:20:00.0;0,00
ALMIRANTE TAMANDARÉ;410040002A;PR;Jardim Planalto;-25,312;-49,308;2025-09-29 01:20:00.0;0,00
ALMIRANTE TAMANDARÉ;410040002A;PR;Jardim Planalto;-25,312;-49,308;2025-09-29 02:20:00.0;0,00
ALMIRANTE TAMANDARÉ;410040002A;PR;Jardim Planalto;-25,312;-49,308;2025-09-29 03:20:00.0;0,00
ALMIRANTE TAMANDARÉ;410040002A;PR;Jardim Planalto;-25,312;-49,308;2025-09-29 04:20:00.0;0,00
ALMIRANTE TAMANDARÉ;410040002A;PR;Jardim Planalto;-25,312;-49,308;2025-09-29 05:20:00.0;0,00
ALMIRANTE TAMANDARÉ;410040002A;PR;Jardim Planalto;-25,312;-49,308;2025-09-29 06:20:00.0;0,00
ALMIRANTE TAMANDARÉ;410040002A;PR;Jardim Planalto;-25,312;-49,308;2025-09-29 07:20:00.0;0,00
ALMIRANTE TAMANDARÉ;410040002A;PR;Jardim Planalto;-25,312;-49,308;2025-09-29 08:20:00.0;0,00
ALMIRANTE TAMANDARÉ;410040002A;PR;Jardim Planalto;-25,312;-49,308;2025-09-29 09:20:00.0;0,00
ALMIRANTE TAMANDARÉ;410040002A;PR;Jardim Planalto;-25,312;-49,308;2025-09-29 10:20:00.0;0,00
ALMIRANTE TAMANDARÉ;410040002A;PR;Jardim Planalto;-25,312;-49,308;2025-09-29 11:20:00.0;0,00
ALMIRANTE TAMANDARÉ;410040002A;PR;Jardim Planalto;-25,312;-49,308;2025-09-29 12:20:00.0;0,00
ALMIRANTE TAMANDARÉ;410040002A;PR;Jardim Planalto;-25,312;-49,308;2025-09-29 13:20:00.0;0,00
ALMIRANTE TAMANDARÉ;410040002A;PR;Jardim Planalto;-25,312;-49,308;2025-09-29 14:20:00.0;0,00
ALMIRANTE TAMANDARÉ;410040002A;PR;Jardim Planalto;-25,312;-49,308;2025-09-29 15:20:00.0;0,00
ALMIRANTE TAMANDARÉ;410040002A;PR;Jardim Planalto;-25,312;-49,308;2025-09-29 16:20:00.0;0,00
ALMIRANTE TAMANDARÉ;410040002A;PR;Jardim Planalto;-25,312;-49,308;2025-09-29 17:20:00.0;0,00
ALMIRANTE TAMANDARÉ;410040002A;PR;Jardim Planalto;-25,312;-49,308;2025-09-29 18:20:00.0;0,00
ALMIRANTE TAMANDARÉ;410040002A;PR;Jardim Planalto;-25,312;-49,308;2025-09-29 19:20:00.0;0,00
ALMIRANTE TAMANDARÉ;410040002A;PR;Jardim Planalto;-25,312;-49,308;2025-09-29 20:20:00.0;0,00
ALMIRANTE TAMANDARÉ;410040002A;PR;Jardim Planalto;-25,312;-49,308;2025-09-29 21:20:00.0;0,00
ALMIRANTE TAMANDARÉ;410040002A;PR;Jardim Planalto;-25,312;-49,308;2025-09-29 22:20:00.0;0,00
ALMIRANTE TAMANDARÉ;410040002A;PR;Jardim Planalto;-25,312;-49,308;2025-09-29 23:20:00.0;0,00
ALMIRANTE TAMANDARÉ;410040002A;PR;Jardim Planalto;-25,312;-49,308;2025-09-30 00:20:00.0;0,00
ALMIRANTE TAMANDARÉ;410040002A;PR;Jardim Planalto;-25,312;-49,308;2025-09-30 01:20:00.0;0,00
ALMIRANTE TAMANDARÉ;410040002A;PR;Jardim Planalto;-25,312;-49,308;2025-09-30 02:20:00.0;0,00
ALMIRANTE TAMANDARÉ;410040002A;PR;Jardim Planalto;-25,312;-49,308;2025-09-30 03:20:00.0;0,00
ALMIRANTE TAMANDARÉ;410040002A;PR;Jardim Planalto;-25,312;-49,308;2025-09-30 04:20:00.0;0,00
ALMIRANTE TAMANDARÉ;410040002A;PR;Jardim Planalto;-25,312;-49,308;2025-09-30 05:20:00.0;0,00
ALMIRANTE TAMANDARÉ;410040002A;PR;Jardim Planalto;-25,312;-49,308;2025-09-30 06:20:00.0;0,00
ALMIRANTE TAMANDARÉ;410040002A;PR;Jardim Planalto;-25,312;-49,308;2025-09-30 07:20:00.0;0,00
ALMIRANTE TAMANDARÉ;410040002A;PR;Jardim Planalto;-25,312;-49,308;2025-09-30 08:20:00.0;0,00
ALMIRANTE TAMANDARÉ;410040002A;PR;Jardim Planalto;-25,312;-49,308;2025-09-30 08:30:00.0;1,38
ALMIRANTE TAMANDARÉ;410040002A;PR;Jardim Planalto;-25,312;-49,308;2025-09-30 08:40:00.0;0,39
ALMIRANTE TAMANDARÉ;410040002A;PR;Jardim Planalto;-25,312;-49,308;2025-09-30 09:00:00.0;0,20
ALMIRANTE TAMANDARÉ;410040002A;PR;Jardim Planalto;-25,312;-49,308;2025-09-30 09:20:00.0;0,00
ALMIRANTE TAMANDARÉ;410040002A;PR;Jardim Planalto;-25,312;-49,308;2025-09-30 10:20:00.0;0,00
ALMIRANTE TAMANDARÉ;410040002A;PR;Jardim Planalto;-25,312;-49,308;2025-09-30 11:20:00.0;0,00
ALMIRANTE TAMANDARÉ;410040002A;PR;Jardim Planalto;-25,312;-49,308;2025-09-30 12:20:00.0;0,00
ALMIRANTE TAMANDARÉ;410040002A;PR;Jardim Planalto;-25,312;-49,308;2025-09-30 13:20:00.0;0,00
ALMIRANTE TAMANDARÉ;410040002A;PR;Jardim Planalto;-25,312;-49,308;2025-09-30 14:20:00.0;0,20
ALMIRANTE TAMANDARÉ;410040002A;PR;Jardim Planalto;-25,312;-49,308;2025-09-30 14:30:00.0;0,00
ALMIRANTE TAMANDARÉ;410040002A;PR;Jardim Planalto;-25,312;-49,308;2025-09-30 15:20:00.0;0,00
ALMIRANTE TAMANDARÉ;410040002A;PR;Jardim Planalto;-25,312;-49,308;2025-09-30 16:20:00.0;0,00
ALMIRANTE TAMANDARÉ;410040002A;PR;Jardim Planalto;-25,312;-49,308;2025-09-30 17:20:00.0;0,00
ALMIRANTE TAMANDARÉ;410040002A;PR;Jardim Planalto;-25,312;-49,308;2025-09-30 18:20:00.0;0,00
ALMIRANTE TAMANDARÉ;410040002A;PR;Jardim Planalto;-25,312;-49,308;2025-09-30 19:20:00.0;0,00
ALMIRANTE TAMANDARÉ;410040002A;PR;Jardim Planalto;-25,312;-49,308;2025-09-30 20:20:00.0;0,00
ALMIRANTE TAMANDARÉ;410040002A;PR;Jardim Planalto;-25,312;-49,308;2025-09-30 21:20:00.0;0,00
ALMIRANTE TAMANDARÉ;410040002A;PR;Jardim Planalto;-25,312;-49,308;2025-09-30 22:20:00.0;0,00
ALMIRANTE TAMANDARÉ;410040002A;PR;Jardim Planalto;-25,312;-49,308;2025-09-30 23:20:00.0;0,20
ALMIRANTE TAMANDARÉ;410040002A;PR;Jardim Planalto;-25,312;-49,308;2025-09-30 23:30:00.0;1,57
ALMIRANTE TAMANDARÉ;410040002A;PR;Jardim Planalto;-25,312;-49,308;2025-09-30 23:40:00.0;0,39
ALMIRANTE TAMANDARÉ;410040002A;PR;Jardim Planalto;-25,312;-49,308;2025-09-30 23:50:00.0;0,59
ALMIRANTE TAMANDARÉ;410040003A;PR;Jardim Graziela;-25,343;-49,246;2025-09-01 01:50:00.0;0,00
ALMIRANTE TAMANDARÉ;410040003A;PR;Jardim Graziela;-25,343;-49,246;2025-09-01 02:50:00.0;0,00
ALMIRANTE TAMANDARÉ;410040003A;PR;Jardim Graziela;-25,343;-49,246;2025-09-01 05:40:00.0;0,00
ALMIRANTE TAMANDARÉ;410040003A;PR;Jardim Graziela;-25,343;-49,246;2025-09-01 09:30:00.0;0,00
ALMIRANTE TAMANDARÉ;410040003A;PR;Jardim Graziela;-25,343;-49,246;2025-09-01 11:50:00.0;0,00
ALMIRANTE TAMANDARÉ;410040003A;PR;Jardim Graziela;-25,343;-49,246;2025-09-02 01:10:00.0;0,00
ALMIRANTE TAMANDARÉ;410040003A;PR;Jardim Graziela;-25,343;-49,246;2025-09-02 01:50:00.0;0,00
ALMIRANTE TAMANDARÉ;410040003A;PR;Jardim Graziela;-25,343;-49,246;2025-09-02 02:40:00.0;0,00
ALMIRANTE TAMANDARÉ;410040003A;PR;Jardim Graziela;-25,343;-49,246;2025-09-02 06:40:00.0;0,00
ALMIRANTE TAMANDARÉ;410040003A;PR;Jardim Graziela;-25,343;-49,246;2025-09-02 09:00:00.0;0,00
ALMIRANTE TAMANDARÉ;410040003A;PR;Jardim Graziela;-25,343;-49,246;2025-09-02 09:40:00.0;0,00
ALMIRANTE TAMANDARÉ;410040003A;PR;Jardim Graziela;-25,343;-49,246;2025-09-02 12:40:00.0;0,00
ALMIRANTE TAMANDARÉ;410040003A;PR;Jardim Graziela;-25,343;-49,246;2025-09-02 15:40:00.0;0,00
ALMIRANTE TAMANDARÉ;410040003A;PR;Jardim Graziela;-25,343;-49,246;2025-09-02 16:40:00.0;0,00
ALMIRANTE TAMANDARÉ;410040003A;PR;Jardim Graziela;-25,343;-49,246;2025-09-02 18:00:00.0;0,00
ALMIRANTE TAMANDARÉ;410040003A;PR;Jardim Graziela;-25,343;-49,246;2025-09-02 19:10:00.0;0,00
ALMIRANTE TAMANDARÉ;410040003A;PR;Jardim Graziela;-25,343;-49,246;2025-09-02 20:00:00.0;0,00
ALMIRANTE TAMANDARÉ;410040003A;PR;Jardim Graziela;-25,343;-49,246;2025-09-02 22:50:00.0;0,00
ALMIRANTE TAMANDARÉ;410040003A;PR;Jardim Graziela;-25,343;-49,246;2025-09-03 01:10:00.0;0,00
ALMIRANTE TAMANDARÉ;410040003A;PR;Jardim Graziela;-25,343;-49,246;2025-09-03 02:00:00.0;0,00
ALMIRANTE TAMANDARÉ;410040003A;PR;Jardim Graziela;-25,343;-49,246;2025-09-03 03:10:00.0;0,00
ALMIRANTE TAMANDARÉ;410040003A;PR;Jardim Graziela;-25,343;-49,246;2025-09-03 03:40:00.0;0,00
ALMIRANTE TAMANDARÉ;410040003A;PR;Jardim Graziela;-25,343;-49,246;2025-09-03 05:50:00.0;0,00
ALMIRANTE TAMANDARÉ;410040003A;PR;Jardim Graziela;-25,343;-49,246;2025-09-03 07:20:00.0;0,00
ALMIRANTE TAMANDARÉ;410040003A;PR;Jardim Graziela;-25,343;-49,246;2025-09-03 09:30:00.0;0,00
ALMIRANTE TAMANDARÉ;410040003A;PR;Jardim Graziela;-25,343;-49,246;2025-09-03 10:00:00.0;0,00
ALMIRANTE TAMANDARÉ;410040003A;PR;Jardim Graziela;-25,343;-49,246;2025-09-03 12:40:00.0;0,00
ALMIRANTE TAMANDARÉ;410040003A;PR;Jardim Graziela;-25,343;-49,246;2025-09-03 16:30:00.0;0,00
ALMIRANTE TAMANDARÉ;410040003A;PR;Jardim Graziela;-25,343;-49,246;2025-09-03 17:40:00.0;0,00
ALMIRANTE TAMANDARÉ;410040003A;PR;Jardim Graziela;-25,343;-49,246;2025-09-03 19:40:00.0;0,00
ALMIRANTE TAMANDARÉ;410040003A;PR;Jardim Graziela;-25,343;-49,246;2025-09-03 21:20:00.0;0,00
ALMIRANTE TAMANDARÉ;410040003A;PR;Jardim Graziela;-25,343;-49,246;2025-09-04 00:00:00.0;0,00
ALMIRANTE TAMANDARÉ;410040003A;PR;Jardim Graziela;-25,343;-49,246;2025-09-04 01:50:00.0;0,00
ALMIRANTE TAMANDARÉ;410040003A;PR;Jardim Graziela;-25,343;-49,246;2025-09-04 07:30:00.0;0,00
ALMIRANTE TAMANDARÉ;410040003A;PR;Jardim Graziela;-25,343;-49,246;2025-09-04 11:00:00.0;0,00
ALMIRANTE TAMANDARÉ;410040003A;PR;Jardim Graziela;-25,343;-49,246;2025-09-04 11:50:00.0;0,00
ALMIRANTE TAMANDARÉ;410040003A;PR;Jardim Graziela;-25,343;-49,246;2025-09-04 14:10:00.0;0,00
ALMIRANTE TAMANDARÉ;410040003A;PR;Jardim Graziela;-25,343;-49,246;2025-09-04 17:00:00.0;0,00
ALMIRANTE TAMANDARÉ;410040003A;PR;Jardim Graziela;-25,343;-49,246;2025-09-04 17:50:00.0;0,00
ALMIRANTE TAMANDARÉ;410040003A;PR;Jardim Graziela;-25,343;-49,246;2025-09-04 18:40:00.0;0,00
ALMIRANTE TAMANDARÉ;410040003A;PR;Jardim Graziela;-25,343;-49,246;2025-09-04 20:00:00.0;0,00
ALMIRANTE TAMANDARÉ;410040003A;PR;Jardim Graziela;-25,343;-49,246;2025-09-06 00:30:00.0;0,42
ALMIRANTE TAMANDARÉ;410040003A;PR;Jardim Graziela;-25,343;-49,246;2025-09-06 00:50:00.0;0,20
ALMIRANTE TAMANDARÉ;410040003A;PR;Jardim Graziela;-25,343;-49,246;2025-09-06 01:00:00.0;0,42
ALMIRANTE TAMANDARÉ;410040003A;PR;Jardim Graziela;-25,343;-49,246;2025-09-07 08:00:00.0;0,20
ALMIRANTE TAMANDARÉ;410040003A;PR;Jardim Graziela;-25,343;-49,246;2025-09-09 09:50:00.0;0,59
ALMIRANTE TAMANDARÉ;410040003A;PR;Jardim Graziela;-25,343;-49,246;2025-09-09 10:00:00.0;0,20
ALMIRANTE TAMANDARÉ;410040003A;PR;Jardim Graziela;-25,343;-49,246;2025-09-09 10:10:00.0;0,79
ALMIRANTE TAMANDARÉ;410040003A;PR;Jardim Graziela;-25,343;-49,246;2025-09-09 10:20:00.0;0,79
ALMIRANTE TAMANDARÉ;410040003A;PR;Jardim Graziela;-25,343;-49,246;2025-09-09 10:30:00.0;0,39
ALMIRANTE TAMANDARÉ;410040003A;PR;Jardim Graziela;-25,343;-49,246;2025-09-09 10:40:00.0;0,42
ALMIRANTE TAMANDARÉ;410040003A;PR;Jardim Graziela;-25,343;-49,246;2025-09-09 10:50:00.0;0,20
ALMIRANTE TAMANDARÉ;410040003A;PR;Jardim Graziela;-25,343;-49,246;2025-09-09 11:10:00.0;0,20
ALMIRANTE TAMANDARÉ;410040003A;PR;Jardim Graziela;-25,343;-49,246;2025-09-09 11:40:00.0;0,20
ALMIRANTE TAMANDARÉ;410040003A;PR;Jardim Graziela;-25,343;-49,246;2025-09-16 03:40:00.0;0,00
ALMIRANTE TAMANDARÉ;410040003A;PR;Jardim Graziela;-25,343;-49,246;2025-09-16 04:40:00.0;0,20
ALMIRANTE TAMANDARÉ;410040003A;PR;Jardim Graziela;-25,343;-49,246;2025-09-16 05:00:00.0;0,20
ALMIRANTE TAMANDARÉ;410040003A;PR;Jardim Graziela;-25,343;-49,246;2025-09-16 05:40:00.0;0,20
ALMIRANTE TAMANDARÉ;410040003A;PR;Jardim Graziela;-25,343;-49,246;2025-09-16 05:50:00.0;0,59
ALMIRANTE TAMANDARÉ;410040003A;PR;Jardim Graziela;-25,343;-49,246;2025-09-16 06:00:00.0;0,20
ALMIRANTE TAMANDARÉ;410040003A;PR;Jardim Graziela;-25,343;-49,246;2025-09-16 06:10:00.0;0,20
ALMIRANTE TAMANDARÉ;410040003A;PR;Jardim Graziela;-25,343;-49,246;2025-09-16 06:20:00.0;0,39
ALMIRANTE TAMANDARÉ;410040003A;PR;Jardim Graziela;-25,343;-49,246;2025-09-16 06:30:00.0;0,59
ALMIRANTE TAMANDARÉ;410040003A;PR;Jardim Graziela;-25,343;-49,246;2025-09-16 06:40:00.0;0,00
ALMIRANTE TAMANDARÉ;410040003A;PR;Jardim Graziela;-25,343;-49,246;2025-09-16 07:10:00.0;0,20
ALMIRANTE TAMANDARÉ;410040003A;PR;Jardim Graziela;-25,343;-49,246;2025-09-16 07:40:00.0;0,00
ALMIRANTE TAMANDARÉ;410040003A;PR;Jardim Graziela;-25,343;-49,246;2025-09-16 08:40:00.0;0,00
ALMIRANTE TAMANDARÉ;410040003A;PR;Jardim Graziela;-25,343;-49,246;2025-09-16 09:20:00.0;0,20
ALMIRANTE TAMANDARÉ;410040003A;PR;Jardim Graziela;-25,343;-49,246;2025-09-16 09:40:00.0;0,00
ALMIRANTE TAMANDARÉ;410040003A;PR;Jardim Graziela;-25,343;-49,246;2025-09-16 10:40:00.0;0,00
ALMIRANTE TAMANDARÉ;410040003A;PR;Jardim Graziela;-25,343;-49,246;2025-09-16 11:40:00.0;0,00
ALMIRANTE TAMANDARÉ;410040003A;PR;Jardim Graziela;-25,343;-49,246;2025-09-16 12:40:00.0;0,00
ALMIRANTE TAMANDARÉ;410040003A;PR;Jardim Graziela;-25,343;-49,246;2025-09-16 13:40:00.0;0,00
ALMIRANTE TAMANDARÉ;410040003A;PR;Jardim Graziela;-25,343;-49,246;2025-09-16 14:40:00.0;0,00
ALMIRANTE TAMANDARÉ;410040003A;PR;Jardim Graziela;-25,343;-49,246;2025-09-16 15:40:00.0;0,00
ALMIRANTE TAMANDARÉ;410040003A;PR;Jardim Graziela;-25,343;-49,246;2025-09-16 16:40:00.0;0,00
ALMIRANTE TAMANDARÉ;410040003A;PR;Jardim Graziela;-25,343;-49,246;2025-09-16 17:40:00.0;0,00
ALMIRANTE TAMANDARÉ;410040003A;PR;Jardim Graziela;-25,343;-49,246;2025-09-16 18:40:00.0;0,00
ALMIRANTE TAMANDARÉ;410040003A;PR;Jardim Graziela;-25,343;-49,246;2025-09-16 19:40:00.0;0,00
ALMIRANTE TAMANDARÉ;410040003A;PR;Jardim Graziela;-25,343;-49,246;2025-09-16 20:40:00.0;0,00
ALMIRANTE TAMANDARÉ;410040003A;PR;Jardim Graziela;-25,343;-49,246;2025-09-16 21:40:00.0;0,00
ALMIRANTE TAMANDARÉ;410040003A;PR;Jardim Graziela;-25,343;-49,246;2025-09-16 22:40:00.0;0,00
ALMIRANTE TAMANDARÉ;410040003A;PR;Jardim Graziela;-25,343;-49,246;2025-09-16 23:40:00.0;0,00
ALMIRANTE TAMANDARÉ;410040003A;PR;Jardim Graziela;-25,343;-49,246;2025-09-17 00:40:00.0;0,00
ALMIRANTE TAMANDARÉ;410040003A;PR;Jardim Graziela;-25,343;-49,246;2025-09-17 01:40:00.0;0,00
ALMIRANTE TAMANDARÉ;410040003A;PR;Jardim Graziela;-25,343;-49,246;2025-09-17 02:40:00.0;0,00
ALMIRANTE TAMANDARÉ;410040003A;PR;Jardim Graziela;-25,343;-49,246;2025-09-17 03:40:00.0;0,00
ALMIRANTE TAMANDARÉ;410040003A;PR;Jardim Graziela;-25,343;-49,246;2025-09-17 04:40:00.0;0,00
ALMIRANTE TAMANDARÉ;410040003A;PR;Jardim Graziela;-25,343;-49,246;2025-09-17 05:40:00.0;0,00
ALMIRANTE TAMANDARÉ;410040003A;PR;Jardim Graziela;-25,343;-49,246;2025-09-17 06:40:00.0;0,00
ALMIRANTE TAMANDARÉ;410040003A;PR;Jardim Graziela;-25,343;-49,246;2025-09-17 07:40:00.0;0,00
ALMIRANTE TAMANDARÉ;410040003A;PR;Jardim Graziela;-25,343;-49,246;2025-09-17 08:40:00.0;0,00
ALMIRANTE TAMANDARÉ;410040003A;PR;Jardim Graziela;-25,343;-49,246;2025-09-17 09:40:00.0;0,00
ALMIRANTE TAMANDARÉ;410040003A;PR;Jardim Graziela;-25,343;-49,246;2025-09-17 10:40:00.0;0,00
ALMIRANTE TAMANDARÉ;410040003A;PR;Jardim Graziela;-25,343;-49,246;2025-09-17 11:40:00.0;0,00
ALMIRANTE TAMANDARÉ;410040003A;PR;Jardim Graziela;-25,343;-49,246;2025-09-17 12:40:00.0;0,00
ALMIRANTE TAMANDARÉ;410040003A;PR;Jardim Graziela;-25,343;-49,246;2025-09-17 13:40:00.0;0,00
ALMIRANTE TAMANDARÉ;410040003A;PR;Jardim Graziela;-25,343;-49,246;2025-09-17 14:40:00.0;0,00
ALMIRANTE TAMANDARÉ;410040003A;PR;Jardim Graziela;-25,343;-49,246;2025-09-17 15:40:00.0;0,00
ALMIRANTE TAMANDARÉ;410040003A;PR;Jardim Graziela;-25,343;-49,246;2025-09-17 16:40:00.0;0,00
ALMIRANTE TAMANDARÉ;410040003A;PR;Jardim Graziela;-25,343;-49,246;2025-09-17 17:40:00.0;0,00
ALMIRANTE TAMANDARÉ;410040003A;PR;Jardim Graziela;-25,343;-49,246;2025-09-17 18:40:00.0;0,00
ALMIRANTE TAMANDARÉ;410040003A;PR;Jardim Graziela;-25,343;-49,246;2025-09-17 19:40:00.0;0,00
ALMIRANTE TAMANDARÉ;410040003A;PR;Jardim Graziela;-25,343;-49,246;2025-09-17 20:40:00.0;0,00
ALMIRANTE TAMANDARÉ;410040003A;PR;Jardim Graziela;-25,343;-49,246;2025-09-17 21:40:00.0;0,00
ALMIRANTE TAMANDARÉ;410040003A;PR;Jardim Graziela;-25,343;-49,246;2025-09-17 22:40:00.0;0,00
ALMIRANTE TAMANDARÉ;410040003A;PR;Jardim Graziela;-25,343;-49,246;2025-09-17 22:50:00.0;0,20
ALMIRANTE TAMANDARÉ;410040003A;PR;Jardim Graziela;-25,343;-49,246;2025-09-17 23:00:00.0;0,39
ALMIRANTE TAMANDARÉ;410040003A;PR;Jardim Graziela;-25,343;-49,246;2025-09-17 23:40:00.0;0,00
ALMIRANTE TAMANDARÉ;410040003A;PR;Jardim Graziela;-25,343;-49,246;2025-09-18 00:40:00.0;0,00
ALMIRANTE TAMANDARÉ;410040003A;PR;Jardim Graziela;-25,343;-49,246;2025-09-18 01:40:00.0;0,00
ALMIRANTE TAMANDARÉ;410040003A;PR;Jardim Graziela;-25,343;-49,246;2025-09-18 02:00:00.0;0,20
ALMIRANTE TAMANDARÉ;410040003A;PR;Jardim Graziela;-25,343;-49,246;2025-09-18 02:40:00.0;0,00
ALMIRANTE TAMANDARÉ;410040003A;PR;Jardim Graziela;-25,343;-49,246;2025-09-18 03:40:00.0;0,00
ALMIRANTE TAMANDARÉ;410040003A;PR;Jardim Graziela;-25,343;-49,246;2025-09-18 04:40:00.0;0,00
ALMIRANTE TAMANDARÉ;410040003A;PR;Jardim Graziela;-25,343;-49,246;2025-09-18 06:10:00.0;0,00
ALMIRANTE TAMANDARÉ;410040003A;PR;Jardim Graziela;-25,343;-49,246;2025-09-18 07:10:00.0;0,00
ALMIRANTE TAMANDARÉ;410040003A;PR;Jardim Graziela;-25,343;-49,246;2025-09-18 08:00:00.0;0,00
ALMIRANTE TAMANDARÉ;410040003A;PR;Jardim Graziela;-25,343;-49,246;2025-09-18 08:40:00.0;0,00
ALMIRANTE TAMANDARÉ;410040003A;PR;Jardim Graziela;-25,343;-49,246;2025-09-18 09:40:00.0;0,20
ALMIRANTE TAMANDARÉ;410040003A;PR;Jardim Graziela;-25,343;-49,246;2025-09-18 09:50:00.0;0,00
ALMIRANTE TAMANDARÉ;410040003A;PR;Jardim Graziela;-25,343;-49,246;2025-09-18 10:40:00.0;0,00
ALMIRANTE TAMANDARÉ;410040003A;PR;Jardim Graziela;-25,343;-49,246;2025-09-18 11:40:00.0;0,00
ALMIRANTE TAMANDARÉ;410040003A;PR;Jardim Graziela;-25,343;-49,246;2025-09-18 12:40:00.0;0,00
ALMIRANTE TAMANDARÉ;410040003A;PR;Jardim Graziela;-25,343;-49,246;2025-09-18 13:40:00.0;0,00
ALMIRANTE TAMANDARÉ;410040003A;PR;Jardim Graziela;-25,343;-49,246;2025-09-18 14:40:00.0;0,00
ALMIRANTE TAMANDARÉ;410040003A;PR;Jardim Graziela;-25,343;-49,246;2025-09-18 15:40:00.0;0,00
ALMIRANTE TAMANDARÉ;410040003A;PR;Jardim Graziela;-25,343;-49,246;2025-09-18 16:40:00.0;0,00
ALMIRANTE TAMANDARÉ;410040003A;PR;Jardim Graziela;-25,343;-49,246;2025-09-18 17:40:00.0;0,00
ALMIRANTE TAMANDARÉ;410040003A;PR;Jardim Graziela;-25,343;-49,246;2025-09-18 18:40:00.0;0,00
ALMIRANTE TAMANDARÉ;410040003A;PR;Jardim Graziela;-25,343;-49,246;2025-09-18 19:40:00.0;0,00
ALMIRANTE TAMANDARÉ;410040003A;PR;Jardim Graziela;-25,343;-49,246;2025-09-18 20:40:00.0;0,00
ALMIRANTE TAMANDARÉ;410040003A;PR;Jardim Graziela;-25,343;-49,246;2025-09-18 21:40:00.0;0,00
ALMIRANTE TAMANDARÉ;410040003A;PR;Jardim Graziela;-25,343;-49,246;2025-09-18 22:40:00.0;0,00
ALMIRANTE TAMANDARÉ;410040003A;PR;Jardim Graziela;-25,343;-49,246;2025-09-18 23:40:00.0;0,00
ALMIRANTE TAMANDARÉ;410040003A;PR;Jardim Graziela;-25,343;-49,246;2025-09-19 00:40:00.0;0,00
ALMIRANTE TAMANDARÉ;410040003A;PR;Jardim Graziela;-25,343;-49,246;2025-09-19 02:30:00.0;0,00
ALMIRANTE TAMANDARÉ;410040003A;PR;Jardim Graziela;-25,343;-49,246;2025-09-19 04:40:00.0;0,00
ALMIRANTE TAMANDARÉ;410040003A;PR;Jardim Graziela;-25,343;-49,246;2025-09-19 05:40:00.0;0,00
ALMIRANTE TAMANDARÉ;410040003A;PR;Jardim Graziela;-25,343;-49,246;2025-09-19 06:40:00.0;0,00
ALMIRANTE TAMANDARÉ;410040003A;PR;Jardim Graziela;-25,343;-49,246;2025-09-19 07:40:00.0;0,00
ALMIRANTE TAMANDARÉ;410040003A;PR;Jardim Graziela;-25,343;-49,246;2025-09-19 08:40:00.0;0,00
ALMIRANTE TAMANDARÉ;410040003A;PR;Jardim Graziela;-25,343;-49,246;2025-09-19 09:40:00.0;0,00
ALMIRANTE TAMANDARÉ;410040003A;PR;Jardim Graziela;-25,343;-49,246;2025-09-19 10:40:00.0;0,00
ALMIRANTE TAMANDARÉ;410040003A;PR;Jardim Graziela;-25,343;-49,246;2025-09-19 11:40:00.0;0,00
ALMIRANTE TAMANDARÉ;410040003A;PR;Jardim Graziela;-25,343;-49,246;2025-09-19 12:40:00.0;0,00
ALMIRANTE TAMANDARÉ;410040003A;PR;Jardim Graziela;-25,343;-49,246;2025-09-19 13:40:00.0;0,00
ALMIRANTE TAMANDARÉ;410040003A;PR;Jardim Graziela;-25,343;-49,246;2025-09-19 14:40:00.0;0,00
ALMIRANTE TAMANDARÉ;410040003A;PR;Jardim Graziela;-25,343;-49,246;2025-09-19 15:40:00.0;0,00
ALMIRANTE TAMANDARÉ;410040003A;PR;Jardim Graziela;-25,343;-49,246;2025-09-19 16:40:00.0;0,00
ALMIRANTE TAMANDARÉ;410040003A;PR;Jardim Graziela;-25,343;-49,246;2025-09-19 17:40:00.0;0,00
ALMIRANTE TAMANDARÉ;410040003A;PR;Jardim Graziela;-25,343;-49,246;2025-09-19 18:40:00.0;0,00
ALMIRANTE TAMANDARÉ;410040003A;PR;Jardim Graziela;-25,343;-49,246;2025-09-19 19:40:00.0;0,00
ALMIRANTE TAMANDARÉ;410040003A;PR;Jardim Graziela;-25,343;-49,246;2025-09-19 20:40:00.0;0,00
ALMIRANTE TAMANDARÉ;410040003A;PR;Jardim Graziela;-25,343;-49,246;2025-09-19 21:40:00.0;0,00
ALMIRANTE TAMANDARÉ;410040003A;PR;Jardim Graziela;-25,343;-49,246;2025-09-19 22:40:00.0;0,00
ALMIRANTE TAMANDARÉ;410040003A;PR;Jardim Graziela;-25,343;-49,246;2025-09-20 01:40:00.0;0,00
ALMIRANTE TAMANDARÉ;410040003A;PR;Jardim Graziela;-25,343;-49,246;2025-09-20 02:40:00.0;0,00
ALMIRANTE TAMANDARÉ;410040003A;PR;Jardim Graziela;-25,343;-49,246;2025-09-20 03:40:00.0;0,00
ALMIRANTE TAMANDARÉ;410040003A;PR;Jardim Graziela;-25,343;-49,246;2025-09-20 04:40:00.0;0,00
ALMIRANTE TAMANDARÉ;410040003A;PR;Jardim Graziela;-25,343;-49,246;2025-09-20 05:40:00.0;0,00
ALMIRANTE TAMANDARÉ;410040003A;PR;Jardim Graziela;-25,343;-49,246;2025-09-20 06:40:00.0;0,00
ALMIRANTE TAMANDARÉ;410040003A;PR;Jardim Graziela;-25,343;-49,246;2025-09-20 07:40:00.0;0,00
ALMIRANTE TAMANDARÉ;410040003A;PR;Jardim Graziela;-25,343;-49,246;2025-09-20 08:40:00.0;0,00
ALMIRANTE TAMANDARÉ;410040003A;PR;Jardim Graziela;-25,343;-49,246;2025-09-20 09:40:00.0;0,00
ALMIRANTE TAMANDARÉ;410040003A;PR;Jardim Graziela;-25,343;-49,246;2025-09-20 10:40:00.0;0,00
ALMIRANTE TAMANDARÉ;410040003A;PR;Jardim Graziela;-25,343;-49,246;2025-09-20 11:40:00.0;0,00
ALMIRANTE TAMANDARÉ;410040003A;PR;Jardim Graziela;-25,343;-49,246;2025-09-20 12:40:00.0;0,00
ALMIRANTE TAMANDARÉ;410040003A;PR;Jardim Graziela;-25,343;-49,246;2025-09-20 13:40:00.0;0,00
ALMIRANTE TAMANDARÉ;410040003A;PR;Jardim Graziela;-25,343;-49,246;2025-09-20 14:40:00.0;0,00
ALMIRANTE TAMANDARÉ;410040003A;PR;Jardim Graziela;-25,343;-49,246;2025-09-20 15:40:00.0;0,00
ALMIRANTE TAMANDARÉ;410040003A;PR;Jardim Graziela;-25,343;-49,246;2025-09-20 16:40:00.0;0,00
ALMIRANTE TAMANDARÉ;410040003A;PR;Jardim Graziela;-25,343;-49,246;2025-09-20 17:40:00.0;0,00
ALMIRANTE TAMANDARÉ;410040003A;PR;Jardim Graziela;-25,343;-49,246;2025-09-20 18:40:00.0;0,00
ALMIRANTE TAMANDARÉ;410040003A;PR;Jardim Graziela;-25,343;-49,246;2025-09-20 19:40:00.0;0,00
ALMIRANTE TAMANDARÉ;410040003A;PR;Jardim Graziela;-25,343;-49,246;2025-09-20 20:40:00.0;0,00
ALMIRANTE TAMANDARÉ;410040003A;PR;Jardim Graziela;-25,343;-49,246;2025-09-20 21:40:00.0;0,00
ALMIRANTE TAMANDARÉ;410040003A;PR;Jardim Graziela;-25,343;-49,246;2025-09-20 22:40:00.0;0,00
ALMIRANTE TAMANDARÉ;410040003A;PR;Jardim Graziela;-25,343;-49,246;2025-09-20 22:50:00.0;0,98
ALMIRANTE TAMANDARÉ;410040003A;PR;Jardim Graziela;-25,343;-49,246;2025-09-20 23:00:00.0;0,39
ALMIRANTE TAMANDARÉ;410040003A;PR;Jardim Graziela;-25,343;-49,246;2025-09-20 23:40:00.0;0,00
ALMIRANTE TAMANDARÉ;410040003A;PR;Jardim Graziela;-25,343;-49,246;2025-09-21 00:40:00.0;0,00
ALMIRANTE TAMANDARÉ;410040003A;PR;Jardim Graziela;-25,343;-49,246;2025-09-21 01:50:00.0;0,00
ALMIRANTE TAMANDARÉ;410040003A;PR;Jardim Graziela;-25,343;-49,246;2025-09-21 02:40:00.0;0,00
ALMIRANTE TAMANDARÉ;410040003A;PR;Jardim Graziela;-25,343;-49,246;2025-09-21 05:00:00.0;0,00
ALMIRANTE TAMANDARÉ;410040003A;PR;Jardim Graziela;-25,343;-49,246;2025-09-21 06:30:00.0;0,20
ALMIRANTE TAMANDARÉ;410040003A;PR;Jardim Graziela;-25,343;-49,246;2025-09-21 08:40:00.0;0,00
ALMIRANTE TAMANDARÉ;410040003A;PR;Jardim Graziela;-25,343;-49,246;2025-09-21 17:10:00.0;0,20
ALMIRANTE TAMANDARÉ;410040003A;PR;Jardim Graziela;-25,343;-49,246;2025-09-21 19:30:00.0;0,79
ALMIRANTE TAMANDARÉ;410040003A;PR;Jardim Graziela;-25,343;-49,246;2025-09-21 19:50:00.0;0,20
ALMIRANTE TAMANDARÉ;410040003A;PR;Jardim Graziela;-25,343;-49,246;2025-09-21 20:10:00.0;0,42
ALMIRANTE TAMANDARÉ;410040003A;PR;Jardim Graziela;-25,343;-49,246;2025-09-21 20:20:00.0;0,20
ALMIRANTE TAMANDARÉ;410040003A;PR;Jardim Graziela;-25,343;-49,246;2025-09-21 23:30:00.0;0,20
ALMIRANTE TAMANDARÉ;410040003A;PR;Jardim Graziela;-25,343;-49,246;2025-09-22 03:50:00.0;1,18
ALMIRANTE TAMANDARÉ;410040003A;PR;Jardim Graziela;-25,343;-49,246;2025-09-22 04:40:00.0;0,00
ALMIRANTE TAMANDARÉ;410040003A;PR;Jardim Graziela;-25,343;-49,246;2025-09-22 05:40:00.0;0,00
ALMIRANTE TAMANDARÉ;410040003A;PR;Jardim Graziela;-25,343;-49,246;2025-09-22 06:00:00.0;0,42
ALMIRANTE TAMANDARÉ;410040003A;PR;Jardim Graziela;-25,343;-49,246;2025-09-22 06:10:00.0;0,39
ALMIRANTE TAMANDARÉ;410040003A;PR;Jardim Graziela;-25,343;-49,246;2025-09-22 06:40:00.0;0,00
ALMIRANTE TAMANDARÉ;410040003A;PR;Jardim Graziela;-25,343;-49,246;2025-09-22 07:40:00.0;0,00
ALMIRANTE TAMANDARÉ;410040003A;PR;Jardim Graziela;-25,343;-49,246;2025-09-22 07:50:00.0;0,42
ALMIRANTE TAMANDARÉ;410040003A;PR;Jardim Graziela;-25,343;-49,246;2025-09-22 08:00:00.0;0,20
ALMIRANTE TAMANDARÉ;410040003A;PR;Jardim Graziela;-25,343;-49,246;2025-09-22 08:10:00.0;7,70
ALMIRANTE TAMANDARÉ;410040003A;PR;Jardim Graziela;-25,343;-49,246;2025-09-22 08:20:00.0;0,59
ALMIRANTE TAMANDARÉ;410040003A;PR;Jardim Graziela;-25,343;-49,246;2025-09-22 08:40:00.0;0,00
ALMIRANTE TAMANDARÉ;410040003A;PR;Jardim Graziela;-25,343;-49,246;2025-09-22 09:40:00.0;0,00
ALMIRANTE TAMANDARÉ;410040003A;PR;Jardim Graziela;-25,343;-49,246;2025-09-22 10:40:00.0;0,59
ALMIRANTE TAMANDARÉ;410040003A;PR;Jardim Graziela;-25,343;-49,246;2025-09-22 10:50:00.0;0,39
ALMIRANTE TAMANDARÉ;410040003A;PR;Jardim Graziela;-25,343;-49,246;2025-09-22 11:00:00.0;0,39
ALMIRANTE TAMANDARÉ;410040003A;PR;Jardim Graziela;-25,343;-49,246;2025-09-22 11:10:00.0;0,20
ALMIRANTE TAMANDARÉ;410040003A;PR;Jardim Graziela;-25,343;-49,246;2025-09-22 11:20:00.0;0,59
ALMIRANTE TAMANDARÉ;410040003A;PR;Jardim Graziela;-25,343;-49,246;2025-09-22 11:30:00.0;0,39
ALMIRANTE TAMANDARÉ;410040003A;PR;Jardim Graziela;-25,343;-49,246;2025-09-22 11:40:00.0;0,79
ALMIRANTE TAMANDARÉ;410040003A;PR;Jardim Graziela;-25,343;-49,246;2025-09-22 11:50:00.0;0,79
ALMIRANTE TAMANDARÉ;410040003A;PR;Jardim Graziela;-25,343;-49,246;2025-09-22 12:00:00.0;0,39
ALMIRANTE TAMANDARÉ;410040003A;PR;Jardim Graziela;-25,343;-49,246;2025-09-22 12:10:00.0;0,39
ALMIRANTE TAMANDARÉ;410040003A;PR;Jardim Graziela;-25,343;-49,246;2025-09-22 12:20:00.0;0,79
ALMIRANTE TAMANDARÉ;410040003A;PR;Jardim Graziela;-25,343;-49,246;2025-09-22 12:30:00.0;0,39
ALMIRANTE TAMANDARÉ;410040003A;PR;Jardim Graziela;-25,343;-49,246;2025-09-22 12:40:00.0;0,59
ALMIRANTE TAMANDARÉ;410040003A;PR;Jardim Graziela;-25,343;-49,246;2025-09-22 12:50:00.0;0,79
ALMIRANTE TAMANDARÉ;410040003A;PR;Jardim Graziela;-25,343;-49,246;2025-09-22 13:00:00.0;0,59
ALMIRANTE TAMANDARÉ;410040003A;PR;Jardim Graziela;-25,343;-49,246;2025-09-22 13:10:00.0;0,59
ALMIRANTE TAMANDARÉ;410040003A;PR;Jardim Graziela;-25,343;-49,246;2025-09-22 13:20:00.0;0,59
ALMIRANTE TAMANDARÉ;410040003A;PR;Jardim Graziela;-25,343;-49,246;2025-09-22 13:30:00.0;0,79
ALMIRANTE TAMANDARÉ;410040003A;PR;Jardim Graziela;-25,343;-49,246;2025-09-22 13:40:00.0;1,18
ALMIRANTE TAMANDARÉ;410040003A;PR;Jardim Graziela;-25,343;-49,246;2025-09-22 13:50:00.0;1,18
ALMIRANTE TAMANDARÉ;410040003A;PR;Jardim Graziela;-25,343;-49,246;2025-09-22 14:00:00.0;1,18
ALMIRANTE TAMANDARÉ;410040003A;PR;Jardim Graziela;-25,343;-49,246;2025-09-22 14:10:00.0;1,18
ALMIRANTE TAMANDARÉ;410040003A;PR;Jardim Graziela;-25,343;-49,246;2025-09-22 14:20:00.0;0,79
ALMIRANTE TAMANDARÉ;410040003A;PR;Jardim Graziela;-25,343;-49,246;2025-09-22 14:30:00.0;1,18
ALMIRANTE TAMANDARÉ;410040003A;PR;Jardim Graziela;-25,343;-49,246;2025-09-22 14:40:00.0;0,59
ALMIRANTE TAMANDARÉ;410040003A;PR;Jardim Graziela;-25,343;-49,246;2025-09-22 14:50:00.0;0,79
ALMIRANTE TAMANDARÉ;410040003A;PR;Jardim Graziela;-25,343;-49,246;2025-09-22 15:00:00.0;1,37
ALMIRANTE TAMANDARÉ;410040003A;PR;Jardim Graziela;-25,343;-49,246;2025-09-22 15:10:00.0;2,16
ALMIRANTE TAMANDARÉ;410040003A;PR;Jardim Graziela;-25,343;-49,246;2025-09-22 15:20:00.0;0,59
ALMIRANTE TAMANDARÉ;410040003A;PR;Jardim Graziela;-25,343;-49,246;2025-09-22 15:30:00.0;0,20
ALMIRANTE TAMANDARÉ;410040003A;PR;Jardim Graziela;-25,343;-49,246;2025-09-22 15:50:00.0;0,20
ALMIRANTE TAMANDARÉ;410040003A;PR;Jardim Graziela;-25,343;-49,246;2025-09-22 18:30:00.0;0,00
ALMIRANTE TAMANDARÉ;410040003A;PR;Jardim Graziela;-25,343;-49,246;2025-09-22 20:40:00.0;0,00
ALMIRANTE TAMANDARÉ;410040003A;PR;Jardim Graziela;-25,343;-49,246;2025-09-22 21:40:00.0;0,00
ALMIRANTE TAMANDARÉ;410040003A;PR;Jardim Graziela;-25,343;-49,246;2025-09-22 22:40:00.0;0,00
ALMIRANTE TAMANDARÉ;410040003A;PR;Jardim Graziela;-25,343;-49,246;2025-09-22 23:40:00.0;0,00
ALMIRANTE TAMANDARÉ;410040003A;PR;Jardim Graziela;-25,343;-49,246;2025-09-23 01:40:00.0;0,00
ALMIRANTE TAMANDARÉ;410040003A;PR;Jardim Graziela;-25,343;-49,246;2025-09-23 02:40:00.0;0,00
ALMIRANTE TAMANDARÉ;410040003A;PR;Jardim Graziela;-25,343;-49,246;2025-09-23 03:40:00.0;0,00
ALMIRANTE TAMANDARÉ;410040003A;PR;Jardim Graziela;-25,343;-49,246;2025-09-23 04:40:00.0;0,00
ALMIRANTE TAMANDARÉ;410040003A;PR;Jardim Graziela;-25,343;-49,246;2025-09-23 05:40:00.0;0,00
ALMIRANTE TAMANDARÉ;410040003A;PR;Jardim Graziela;-25,343;-49,246;2025-09-23 06:40:00.0;0,00
ALMIRANTE TAMANDARÉ;410040003A;PR;Jardim Graziela;-25,343;-49,246;2025-09-23 07:40:00.0;0,00
ALMIRANTE TAMANDARÉ;410040003A;PR;Jardim Graziela;-25,343;-49,246;2025-09-23 08:40:00.0;0,00
ALMIRANTE TAMANDARÉ;410040003A;PR;Jardim Graziela;-25,343;-49,246;2025-09-23 09:40:00.0;0,20
ALMIRANTE TAMANDARÉ;410040003A;PR;Jardim Graziela;-25,343;-49,246;2025-09-23 10:40:00.0;0,00
ALMIRANTE TAMANDARÉ;410040003A;PR;Jardim Graziela;-25,343;-49,246;2025-09-23 11:40:00.0;0,00
ALMIRANTE TAMANDARÉ;410040003A;PR;Jardim Graziela;-25,343;-49,246;2025-09-23 12:40:00.0;0,00
ALMIRANTE TAMANDARÉ;410040003A;PR;Jardim Graziela;-25,343;-49,246;2025-09-23 13:40:00.0;0,00
ALMIRANTE TAMANDARÉ;410040003A;PR;Jardim Graziela;-25,343;-49,246;2025-09-23 14:40:00.0;0,00
ALMIRANTE TAMANDARÉ;410040003A;PR;Jardim Graziela;-25,343;-49,246;2025-09-23 15:40:00.0;0,00
ALMIRANTE TAMANDARÉ;410040003A;PR;Jardim Graziela;-25,343;-49,246;2025-09-23 16:40:00.0;0,00
ALMIRANTE TAMANDARÉ;410040003A;PR;Jardim Graziela;-25,343;-49,246;2025-09-23 17:40:00.0;0,00
ALMIRANTE TAMANDARÉ;410040003A;PR;Jardim Graziela;-25,343;-49,246;2025-09-23 18:40:00.0;0,00
ALMIRANTE TAMANDARÉ;410040003A;PR;Jardim Graziela;-25,343;-49,246;2025-09-23 19:40:00.0;0,00
ALMIRANTE TAMANDARÉ;410040003A;PR;Jardim Graziela;-25,343;-49,246;2025-09-23 20:40:00.0;0,00
ALMIRANTE TAMANDARÉ;410040003A;PR;Jardim Graziela;-25,343;-49,246;2025-09-23 21:40:00.0;0,00
ALMIRANTE TAMANDARÉ;410040003A;PR;Jardim Graziela;-25,343;-49,246;2025-09-23 22:40:00.0;0,00
ALMIRANTE TAMANDARÉ;410040003A;PR;Jardim Graziela;-25,343;-49,246;2025-09-23 23:40:00.0;0,00
ALMIRANTE TAMANDARÉ;410040003A;PR;Jardim Graziela;-25,343;-49,246;2025-09-24 00:40:00.0;0,00
ALMIRANTE TAMANDARÉ;410040003A;PR;Jardim Graziela;-25,343;-49,246;2025-09-24 01:40:00.0;0,00
ALMIRANTE TAMANDARÉ;410040003A;PR;Jardim Graziela;-25,343;-49,246;2025-09-24 02:40:00.0;0,00
ALMIRANTE TAMANDARÉ;410040003A;PR;Jardim Graziela;-25,343;-49,246;2025-09-24 03:40:00.0;0,00
ALMIRANTE TAMANDARÉ;410040003A;PR;Jardim Graziela;-25,343;-49,246;2025-09-24 04:40:00.0;0,00
ALMIRANTE TAMANDARÉ;410040003A;PR;Jardim Graziela;-25,343;-49,246;2025-09-24 05:40:00.0;0,00
ALMIRANTE TAMANDARÉ;410040003A;PR;Jardim Graziela;-25,343;-49,246;2025-09-24 06:40:00.0;0,00
ALMIRANTE TAMANDARÉ;410040003A;PR;Jardim Graziela;-25,343;-49,246;2025-09-24 07:40:00.0;0,00
ALMIRANTE TAMANDARÉ;410040003A;PR;Jardim Graziela;-25,343;-49,246;2025-09-24 08:40:00.0;0,00
ALMIRANTE TAMANDARÉ;410040003A;PR;Jardim Graziela;-25,343;-49,246;2025-09-24 09:40:00.0;0,00
ALMIRANTE TAMANDARÉ;410040003A;PR;Jardim Graziela;-25,343;-49,246;2025-09-24 10:40:00.0;0,00
ALMIRANTE TAMANDARÉ;410040003A;PR;Jardim Graziela;-25,343;-49,246;2025-09-24 11:40:00.0;0,00
ALMIRANTE TAMANDARÉ;410040003A;PR;Jardim Graziela;-25,343;-49,246;2025-09-24 12:40:00.0;0,00
ALMIRANTE TAMANDARÉ;410040003A;PR;Jardim Graziela;-25,343;-49,246;2025-09-24 13:40:00.0;0,00
ALMIRANTE TAMANDARÉ;410040003A;PR;Jardim Graziela;-25,343;-49,246;2025-09-24 14:40:00.0;0,00
ALMIRANTE TAMANDARÉ;410040003A;PR;Jardim Graziela;-25,343;-49,246;2025-09-24 15:40:00.0;0,00
ALMIRANTE TAMANDARÉ;410040003A;PR;Jardim Graziela;-25,343;-49,246;2025-09-24 16:40:00.0;0,00
ALMIRANTE TAMANDARÉ;410040003A;PR;Jardim Graziela;-25,343;-49,246;2025-09-24 17:40:00.0;0,00
ALMIRANTE TAMANDARÉ;410040003A;PR;Jardim Graziela;-25,343;-49,246;2025-09-24 18:40:00.0;0,00
ALMIRANTE TAMANDARÉ;410040003A;PR;Jardim Graziela;-25,343;-49,246;2025-09-24 19:40:00.0;0,00
ALMIRANTE TAMANDARÉ;410040003A;PR;Jardim Graziela;-25,343;-49,246;2025-09-24 20:40:00.0;0,00
ALMIRANTE TAMANDARÉ;410040003A;PR;Jardim Graziela;-25,343;-49,246;2025-09-24 21:40:00.0;0,00
ALMIRANTE TAMANDARÉ;410040003A;PR;Jardim Graziela;-25,343;-49,246;2025-09-24 22:40:00.0;0,00
ALMIRANTE TAMANDARÉ;410040003A;PR;Jardim Graziela;-25,343;-49,246;2025-09-24 23:40:00.0;0,00
ALMIRANTE TAMANDARÉ;410040003A;PR;Jardim Graziela;-25,343;-49,246;2025-09-25 00:40:00.0;0,00
ALMIRANTE TAMANDARÉ;410040003A;PR;Jardim Graziela;-25,343;-49,246;2025-09-25 01:40:00.0;0,00
ALMIRANTE TAMANDARÉ;410040003A;PR;Jardim Graziela;-25,343;-49,246;2025-09-25 02:40:00.0;0,00
ALMIRANTE TAMANDARÉ;410040003A;PR;Jardim Graziela;-25,343;-49,246;2025-09-25 03:40:00.0;0,00
ALMIRANTE TAMANDARÉ;410040003A;PR;Jardim Graziela;-25,343;-49,246;2025-09-25 04:40:00.0;0,00
ALMIRANTE TAMANDARÉ;410040003A;PR;Jardim Graziela;-25,343;-49,246;2025-09-25 05:40:00.0;0,00
ALMIRANTE TAMANDARÉ;410040003A;PR;Jardim Graziela;-25,343;-49,246;2025-09-25 06:40:00.0;0,00
ALMIRANTE TAMANDARÉ;410040003A;PR;Jardim Graziela;-25,343;-49,246;2025-09-25 07:40:00.0;0,00
ALMIRANTE TAMANDARÉ;410040003A;PR;Jardim Graziela;-25,343;-49,246;2025-09-25 08:40:00.0;0,00
ALMIRANTE TAMANDARÉ;410040003A;PR;Jardim Graziela;-25,343;-49,246;2025-09-25 09:20:00.0;0,20
ALMIRANTE TAMANDARÉ;410040003A;PR;Jardim Graziela;-25,343;-49,246;2025-09-25 09:40:00.0;0,00
ALMIRANTE TAMANDARÉ;410040003A;PR;Jardim Graziela;-25,343;-49,246;2025-09-25 10:40:00.0;0,00
ALMIRANTE TAMANDARÉ;410040003A;PR;Jardim Graziela;-25,343;-49,246;2025-09-25 11:40:00.0;0,00
ALMIRANTE TAMANDARÉ;410040003A;PR;Jardim Graziela;-25,343;-49,246;2025-09-25 12:40:00.0;0,00
ALMIRANTE TAMANDARÉ;410040003A;PR;Jardim Graziela;-25,343;-49,246;2025-09-25 13:40:00.0;0,42
ALMIRANTE TAMANDARÉ;410040003A;PR;Jardim Graziela;-25,343;-49,246;2025-09-25 14:00:00.0;0,20
ALMIRANTE TAMANDARÉ;410040003A;PR;Jardim Graziela;-25,343;-49,246;2025-09-25 14:40:00.0;0,00
ALMIRANTE TAMANDARÉ;410040003A;PR;Jardim Graziela;-25,343;-49,246;2025-09-25 15:40:00.0;0,00
ALMIRANTE TAMANDARÉ;410040003A;PR;Jardim Graziela;-25,343;-49,246;2025-09-25 16:40:00.0;0,00
ALMIRANTE TAMANDARÉ;410040003A;PR;Jardim Graziela;-25,343;-49,246;2025-09-25 17:40:00.0;0,00
ALMIRANTE TAMANDARÉ;410040003A;PR;Jardim Graziela;-25,343;-49,246;2025-09-25 18:40:00.0;0,00
ALMIRANTE TAMANDARÉ;410040003A;PR;Jardim Graziela;-25,343;-49,246;2025-09-25 19:40:00.0;0,20
ALMIRANTE TAMANDARÉ;410040003A;PR;Jardim Graziela;-25,343;-49,246;2025-09-25 20:40:00.0;0,00
ALMIRANTE TAMANDARÉ;410040003A;PR;Jardim Graziela;-25,343;-49,246;2025-09-25 21:40:00.0;0,00
ALMIRANTE TAMANDARÉ;410040003A;PR;Jardim Graziela;-25,343;-49,246;2025-09-25 22:40:00.0;0,00
ALMIRANTE TAMANDARÉ;410040003A;PR;Jardim Graziela;-25,343;-49,246;2025-09-25 23:40:00.0;0,00
ALMIRANTE TAMANDARÉ;410040003A;PR;Jardim Graziela;-25,343;-49,246;2025-09-26 00:30:00.0;0,20
ALMIRANTE TAMANDARÉ;410040003A;PR;Jardim Graziela;-25,343;-49,246;2025-09-26 00:40:00.0;0,00
ALMIRANTE TAMANDARÉ;410040003A;PR;Jardim Graziela;-25,343;-49,246;2025-09-26 01:40:00.0;0,00
ALMIRANTE TAMANDARÉ;410040003A;PR;Jardim Graziela;-25,343;-49,246;2025-09-26 02:00:00.0;0,20
ALMIRANTE TAMANDARÉ;410040003A;PR;Jardim Graziela;-25,343;-49,246;2025-09-26 02:40:00.0;0,00
ALMIRANTE TAMANDARÉ;410040003A;PR;Jardim Graziela;-25,343;-49,246;2025-09-26 03:00:00.0;0,20
ALMIRANTE TAMANDARÉ;410040003A;PR;Jardim Graziela;-25,343;-49,246;2025-09-26 03:40:00.0;0,00
ALMIRANTE TAMANDARÉ;410040003A;PR;Jardim Graziela;-25,343;-49,246;2025-09-26 04:20:00.0;0,20
ALMIRANTE TAMANDARÉ;410040003A;PR;Jardim Graziela;-25,343;-49,246;2025-09-26 04:30:00.0;0,20
ALMIRANTE TAMANDARÉ;410040003A;PR;Jardim Graziela;-25,343;-49,246;2025-09-26 04:40:00.0;0,00
ALMIRANTE TAMANDARÉ;410040003A;PR;Jardim Graziela;-25,343;-49,246;2025-09-26 05:10:00.0;0,20
ALMIRANTE TAMANDARÉ;410040003A;PR;Jardim Graziela;-25,343;-49,246;2025-09-26 05:30:00.0;0,20
ALMIRANTE TAMANDARÉ;410040003A;PR;Jardim Graziela;-25,343;-49,246;2025-09-26 05:40:00.0;0,00
ALMIRANTE TAMANDARÉ;410040003A;PR;Jardim Graziela;-25,343;-49,246;2025-09-26 06:00:00.0;0,20
ALMIRANTE TAMANDARÉ;410040003A;PR;Jardim Graziela;-25,343;-49,246;2025-09-26 06:10:00.0;0,20
ALMIRANTE TAMANDARÉ;410040003A;PR;Jardim Graziela;-25,343;-49,246;2025-09-26 06:30:00.0;0,20
ALMIRANTE TAMANDARÉ;410040003A;PR;Jardim Graziela;-25,343;-49,246;2025-09-26 06:40:00.0;0,20
ALMIRANTE TAMANDARÉ;410040003A;PR;Jardim Graziela;-25,343;-49,246;2025-09-26 07:00:00.0;0,39
ALMIRANTE TAMANDARÉ;410040003A;PR;Jardim Graziela;-25,343;-49,246;2025-09-26 07:10:00.0;0,20
ALMIRANTE TAMANDARÉ;410040003A;PR;Jardim Graziela;-25,343;-49,246;2025-09-26 07:30:00.0;0,20
ALMIRANTE TAMANDARÉ;410040003A;PR;Jardim Graziela;-25,343;-49,246;2025-09-26 07:40:00.0;0,20
ALMIRANTE TAMANDARÉ;410040003A;PR;Jardim Graziela;-25,343;-49,246;2025-09-26 07:50:00.0;0,20
ALMIRANTE TAMANDARÉ;410040003A;PR;Jardim Graziela;-25,343;-49,246;2025-09-26 08:40:00.0;0,20
ALMIRANTE TAMANDARÉ;410040003A;PR;Jardim Graziela;-25,343;-49,246;2025-09-26 08:50:00.0;0,00
ALMIRANTE TAMANDARÉ;410040003A;PR;Jardim Graziela;-25,343;-49,246;2025-09-26 09:00:00.0;0,20
ALMIRANTE TAMANDARÉ;410040003A;PR;Jardim Graziela;-25,343;-49,246;2025-09-26 09:30:00.0;0,20
ALMIRANTE TAMANDARÉ;410040003A;PR;Jardim Graziela;-25,343;-49,246;2025-09-26 09:40:00.0;0,00
ALMIRANTE TAMANDARÉ;410040003A;PR;Jardim Graziela;-25,343;-49,246;2025-09-26 10:40:00.0;0,00
ALMIRANTE TAMANDARÉ;410040003A;PR;Jardim Graziela;-25,343;-49,246;2025-09-26 11:40:00.0;0,00
ALMIRANTE TAMANDARÉ;410040003A;PR;Jardim Graziela;-25,343;-49,246;2025-09-26 12:40:00.0;0,00
ALMIRANTE TAMANDARÉ;410040003A;PR;Jardim Graziela;-25,343;-49,246;2025-09-26 13:50:00.0;0,00
ALMIRANTE TAMANDARÉ;410040003A;PR;Jardim Graziela;-25,343;-49,246;2025-09-26 15:10:00.0;0,00
ALMIRANTE TAMANDARÉ;410040003A;PR;Jardim Graziela;-25,343;-49,246;2025-09-26 15:40:00.0;0,00
ALMIRANTE TAMANDARÉ;410040003A;PR;Jardim Graziela;-25,343;-49,246;2025-09-26 16:40:00.0;0,00
ALMIRANTE TAMANDARÉ;410040003A;PR;Jardim Graziela;-25,343;-49,246;2025-09-26 17:40:00.0;0,00
ALMIRANTE TAMANDARÉ;410040003A;PR;Jardim Graziela;-25,343;-49,246;2025-09-26 18:40:00.0;0,00
ALMIRANTE TAMANDARÉ;410040003A;PR;Jardim Graziela;-25,343;-49,246;2025-09-26 19:40:00.0;0,00
ALMIRANTE TAMANDARÉ;410040003A;PR;Jardim Graziela;-25,343;-49,246;2025-09-26 20:40:00.0;0,00
ALMIRANTE TAMANDARÉ;410040003A;PR;Jardim Graziela;-25,343;-49,246;2025-09-26 21:40:00.0;0,00
ALMIRANTE TAMANDARÉ;410040003A;PR;Jardim Graziela;-25,343;-49,246;2025-09-26 22:40:00.0;0,00
ALMIRANTE TAMANDARÉ;410040003A;PR;Jardim Graziela;-25,343;-49,246;2025-09-26 23:40:00.0;0,00
ALMIRANTE TAMANDARÉ;410040003A;PR;Jardim Graziela;-25,343;-49,246;2025-09-27 00:40:00.0;0,00
ALMIRANTE TAMANDARÉ;410040003A;PR;Jardim Graziela;-25,343;-49,246;2025-09-27 00:50:00.0;0,20
ALMIRANTE TAMANDARÉ;410040003A;PR;Jardim Graziela;-25,343;-49,246;2025-09-27 01:40:00.0;0,00
ALMIRANTE TAMANDARÉ;410040003A;PR;Jardim Graziela;-25,343;-49,246;2025-09-27 02:40:00.0;0,00
ALMIRANTE TAMANDARÉ;410040003A;PR;Jardim Graziela;-25,343;-49,246;2025-09-27 03:40:00.0;0,00
ALMIRANTE TAMANDARÉ;410040003A;PR;Jardim Graziela;-25,343;-49,246;2025-09-27 04:40:00.0;0,00
ALMIRANTE TAMANDARÉ;410040003A;PR;Jardim Graziela;-25,343;-49,246;2025-09-27 05:40:00.0;0,00
ALMIRANTE TAMANDARÉ;410040003A;PR;Jardim Graziela;-25,343;-49,246;2025-09-27 06:40:00.0;0,00
ALMIRANTE TAMANDARÉ;410040003A;PR;Jardim Graziela;-25,343;-49,246;2025-09-27 07:40:00.0;0,00
ALMIRANTE TAMANDARÉ;410040003A;PR;Jardim Graziela;-25,343;-49,246;2025-09-27 08:40:00.0;0,00
ALMIRANTE TAMANDARÉ;410040003A;PR;Jardim Graziela;-25,343;-49,246;2025-09-27 09:40:00.0;0,00
ALMIRANTE TAMANDARÉ;410040003A;PR;Jardim Graziela;-25,343;-49,246;2025-09-27 10:40:00.0;0,00
ALMIRANTE TAMANDARÉ;410040003A;PR;Jardim Graziela;-25,343;-49,246;2025-09-27 11:40:00.0;0,00
ALMIRANTE TAMANDARÉ;410040003A;PR;Jardim Graziela;-25,343;-49,246;2025-09-27 12:40:00.0;0,00
ALMIRANTE TAMANDARÉ;410040003A;PR;Jardim Graziela;-25,343;-49,246;2025-09-27 13:40:00.0;0,00
ALMIRANTE TAMANDARÉ;410040003A;PR;Jardim Graziela;-25,343;-49,246;2025-09-27 14:40:00.0;0,00
ALMIRANTE TAMANDARÉ;410040003A;PR;Jardim Graziela;-25,343;-49,246;2025-09-27 15:40:00.0;0,00
ALMIRANTE TAMANDARÉ;410040003A;PR;Jardim Graziela;-25,343;-49,246;2025-09-27 16:40:00.0;0,00
ALMIRANTE TAMANDARÉ;410040003A;PR;Jardim Graziela;-25,343;-49,246;2025-09-27 17:40:00.0;0,00
ALMIRANTE TAMANDARÉ;410040003A;PR;Jardim Graziela;-25,343;-49,246;2025-09-27 18:40:00.0;0,00
ALMIRANTE TAMANDARÉ;410040003A;PR;Jardim Graziela;-25,343;-49,246;2025-09-27 19:40:00.0;0,00
ALMIRANTE TAMANDARÉ;410040003A;PR;Jardim Graziela;-25,343;-49,246;2025-09-27 20:40:00.0;0,00
ALMIRANTE TAMANDARÉ;410040003A;PR;Jardim Graziela;-25,343;-49,246;2025-09-27 21:40:00.0;0,00
ALMIRANTE TAMANDARÉ;410040003A;PR;Jardim Graziela;-25,343;-49,246;2025-09-27 22:40:00.0;0,00
ALMIRANTE TAMANDARÉ;410040003A;PR;Jardim Graziela;-25,343;-49,246;2025-09-27 23:40:00.0;0,00
ALMIRANTE TAMANDARÉ;410040003A;PR;Jardim Graziela;-25,343;-49,246;2025-09-28 00:40:00.0;0,00
ALMIRANTE TAMANDARÉ;410040003A;PR;Jardim Graziela;-25,343;-49,246;2025-09-28 01:40:00.0;0,00
ALMIRANTE TAMANDARÉ;410040003A;PR;Jardim Graziela;-25,343;-49,246;2025-09-28 02:40:00.0;0,00
ALMIRANTE TAMANDARÉ;410040003A;PR;Jardim Graziela;-25,343;-49,246;2025-09-28 03:40:00.0;0,00
ALMIRANTE TAMANDARÉ;410040003A;PR;Jardim Graziela;-25,343;-49,246;2025-09-28 04:40:00.0;0,00
ALMIRANTE TAMANDARÉ;410040003A;PR;Jardim Graziela;-25,343;-49,246;2025-09-28 05:40:00.0;0,00
ALMIRANTE TAMANDARÉ;410040003A;PR;Jardim Graziela;-25,343;-49,246;2025-09-28 06:40:00.0;0,00
ALMIRANTE TAMANDARÉ;410040003A;PR;Jardim Graziela;-25,343;-49,246;2025-09-28 07:40:00.0;0,00
ALMIRANTE TAMANDARÉ;410040003A;PR;Jardim Graziela;-25,343;-49,246;2025-09-28 08:40:00.0;0,00
ALMIRANTE TAMANDARÉ;410040003A;PR;Jardim Graziela;-25,343;-49,246;2025-09-28 09:40:00.0;0,00
ALMIRANTE TAMANDARÉ;410040003A;PR;Jardim Graziela;-25,343;-49,246;2025-09-28 10:40:00.0;0,00
ALMIRANTE TAMANDARÉ;410040003A;PR;Jardim Graziela;-25,343;-49,246;2025-09-28 11:40:00.0;0,00
ALMIRANTE TAMANDARÉ;410040003A;PR;Jardim Graziela;-25,343;-49,246;2025-09-28 12:40:00.0;0,00
ALMIRANTE TAMANDARÉ;410040003A;PR;Jardim Graziela;-25,343;-49,246;2025-09-28 13:40:00.0;0,00
ALMIRANTE TAMANDARÉ;410040003A;PR;Jardim Graziela;-25,343;-49,246;2025-09-28 14:40:00.0;0,00
ALMIRANTE TAMANDARÉ;410040003A;PR;Jardim Graziela;-25,343;-49,246;2025-09-28 15:40:00.0;0,00
ALMIRANTE TAMANDARÉ;410040003A;PR;Jardim Graziela;-25,343;-49,246;2025-09-28 16:40:00.0;0,00
ALMIRANTE TAMANDARÉ;410040003A;PR;Jardim Graziela;-25,343;-49,246;2025-09-28 17:40:00.0;0,00
ALMIRANTE TAMANDARÉ;410040003A;PR;Jardim Graziela;-25,343;-49,246;2025-09-28 18:50:00.0;0,00
ALMIRANTE TAMANDARÉ;410040003A;PR;Jardim Graziela;-25,343;-49,246;2025-09-28 19:40:00.0;0,00
ALMIRANTE TAMANDARÉ;410040003A;PR;Jardim Graziela;-25,343;-49,246;2025-09-28 20:40:00.0;0,00
ALMIRANTE TAMANDARÉ;410040003A;PR;Jardim Graziela;-25,343;-49,246;2025-09-28 21:40:00.0;0,00
ALMIRANTE TAMANDARÉ;410040003A;PR;Jardim Graziela;-25,343;-49,246;2025-09-28 22:40:00.0;0,00
ALMIRANTE TAMANDARÉ;410040003A;PR;Jardim Graziela;-25,343;-49,246;2025-09-29 01:40:00.0;0,00
ALMIRANTE TAMANDARÉ;410040003A;PR;Jardim Graziela;-25,343;-49,246;2025-09-29 02:50:00.0;0,00
ALMIRANTE TAMANDARÉ;410040003A;PR;Jardim Graziela;-25,343;-49,246;2025-09-29 03:50:00.0;0,00
ALMIRANTE TAMANDARÉ;410040003A;PR;Jardim Graziela;-25,343;-49,246;2025-09-29 04:40:00.0;0,00
ALMIRANTE TAMANDARÉ;410040003A;PR;Jardim Graziela;-25,343;-49,246;2025-09-29 05:40:00.0;0,00
ALMIRANTE TAMANDARÉ;410040003A;PR;Jardim Graziela;-25,343;-49,246;2025-09-29 06:40:00.0;0,00
ALMIRANTE TAMANDARÉ;410040003A;PR;Jardim Graziela;-25,343;-49,246;2025-09-29 07:40:00.0;0,00
ALMIRANTE TAMANDARÉ;410040003A;PR;Jardim Graziela;-25,343;-49,246;2025-09-29 08:40:00.0;0,00
ALMIRANTE TAMANDARÉ;410040003A;PR;Jardim Graziela;-25,343;-49,246;2025-09-29 09:40:00.0;0,00
ALMIRANTE TAMANDARÉ;410040003A;PR;Jardim Graziela;-25,343;-49,246;2025-09-29 10:50:00.0;0,00
ALMIRANTE TAMANDARÉ;410040003A;PR;Jardim Graziela;-25,343;-49,246;2025-09-29 11:40:00.0;0,00
ALMIRANTE TAMANDARÉ;410040003A;PR;Jardim Graziela;-25,343;-49,246;2025-09-29 12:40:00.0;0,00
ALMIRANTE TAMANDARÉ;410040003A;PR;Jardim Graziela;-25,343;-49,246;2025-09-29 13:50:00.0;0,00
ALMIRANTE TAMANDARÉ;410040003A;PR;Jardim Graziela;-25,343;-49,246;2025-09-29 14:40:00.0;0,00
ALMIRANTE TAMANDARÉ;410040003A;PR;Jardim Graziela;-25,343;-49,246;2025-09-29 15:40:00.0;0,00
ALMIRANTE TAMANDARÉ;410040003A;PR;Jardim Graziela;-25,343;-49,246;2025-09-29 16:40:00.0;0,00
ALMIRANTE TAMANDARÉ;410040003A;PR;Jardim Graziela;-25,343;-49,246;2025-09-29 17:40:00.0;0,00
ALMIRANTE TAMANDARÉ;410040003A;PR;Jardim Graziela;-25,343;-49,246;2025-09-29 18:50:00.0;0,00
ALMIRANTE TAMANDARÉ;410040003A;PR;Jardim Graziela;-25,343;-49,246;2025-09-29 19:50:00.0;0,00
ALMIRANTE TAMANDARÉ;410040003A;PR;Jardim Graziela;-25,343;-49,246;2025-09-29 20:40:00.0;0,00
ALMIRANTE TAMANDARÉ;410040003A;PR;Jardim Graziela;-25,343;-49,246;2025-09-29 21:50:00.0;0,00
ALMIRANTE TAMANDARÉ;410040003A;PR;Jardim Graziela;-25,343;-49,246;2025-09-30 02:00:00.0;0,00
ALMIRANTE TAMANDARÉ;410040003A;PR;Jardim Graziela;-25,343;-49,246;2025-09-30 02:40:00.0;0,00
ALMIRANTE TAMANDARÉ;410040003A;PR;Jardim Graziela;-25,343;-49,246;2025-09-30 04:10:00.0;0,00
ALMIRANTE TAMANDARÉ;410040003A;PR;Jardim Graziela;-25,343;-49,246;2025-09-30 04:40:00.0;0,00
ALMIRANTE TAMANDARÉ;410040003A;PR;Jardim Graziela;-25,343;-49,246;2025-09-30 05:40:00.0;0,00
ALMIRANTE TAMANDARÉ;410040003A;PR;Jardim Graziela;-25,343;-49,246;2025-09-30 06:40:00.0;0,00
ALMIRANTE TAMANDARÉ;410040003A;PR;Jardim Graziela;-25,343;-49,246;2025-09-30 07:40:00.0;0,00
ALMIRANTE TAMANDARÉ;410040003A;PR;Jardim Graziela;-25,343;-49,246;2025-09-30 08:30:00.0;0,79
ALMIRANTE TAMANDARÉ;410040003A;PR;Jardim Graziela;-25,343;-49,246;2025-09-30 08:40:00.0;0,79
ALMIRANTE TAMANDARÉ;410040003A;PR;Jardim Graziela;-25,343;-49,246;2025-09-30 08:50:00.0;0,39
ALMIRANTE TAMANDARÉ;410040003A;PR;Jardim Graziela;-25,343;-49,246;2025-09-30 09:30:00.0;0,20
ALMIRANTE TAMANDARÉ;410040003A;PR;Jardim Graziela;-25,343;-49,246;2025-09-30 10:50:00.0;0,00
ALMIRANTE TAMANDARÉ;410040003A;PR;Jardim Graziela;-25,343;-49,246;2025-09-30 11:50:00.0;0,00
ALMIRANTE TAMANDARÉ;410040003A;PR;Jardim Graziela;-25,343;-49,246;2025-09-30 13:00:00.0;0,00
ALMIRANTE TAMANDARÉ;410040003A;PR;Jardim Graziela;-25,343;-49,246;2025-09-30 13:50:00.0;0,00
ALMIRANTE TAMANDARÉ;410040003A;PR;Jardim Graziela;-25,343;-49,246;2025-09-30 15:20:00.0;0,00
ALMIRANTE TAMANDARÉ;410040003A;PR;Jardim Graziela;-25,343;-49,246;2025-09-30 16:40:00.0;0,00
ALMIRANTE TAMANDARÉ;410040003A;PR;Jardim Graziela;-25,343;-49,246;2025-09-30 17:40:00.0;0,00
ALMIRANTE TAMANDARÉ;410040003A;PR;Jardim Graziela;-25,343;-49,246;2025-09-30 23:30:00.0;0,20
ALMIRANTE TAMANDARÉ;410040003A;PR;Jardim Graziela;-25,343;-49,246;2025-09-30 23:40:00.0;1,97
ALMIRANTE TAMANDARÉ;410040003A;PR;Jardim Graziela;-25,343;-49,246;2025-09-30 23:50:00.0;3,74
ALMIRANTE TAMANDARÉ;410040004A;PR;Tranqueira;-25,259;-49,301;2025-09-01 00:50:00.0;0,00
ALMIRANTE TAMANDARÉ;410040004A;PR;Tranqueira;-25,259;-49,301;2025-09-01 01:50:00.0;0,00
ALMIRANTE TAMANDARÉ;410040004A;PR;Tranqueira;-25,259;-49,301;2025-09-01 02:50:00.0;0,00
ALMIRANTE TAMANDARÉ;410040004A;PR;Tranqueira;-25,259;-49,301;2025-09-01 03:50:00.0;0,00
ALMIRANTE TAMANDARÉ;410040004A;PR;Tranqueira;-25,259;-49,301;2025-09-01 04:50:00.0;0,00
ALMIRANTE TAMANDARÉ;410040004A;PR;Tranqueira;-25,259;-49,301;2025-09-01 05:50:00.0;0,00
ALMIRANTE TAMANDARÉ;410040004A;PR;Tranqueira;-25,259;-49,301;2025-09-01 06:50:00.0;0,00
ALMIRANTE TAMANDARÉ;410040004A;PR;Tranqueira;-25,259;-49,301;2025-09-01 07:50:00.0;0,00
ALMIRANTE TAMANDARÉ;410040004A;PR;Tranqueira;-25,259;-49,301;2025-09-01 08:50:00.0;0,00
ALMIRANTE TAMANDARÉ;410040004A;PR;Tranqueira;-25,259;-49,301;2025-09-01 09:50:00.0;0,00
ALMIRANTE TAMANDARÉ;410040004A;PR;Tranqueira;-25,259;-49,301;2025-09-01 10:50:00.0;0,00
ALMIRANTE TAMANDARÉ;410040004A;PR;Tranqueira;-25,259;-49,301;2025-09-01 11:50:00.0;0,00
ALMIRANTE TAMANDARÉ;410040004A;PR;Tranqueira;-25,259;-49,301;2025-09-01 12:50:00.0;0,00
ALMIRANTE TAMANDARÉ;410040004A;PR;Tranqueira;-25,259;-49,301;2025-09-01 13:50:00.0;0,00
ALMIRANTE TAMANDARÉ;410040004A;PR;Tranqueira;-25,259;-49,301;2025-09-01 14:50:00.0;0,00
ALMIRANTE TAMANDARÉ;410040004A;PR;Tranqueira;-25,259;-49,301;2025-09-01 15:50:00.0;0,00
ALMIRANTE TAMANDARÉ;410040004A;PR;Tranqueira;-25,259;-49,301;2025-09-01 17:00:00.0;0,00
ALMIRANTE TAMANDARÉ;410040004A;PR;Tranqueira;-25,259;-49,301;2025-09-01 18:10:00.0;0,00
ALMIRANTE TAMANDARÉ;410040004A;PR;Tranqueira;-25,259;-49,301;2025-09-01 19:10:00.0;0,00
ALMIRANTE TAMANDARÉ;410040004A;PR;Tranqueira;-25,259;-49,301;2025-09-01 20:10:00.0;0,00
ALMIRANTE TAMANDARÉ;410040004A;PR;Tranqueira;-25,259;-49,301;2025-09-01 20:50:00.0;0,00
ALMIRANTE TAMANDARÉ;410040004A;PR;Tranqueira;-25,259;-49,301;2025-09-01 21:50:00.0;0,00
ALMIRANTE TAMANDARÉ;410040004A;PR;Tranqueira;-25,259;-49,301;2025-09-01 22:50:00.0;0,00
ALMIRANTE TAMANDARÉ;410040004A;PR;Tranqueira;-25,259;-49,301;2025-09-02 00:30:00.0;0,00
ALMIRANTE TAMANDARÉ;410040004A;PR;Tranqueira;-25,259;-49,301;2025-09-02 01:30:00.0;0,00
ALMIRANTE TAMANDARÉ;410040004A;PR;Tranqueira;-25,259;-49,301;2025-09-02 01:50:00.0;0,00
ALMIRANTE TAMANDARÉ;410040004A;PR;Tranqueira;-25,259;-49,301;2025-09-02 02:50:00.0;0,00
ALMIRANTE TAMANDARÉ;410040004A;PR;Tranqueira;-25,259;-49,301;2025-09-02 03:50:00.0;0,00
ALMIRANTE TAMANDARÉ;410040004A;PR;Tranqueira;-25,259;-49,301;2025-09-02 05:00:00.0;0,00
ALMIRANTE TAMANDARÉ;410040004A;PR;Tranqueira;-25,259;-49,301;2025-09-02 05:50:00.0;0,00
ALMIRANTE TAMANDARÉ;410040004A;PR;Tranqueira;-25,259;-49,301;2025-09-02 07:10:00.0;0,00
ALMIRANTE TAMANDARÉ;410040004A;PR;Tranqueira;-25,259;-49,301;2025-09-02 08:00:00.0;0,00
ALMIRANTE TAMANDARÉ;410040004A;PR;Tranqueira;-25,259;-49,301;2025-09-02 08:50:00.0;0,00
ALMIRANTE TAMANDARÉ;410040004A;PR;Tranqueira;-25,259;-49,301;2025-09-02 09:50:00.0;0,00
ALMIRANTE TAMANDARÉ;410040004A;PR;Tranqueira;-25,259;-49,301;2025-09-02 10:50:00.0;0,00
ALMIRANTE TAMANDARÉ;410040004A;PR;Tranqueira;-25,259;-49,301;2025-09-02 11:50:00.0;0,00
ALMIRANTE TAMANDARÉ;410040004A;PR;Tranqueira;-25,259;-49,301;2025-09-02 12:50:00.0;0,00
ALMIRANTE TAMANDARÉ;410040004A;PR;Tranqueira;-25,259;-49,301;2025-09-02 13:50:00.0;0,00
ALMIRANTE TAMANDARÉ;410040004A;PR;Tranqueira;-25,259;-49,301;2025-09-02 14:50:00.0;0,00
ALMIRANTE TAMANDARÉ;410040004A;PR;Tranqueira;-25,259;-49,301;2025-09-02 15:50:00.0;0,00
ALMIRANTE TAMANDARÉ;410040004A;PR;Tranqueira;-25,259;-49,301;2025-09-02 16:50:00.0;0,00
ALMIRANTE TAMANDARÉ;410040004A;PR;Tranqueira;-25,259;-49,301;2025-09-02 17:50:00.0;0,00
ALMIRANTE TAMANDARÉ;410040004A;PR;Tranqueira;-25,259;-49,301;2025-09-02 18:50:00.0;0,00
ALMIRANTE TAMANDARÉ;410040004A;PR;Tranqueira;-25,259;-49,301;2025-09-02 19:50:00.0;0,00
ALMIRANTE TAMANDARÉ;410040004A;PR;Tranqueira;-25,259;-49,301;2025-09-02 20:50:00.0;0,00
ALMIRANTE TAMANDARÉ;410040004A;PR;Tranqueira;-25,259;-49,301;2025-09-02 21:50:00.0;0,00
ALMIRANTE TAMANDARÉ;410040004A;PR;Tranqueira;-25,259;-49,301;2025-09-02 22:50:00.0;0,00
ALMIRANTE TAMANDARÉ;410040004A;PR;Tranqueira;-25,259;-49,301;2025-09-02 23:50:00.0;0,00
ALMIRANTE TAMANDARÉ;410040004A;PR;Tranqueira;-25,259;-49,301;2025-09-03 00:50:00.0;0,00
ALMIRANTE TAMANDARÉ;410040004A;PR;Tranqueira;-25,259;-49,301;2025-09-03 01:50:00.0;0,00
ALMIRANTE TAMANDARÉ;410040004A;PR;Tranqueira;-25,259;-49,301;2025-09-03 02:50:00.0;0,00
ALMIRANTE TAMANDARÉ;410040004A;PR;Tranqueira;-25,259;-49,301;2025-09-03 03:50:00.0;0,00
ALMIRANTE TAMANDARÉ;410040004A;PR;Tranqueira;-25,259;-49,301;2025-09-03 04:50:00.0;0,00
ALMIRANTE TAMANDARÉ;410040004A;PR;Tranqueira;-25,259;-49,301;2025-09-03 05:50:00.0;0,00
ALMIRANTE TAMANDARÉ;410040004A;PR;Tranqueira;-25,259;-49,301;2025-09-03 06:50:00.0;0,00
ALMIRANTE TAMANDARÉ;410040004A;PR;Tranqueira;-25,259;-49,301;2025-09-03 07:50:00.0;0,00
ALMIRANTE TAMANDARÉ;410040004A;PR;Tranqueira;-25,259;-49,301;2025-09-03 08:50:00.0;0,00
ALMIRANTE TAMANDARÉ;410040004A;PR;Tranqueira;-25,259;-49,301;2025-09-03 09:50:00.0;0,00
ALMIRANTE TAMANDARÉ;410040004A;PR;Tranqueira;-25,259;-49,301;2025-09-03 10:50:00.0;0,00
ALMIRANTE TAMANDARÉ;410040004A;PR;Tranqueira;-25,259;-49,301;2025-09-03 11:50:00.0;0,00
ALMIRANTE TAMANDARÉ;410040004A;PR;Tranqueira;-25,259;-49,301;2025-09-03 12:50:00.0;0,00
ALMIRANTE TAMANDARÉ;410040004A;PR;Tranqueira;-25,259;-49,301;2025-09-03 13:50:00.0;0,00
ALMIRANTE TAMANDARÉ;410040004A;PR;Tranqueira;-25,259;-49,301;2025-09-03 14:50:00.0;0,00
ALMIRANTE TAMANDARÉ;410040004A;PR;Tranqueira;-25,259;-49,301;2025-09-03 15:50:00.0;0,00
ALMIRANTE TAMANDARÉ;410040004A;PR;Tranqueira;-25,259;-49,301;2025-09-03 16:50:00.0;0,00
ALMIRANTE TAMANDARÉ;410040004A;PR;Tranqueira;-25,259;-49,301;2025-09-03 17:50:00.0;0,00
ALMIRANTE TAMANDARÉ;410040004A;PR;Tranqueira;-25,259;-49,301;2025-09-03 18:50:00.0;0,00
ALMIRANTE TAMANDARÉ;410040004A;PR;Tranqueira;-25,259;-49,301;2025-09-03 19:50:00.0;0,00
ALMIRANTE TAMANDARÉ;410040004A;PR;Tranqueira;-25,259;-49,301;2025-09-03 20:50:00.0;0,00
ALMIRANTE TAMANDARÉ;410040004A;PR;Tranqueira;-25,259;-49,301;2025-09-03 21:50:00.0;0,00
ALMIRANTE TAMANDARÉ;410040004A;PR;Tranqueira;-25,259;-49,301;2025-09-03 22:50:00.0;0,00
ALMIRANTE TAMANDARÉ;410040004A;PR;Tranqueira;-25,259;-49,301;2025-09-03 23:50:00.0;0,00
ALMIRANTE TAMANDARÉ;410040004A;PR;Tranqueira;-25,259;-49,301;2025-09-04 00:50:00.0;0,00
ALMIRANTE TAMANDARÉ;410040004A;PR;Tranqueira;-25,259;-49,301;2025-09-04 01:50:00.0;0,00
ALMIRANTE TAMANDARÉ;410040004A;PR;Tranqueira;-25,259;-49,301;2025-09-04 02:50:00.0;0,00
ALMIRANTE TAMANDARÉ;410040004A;PR;Tranqueira;-25,259;-49,301;2025-09-04 03:50:00.0;0,00
ALMIRANTE TAMANDARÉ;410040004A;PR;Tranqueira;-25,259;-49,301;2025-09-04 04:50:00.0;0,00
ALMIRANTE TAMANDARÉ;410040004A;PR;Tranqueira;-25,259;-49,301;2025-09-04 05:50:00.0;0,00
ALMIRANTE TAMANDARÉ;410040004A;PR;Tranqueira;-25,259;-49,301;2025-09-04 06:50:00.0;0,00
ALMIRANTE TAMANDARÉ;410040004A;PR;Tranqueira;-25,259;-49,301;2025-09-04 07:50:00.0;0,00
ALMIRANTE TAMANDARÉ;410040004A;PR;Tranqueira;-25,259;-49,301;2025-09-04 08:50:00.0;0,00
ALMIRANTE TAMANDARÉ;410040004A;PR;Tranqueira;-25,259;-49,301;2025-09-04 09:50:00.0;0,00
ALMIRANTE TAMANDARÉ;410040004A;PR;Tranqueira;-25,259;-49,301;2025-09-04 10:50:00.0;0,00
ALMIRANTE TAMANDARÉ;410040004A;PR;Tranqueira;-25,259;-49,301;2025-09-04 11:50:00.0;0,00
ALMIRANTE TAMANDARÉ;410040004A;PR;Tranqueira;-25,259;-49,301;2025-09-04 12:50:00.0;0,00
ALMIRANTE TAMANDARÉ;410040004A;PR;Tranqueira;-25,259;-49,301;2025-09-04 13:50:00.0;0,00
ALMIRANTE TAMANDARÉ;410040004A;PR;Tranqueira;-25,259;-49,301;2025-09-04 14:50:00.0;0,00
ALMIRANTE TAMANDARÉ;410040004A;PR;Tranqueira;-25,259;-49,301;2025-09-04 15:50:00.0;0,00
ALMIRANTE TAMANDARÉ;410040004A;PR;Tranqueira;-25,259;-49,301;2025-09-04 16:50:00.0;0,00
ALMIRANTE TAMANDARÉ;410040004A;PR;Tranqueira;-25,259;-49,301;2025-09-04 17:50:00.0;0,00
ALMIRANTE TAMANDARÉ;410040004A;PR;Tranqueira;-25,259;-49,301;2025-09-04 18:50:00.0;0,00
ALMIRANTE TAMANDARÉ;410040004A;PR;Tranqueira;-25,259;-49,301;2025-09-04 19:50:00.0;0,00
ALMIRANTE TAMANDARÉ;410040004A;PR;Tranqueira;-25,259;-49,301;2025-09-04 20:50:00.0;0,00
ALMIRANTE TAMANDARÉ;410040004A;PR;Tranqueira;-25,259;-49,301;2025-09-04 21:50:00.0;0,00
ALMIRANTE TAMANDARÉ;410040004A;PR;Tranqueira;-25,259;-49,301;2025-09-04 22:50:00.0;0,00
ALMIRANTE TAMANDARÉ;410040004A;PR;Tranqueira;-25,259;-49,301;2025-09-04 23:50:00.0;0,00
ALMIRANTE TAMANDARÉ;410040004A;PR;Tranqueira;-25,259;-49,301;2025-09-05 00:50:00.0;0,00
ALMIRANTE TAMANDARÉ;410040004A;PR;Tranqueira;-25,259;-49,301;2025-09-05 01:50:00.0;0,00
ALMIRANTE TAMANDARÉ;410040004A;PR;Tranqueira;-25,259;-49,301;2025-09-05 02:50:00.0;0,00
ALMIRANTE TAMANDARÉ;410040004A;PR;Tranqueira;-25,259;-49,301;2025-09-05 03:50:00.0;0,00
ALMIRANTE TAMANDARÉ;410040004A;PR;Tranqueira;-25,259;-49,301;2025-09-05 04:50:00.0;0,00
ALMIRANTE TAMANDARÉ;410040004A;PR;Tranqueira;-25,259;-49,301;2025-09-05 05:50:00.0;0,00
ALMIRANTE TAMANDARÉ;410040004A;PR;Tranqueira;-25,259;-49,301;2025-09-05 06:50:00.0;0,00
ALMIRANTE TAMANDARÉ;410040004A;PR;Tranqueira;-25,259;-49,301;2025-09-05 07:50:00.0;0,00
ALMIRANTE TAMANDARÉ;410040004A;PR;Tranqueira;-25,259;-49,301;2025-09-05 08:50:00.0;0,00
ALMIRANTE TAMANDARÉ;410040004A;PR;Tranqueira;-25,259;-49,301;2025-09-05 09:50:00.0;0,00
ALMIRANTE TAMANDARÉ;410040004A;PR;Tranqueira;-25,259;-49,301;2025-09-05 10:50:00.0;0,00
ALMIRANTE TAMANDARÉ;410040004A;PR;Tranqueira;-25,259;-49,301;2025-09-05 11:50:00.0;0,00
ALMIRANTE TAMANDARÉ;410040004A;PR;Tranqueira;-25,259;-49,301;2025-09-05 12:50:00.0;0,00
ALMIRANTE TAMANDARÉ;410040004A;PR;Tranqueira;-25,259;-49,301;2025-09-05 13:50:00.0;0,00
ALMIRANTE TAMANDARÉ;410040004A;PR;Tranqueira;-25,259;-49,301;2025-09-05 14:50:00.0;0,00
ALMIRANTE TAMANDARÉ;410040004A;PR;Tranqueira;-25,259;-49,301;2025-09-05 15:50:00.0;0,00
ALMIRANTE TAMANDARÉ;410040004A;PR;Tranqueira;-25,259;-49,301;2025-09-05 16:50:00.0;0,00
ALMIRANTE TAMANDARÉ;410040004A;PR;Tranqueira;-25,259;-49,301;2025-09-05 17:50:00.0;0,00
ALMIRANTE TAMANDARÉ;410040004A;PR;Tranqueira;-25,259;-49,301;2025-09-05 18:50:00.0;0,00
ALMIRANTE TAMANDARÉ;410040004A;PR;Tranqueira;-25,259;-49,301;2025-09-05 19:50:00.0;0,00
ALMIRANTE TAMANDARÉ;410040004A;PR;Tranqueira;-25,259;-49,301;2025-09-05 20:50:00.0;0,00
ALMIRANTE TAMANDARÉ;410040004A;PR;Tranqueira;-25,259;-49,301;2025-09-05 21:50:00.0;0,00
ALMIRANTE TAMANDARÉ;410040004A;PR;Tranqueira;-25,259;-49,301;2025-09-05 22:50:00.0;0,00
ALMIRANTE TAMANDARÉ;410040004A;PR;Tranqueira;-25,259;-49,301;2025-09-05 23:50:00.0;0,00
ALMIRANTE TAMANDARÉ;410040004A;PR;Tranqueira;-25,259;-49,301;2025-09-06 00:10:00.0;0,20
ALMIRANTE TAMANDARÉ;410040004A;PR;Tranqueira;-25,259;-49,301;2025-09-06 00:50:00.0;0,20
ALMIRANTE TAMANDARÉ;410040004A;PR;Tranqueira;-25,259;-49,301;2025-09-06 01:00:00.0;0,39
ALMIRANTE TAMANDARÉ;410040004A;PR;Tranqueira;-25,259;-49,301;2025-09-06 01:10:00.0;0,59
ALMIRANTE TAMANDARÉ;410040004A;PR;Tranqueira;-25,259;-49,301;2025-09-06 01:20:00.0;0,39
ALMIRANTE TAMANDARÉ;410040004A;PR;Tranqueira;-25,259;-49,301;2025-09-06 01:50:00.0;0,00
ALMIRANTE TAMANDARÉ;410040004A;PR;Tranqueira;-25,259;-49,301;2025-09-06 02:50:00.0;0,00
ALMIRANTE TAMANDARÉ;410040004A;PR;Tranqueira;-25,259;-49,301;2025-09-06 03:50:00.0;0,00
ALMIRANTE TAMANDARÉ;410040004A;PR;Tranqueira;-25,259;-49,301;2025-09-06 04:50:00.0;0,00
ALMIRANTE TAMANDARÉ;410040004A;PR;Tranqueira;-25,259;-49,301;2025-09-06 05:50:00.0;0,00
ALMIRANTE TAMANDARÉ;410040004A;PR;Tranqueira;-25,259;-49,301;2025-09-06 06:50:00.0;0,00
ALMIRANTE TAMANDARÉ;410040004A;PR;Tranqueira;-25,259;-49,301;2025-09-06 07:50:00.0;0,00
ALMIRANTE TAMANDARÉ;410040004A;PR;Tranqueira;-25,259;-49,301;2025-09-06 08:50:00.0;0,00
ALMIRANTE TAMANDARÉ;410040004A;PR;Tranqueira;-25,259;-49,301;2025-09-06 09:50:00.0;0,00
ALMIRANTE TAMANDARÉ;410040004A;PR;Tranqueira;-25,259;-49,301;2025-09-06 10:50:00.0;0,00
ALMIRANTE TAMANDARÉ;410040004A;PR;Tranqueira;-25,259;-49,301;2025-09-06 11:50:00.0;0,00
ALMIRANTE TAMANDARÉ;410040004A;PR;Tranqueira;-25,259;-49,301;2025-09-06 12:50:00.0;0,00
ALMIRANTE TAMANDARÉ;410040004A;PR;Tranqueira;-25,259;-49,301;2025-09-06 13:50:00.0;0,00
ALMIRANTE TAMANDARÉ;410040004A;PR;Tranqueira;-25,259;-49,301;2025-09-06 14:50:00.0;0,00
ALMIRANTE TAMANDARÉ;410040004A;PR;Tranqueira;-25,259;-49,301;2025-09-06 15:50:00.0;0,00
ALMIRANTE TAMANDARÉ;410040004A;PR;Tranqueira;-25,259;-49,301;2025-09-06 16:50:00.0;0,00
ALMIRANTE TAMANDARÉ;410040004A;PR;Tranqueira;-25,259;-49,301;2025-09-06 17:50:00.0;0,00
ALMIRANTE TAMANDARÉ;410040004A;PR;Tranqueira;-25,259;-49,301;2025-09-06 18:50:00.0;0,00
ALMIRANTE TAMANDARÉ;410040004A;PR;Tranqueira;-25,259;-49,301;2025-09-06 19:50:00.0;0,00
ALMIRANTE TAMANDARÉ;410040004A;PR;Tranqueira;-25,259;-49,301;2025-09-06 20:50:00.0;0,00
ALMIRANTE TAMANDARÉ;410040004A;PR;Tranqueira;-25,259;-49,301;2025-09-06 21:50:00.0;0,00
ALMIRANTE TAMANDARÉ;410040004A;PR;Tranqueira;-25,259;-49,301;2025-09-06 22:50:00.0;0,00
ALMIRANTE TAMANDARÉ;410040004A;PR;Tranqueira;-25,259;-49,301;2025-09-06 23:20:00.0;0,20
ALMIRANTE TAMANDARÉ;410040004A;PR;Tranqueira;-25,259;-49,301;2025-09-06 23:30:00.0;0,20
ALMIRANTE TAMANDARÉ;410040004A;PR;Tranqueira;-25,259;-49,301;2025-09-06 23:50:00.0;0,00
ALMIRANTE TAMANDARÉ;410040004A;PR;Tranqueira;-25,259;-49,301;2025-09-07 00:50:00.0;0,00
ALMIRANTE TAMANDARÉ;410040004A;PR;Tranqueira;-25,259;-49,301;2025-09-07 01:50:00.0;0,00
ALMIRANTE TAMANDARÉ;410040004A;PR;Tranqueira;-25,259;-49,301;2025-09-07 02:50:00.0;0,00
ALMIRANTE TAMANDARÉ;410040004A;PR;Tranqueira;-25,259;-49,301;2025-09-07 03:50:00.0;0,00
ALMIRANTE TAMANDARÉ;410040004A;PR;Tranqueira;-25,259;-49,301;2025-09-07 04:50:00.0;0,00
ALMIRANTE TAMANDARÉ;410040004A;PR;Tranqueira;-25,259;-49,301;2025-09-07 05:50:00.0;0,00
ALMIRANTE TAMANDARÉ;410040004A;PR;Tranqueira;-25,259;-49,301;2025-09-07 06:20:00.0;0,20
ALMIRANTE TAMANDARÉ;410040004A;PR;Tranqueira;-25,259;-49,301;2025-09-07 06:40:00.0;0,20
ALMIRANTE TAMANDARÉ;410040004A;PR;Tranqueira;-25,259;-49,301;2025-09-07 07:00:00.0;0,00
ALMIRANTE TAMANDARÉ;410040004A;PR;Tranqueira;-25,259;-49,301;2025-09-07 07:50:00.0;0,00
ALMIRANTE TAMANDARÉ;410040004A;PR;Tranqueira;-25,259;-49,301;2025-09-07 08:50:00.0;0,00
ALMIRANTE TAMANDARÉ;410040004A;PR;Tranqueira;-25,259;-49,301;2025-09-07 09:50:00.0;0,00
ALMIRANTE TAMANDARÉ;410040004A;PR;Tranqueira;-25,259;-49,301;2025-09-07 10:50:00.0;0,00
ALMIRANTE TAMANDARÉ;410040004A;PR;Tranqueira;-25,259;-49,301;2025-09-07 11:50:00.0;0,00
ALMIRANTE TAMANDARÉ;410040004A;PR;Tranqueira;-25,259;-49,301;2025-09-07 12:50:00.0;0,00
ALMIRANTE TAMANDARÉ;410040004A;PR;Tranqueira;-25,259;-49,301;2025-09-07 13:50:00.0;0,00
ALMIRANTE TAMANDARÉ;410040004A;PR;Tranqueira;-25,259;-49,301;2025-09-07 14:50:00.0;0,00
ALMIRANTE TAMANDARÉ;410040004A;PR;Tranqueira;-25,259;-49,301;2025-09-07 15:50:00.0;0,00
ALMIRANTE TAMANDARÉ;410040004A;PR;Tranqueira;-25,259;-49,301;2025-09-07 16:50:00.0;0,00
ALMIRANTE TAMANDARÉ;410040004A;PR;Tranqueira;-25,259;-49,301;2025-09-07 17:50:00.0;0,00
ALMIRANTE TAMANDARÉ;410040004A;PR;Tranqueira;-25,259;-49,301;2025-09-07 18:50:00.0;0,00
ALMIRANTE TAMANDARÉ;410040004A;PR;Tranqueira;-25,259;-49,301;2025-09-07 19:50:00.0;0,00
ALMIRANTE TAMANDARÉ;410040004A;PR;Tranqueira;-25,259;-49,301;2025-09-07 20:50:00.0;0,00
ALMIRANTE TAMANDARÉ;410040004A;PR;Tranqueira;-25,259;-49,301;2025-09-07 21:50:00.0;0,00
ALMIRANTE TAMANDARÉ;410040004A;PR;Tranqueira;-25,259;-49,301;2025-09-07 22:50:00.0;0,00
ALMIRANTE TAMANDARÉ;410040004A;PR;Tranqueira;-25,259;-49,301;2025-09-07 23:50:00.0;0,00
ALMIRANTE TAMANDARÉ;410040004A;PR;Tranqueira;-25,259;-49,301;2025-09-08 00:50:00.0;0,00
ALMIRANTE TAMANDARÉ;410040004A;PR;Tranqueira;-25,259;-49,301;2025-09-08 01:50:00.0;0,00
ALMIRANTE TAMANDARÉ;410040004A;PR;Tranqueira;-25,259;-49,301;2025-09-08 02:50:00.0;0,00
ALMIRANTE TAMANDARÉ;410040004A;PR;Tranqueira;-25,259;-49,301;2025-09-08 03:50:00.0;0,00
ALMIRANTE TAMANDARÉ;410040004A;PR;Tranqueira;-25,259;-49,301;2025-09-08 04:50:00.0;0,00
ALMIRANTE TAMANDARÉ;410040004A;PR;Tranqueira;-25,259;-49,301;2025-09-08 05:50:00.0;0,00
ALMIRANTE TAMANDARÉ;410040004A;PR;Tranqueira;-25,259;-49,301;2025-09-08 06:50:00.0;0,00
ALMIRANTE TAMANDARÉ;410040004A;PR;Tranqueira;-25,259;-49,301;2025-09-08 07:50:00.0;0,00
ALMIRANTE TAMANDARÉ;410040004A;PR;Tranqueira;-25,259;-49,301;2025-09-08 08:50:00.0;0,00
ALMIRANTE TAMANDARÉ;410040004A;PR;Tranqueira;-25,259;-49,301;2025-09-08 09:50:00.0;0,00
ALMIRANTE TAMANDARÉ;410040004A;PR;Tranqueira;-25,259;-49,301;2025-09-08 10:50:00.0;0,00
ALMIRANTE TAMANDARÉ;410040004A;PR;Tranqueira;-25,259;-49,301;2025-09-08 11:50:00.0;0,00
ALMIRANTE TAMANDARÉ;410040004A;PR;Tranqueira;-25,259;-49,301;2025-09-08 12:50:00.0;0,00
ALMIRANTE TAMANDARÉ;410040004A;PR;Tranqueira;-25,259;-49,301;2025-09-08 13:50:00.0;0,00
ALMIRANTE TAMANDARÉ;410040004A;PR;Tranqueira;-25,259;-49,301;2025-09-08 14:50:00.0;0,00
ALMIRANTE TAMANDARÉ;410040004A;PR;Tranqueira;-25,259;-49,301;2025-09-08 15:50:00.0;0,00
ALMIRANTE TAMANDARÉ;410040004A;PR;Tranqueira;-25,259;-49,301;2025-09-08 16:50:00.0;0,00
ALMIRANTE TAMANDARÉ;410040004A;PR;Tranqueira;-25,259;-49,301;2025-09-08 17:50:00.0;0,00
ALMIRANTE TAMANDARÉ;410040004A;PR;Tranqueira;-25,259;-49,301;2025-09-08 18:50:00.0;0,00
ALMIRANTE TAMANDARÉ;410040004A;PR;Tranqueira;-25,259;-49,301;2025-09-08 19:50:00.0;0,00
ALMIRANTE TAMANDARÉ;410040004A;PR;Tranqueira;-25,259;-49,301;2025-09-08 20:50:00.0;0,00
ALMIRANTE TAMANDARÉ;410040004A;PR;Tranqueira;-25,259;-49,301;2025-09-08 21:50:00.0;0,00
ALMIRANTE TAMANDARÉ;410040004A;PR;Tranqueira;-25,259;-49,301;2025-09-08 22:50:00.0;0,00
ALMIRANTE TAMANDARÉ;410040004A;PR;Tranqueira;-25,259;-49,301;2025-09-08 23:50:00.0;0,00
ALMIRANTE TAMANDARÉ;410040004A;PR;Tranqueira;-25,259;-49,301;2025-09-09 00:50:00.0;0,00
ALMIRANTE TAMANDARÉ;410040004A;PR;Tranqueira;-25,259;-49,301;2025-09-09 01:50:00.0;0,00
ALMIRANTE TAMANDARÉ;410040004A;PR;Tranqueira;-25,259;-49,301;2025-09-09 02:50:00.0;0,00
ALMIRANTE TAMANDARÉ;410040004A;PR;Tranqueira;-25,259;-49,301;2025-09-09 03:50:00.0;0,00
ALMIRANTE TAMANDARÉ;410040004A;PR;Tranqueira;-25,259;-49,301;2025-09-09 04:50:00.0;0,00
ALMIRANTE TAMANDARÉ;410040004A;PR;Tranqueira;-25,259;-49,301;2025-09-09 05:50:00.0;0,00
ALMIRANTE TAMANDARÉ;410040004A;PR;Tranqueira;-25,259;-49,301;2025-09-09 06:50:00.0;0,00
ALMIRANTE TAMANDARÉ;410040004A;PR;Tranqueira;-25,259;-49,301;2025-09-09 07:50:00.0;0,00
ALMIRANTE TAMANDARÉ;410040004A;PR;Tranqueira;-25,259;-49,301;2025-09-09 08:50:00.0;0,00
ALMIRANTE TAMANDARÉ;410040004A;PR;Tranqueira;-25,259;-49,301;2025-09-09 09:40:00.0;1,18
ALMIRANTE TAMANDARÉ;410040004A;PR;Tranqueira;-25,259;-49,301;2025-09-09 09:50:00.0;0,39
ALMIRANTE TAMANDARÉ;410040004A;PR;Tranqueira;-25,259;-49,301;2025-09-09 10:00:00.0;0,59
ALMIRANTE TAMANDARÉ;410040004A;PR;Tranqueira;-25,259;-49,301;2025-09-09 10:10:00.0;1,18
ALMIRANTE TAMANDARÉ;410040004A;PR;Tranqueira;-25,259;-49,301;2025-09-09 10:20:00.0;0,79
ALMIRANTE TAMANDARÉ;410040004A;PR;Tranqueira;-25,259;-49,301;2025-09-09 10:30:00.0;0,39
ALMIRANTE TAMANDARÉ;410040004A;PR;Tranqueira;-25,259;-49,301;2025-09-09 10:40:00.0;0,39
ALMIRANTE TAMANDARÉ;410040004A;PR;Tranqueira;-25,259;-49,301;2025-09-09 10:50:00.0;0,20
ALMIRANTE TAMANDARÉ;410040004A;PR;Tranqueira;-25,259;-49,301;2025-09-09 11:00:00.0;0,20
ALMIRANTE TAMANDARÉ;410040004A;PR;Tranqueira;-25,259;-49,301;2025-09-09 11:10:00.0;0,20
ALMIRANTE TAMANDARÉ;410040004A;PR;Tranqueira;-25,259;-49,301;2025-09-09 11:30:00.0;0,20
ALMIRANTE TAMANDARÉ;410040004A;PR;Tranqueira;-25,259;-49,301;2025-09-09 11:50:00.0;0,00
ALMIRANTE TAMANDARÉ;410040004A;PR;Tranqueira;-25,259;-49,301;2025-09-09 12:00:00.0;0,20
ALMIRANTE TAMANDARÉ;410040004A;PR;Tranqueira;-25,259;-49,301;2025-09-09 12:50:00.0;0,00
ALMIRANTE TAMANDARÉ;410040004A;PR;Tranqueira;-25,259;-49,301;2025-09-09 13:50:00.0;0,00
ALMIRANTE TAMANDARÉ;410040004A;PR;Tranqueira;-25,259;-49,301;2025-09-09 14:50:00.0;0,00
ALMIRANTE TAMANDARÉ;410040004A;PR;Tranqueira;-25,259;-49,301;2025-09-09 15:50:00.0;0,00
ALMIRANTE TAMANDARÉ;410040004A;PR;Tranqueira;-25,259;-49,301;2025-09-09 16:50:00.0;0,00
ALMIRANTE TAMANDARÉ;410040004A;PR;Tranqueira;-25,259;-49,301;2025-09-09 17:50:00.0;0,00
ALMIRANTE TAMANDARÉ;410040004A;PR;Tranqueira;-25,259;-49,301;2025-09-09 18:50:00.0;0,00
ALMIRANTE TAMANDARÉ;410040004A;PR;Tranqueira;-25,259;-49,301;2025-09-09 19:50:00.0;0,00
ALMIRANTE TAMANDARÉ;410040004A;PR;Tranqueira;-25,259;-49,301;2025-09-09 20:50:00.0;0,00
ALMIRANTE TAMANDARÉ;410040004A;PR;Tranqueira;-25,259;-49,301;2025-09-09 21:50:00.0;0,00
ALMIRANTE TAMANDARÉ;410040004A;PR;Tranqueira;-25,259;-49,301;2025-09-09 22:50:00.0;0,00
ALMIRANTE TAMANDARÉ;410040004A;PR;Tranqueira;-25,259;-49,301;2025-09-09 23:50:00.0;0,00
ALMIRANTE TAMANDARÉ;410040004A;PR;Tranqueira;-25,259;-49,301;2025-09-10 00:50:00.0;0,00
ALMIRANTE TAMANDARÉ;410040004A;PR;Tranqueira;-25,259;-49,301;2025-09-10 01:50:00.0;0,00
ALMIRANTE TAMANDARÉ;410040004A;PR;Tranqueira;-25,259;-49,301;2025-09-10 02:50:00.0;0,00
ALMIRANTE TAMANDARÉ;410040004A;PR;Tranqueira;-25,259;-49,301;2025-09-10 03:50:00.0;0,00
ALMIRANTE TAMANDARÉ;410040004A;PR;Tranqueira;-25,259;-49,301;2025-09-10 04:50:00.0;0,00
ALMIRANTE TAMANDARÉ;410040004A;PR;Tranqueira;-25,259;-49,301;2025-09-10 05:50:00.0;0,00
ALMIRANTE TAMANDARÉ;410040004A;PR;Tranqueira;-25,259;-49,301;2025-09-10 06:50:00.0;0,00
ALMIRANTE TAMANDARÉ;410040004A;PR;Tranqueira;-25,259;-49,301;2025-09-10 07:50:00.0;0,00
ALMIRANTE TAMANDARÉ;410040004A;PR;Tranqueira;-25,259;-49,301;2025-09-10 08:50:00.0;0,00
ALMIRANTE TAMANDARÉ;410040004A;PR;Tranqueira;-25,259;-49,301;2025-09-10 09:50:00.0;0,00
ALMIRANTE TAMANDARÉ;410040004A;PR;Tranqueira;-25,259;-49,301;2025-09-10 10:50:00.0;0,00
ALMIRANTE TAMANDARÉ;410040004A;PR;Tranqueira;-25,259;-49,301;2025-09-10 11:50:00.0;0,00
ALMIRANTE TAMANDARÉ;410040004A;PR;Tranqueira;-25,259;-49,301;2025-09-10 12:50:00.0;0,00
ALMIRANTE TAMANDARÉ;410040004A;PR;Tranqueira;-25,259;-49,301;2025-09-10 13:50:00.0;0,00
ALMIRANTE TAMANDARÉ;410040004A;PR;Tranqueira;-25,259;-49,301;2025-09-10 14:50:00.0;0,00
ALMIRANTE TAMANDARÉ;410040004A;PR;Tranqueira;-25,259;-49,301;2025-09-10 15:50:00.0;0,00
ALMIRANTE TAMANDARÉ;410040004A;PR;Tranqueira;-25,259;-49,301;2025-09-10 16:50:00.0;0,00
ALMIRANTE TAMANDARÉ;410040004A;PR;Tranqueira;-25,259;-49,301;2025-09-10 17:50:00.0;0,00
ALMIRANTE TAMANDARÉ;410040004A;PR;Tranqueira;-25,259;-49,301;2025-09-10 18:50:00.0;0,00
ALMIRANTE TAMANDARÉ;410040004A;PR;Tranqueira;-25,259;-49,301;2025-09-10 19:50:00.0;0,00
ALMIRANTE TAMANDARÉ;410040004A;PR;Tranqueira;-25,259;-49,301;2025-09-10 20:50:00.0;0,00
ALMIRANTE TAMANDARÉ;410040004A;PR;Tranqueira;-25,259;-49,301;2025-09-10 21:50:00.0;0,00
ALMIRANTE TAMANDARÉ;410040004A;PR;Tranqueira;-25,259;-49,301;2025-09-10 22:50:00.0;0,00
ALMIRANTE TAMANDARÉ;410040004A;PR;Tranqueira;-25,259;-49,301;2025-09-10 23:50:00.0;0,00
ALMIRANTE TAMANDARÉ;410040004A;PR;Tranqueira;-25,259;-49,301;2025-09-11 00:50:00.0;0,00
ALMIRANTE TAMANDARÉ;410040004A;PR;Tranqueira;-25,259;-49,301;2025-09-11 01:50:00.0;0,00
ALMIRANTE TAMANDARÉ;410040004A;PR;Tranqueira;-25,259;-49,301;2025-09-11 02:50:00.0;0,00
ALMIRANTE TAMANDARÉ;410040004A;PR;Tranqueira;-25,259;-49,301;2025-09-11 03:50:00.0;0,00
ALMIRANTE TAMANDARÉ;410040004A;PR;Tranqueira;-25,259;-49,301;2025-09-11 04:50:00.0;0,00
ALMIRANTE TAMANDARÉ;410040004A;PR;Tranqueira;-25,259;-49,301;2025-09-11 05:50:00.0;0,00
ALMIRANTE TAMANDARÉ;410040004A;PR;Tranqueira;-25,259;-49,301;2025-09-11 06:50:00.0;0,00
ALMIRANTE TAMANDARÉ;410040004A;PR;Tranqueira;-25,259;-49,301;2025-09-11 07:50:00.0;0,00
ALMIRANTE TAMANDARÉ;410040004A;PR;Tranqueira;-25,259;-49,301;2025-09-11 08:50:00.0;0,00
ALMIRANTE TAMANDARÉ;410040004A;PR;Tranqueira;-25,259;-49,301;2025-09-11 09:50:00.0;0,00
ALMIRANTE TAMANDARÉ;410040004A;PR;Tranqueira;-25,259;-49,301;2025-09-11 10:50:00.0;0,00
ALMIRANTE TAMANDARÉ;410040004A;PR;Tranqueira;-25,259;-49,301;2025-09-11 11:50:00.0;0,00
ALMIRANTE TAMANDARÉ;410040004A;PR;Tranqueira;-25,259;-49,301;2025-09-11 12:50:00.0;0,00
ALMIRANTE TAMANDARÉ;410040004A;PR;Tranqueira;-25,259;-49,301;2025-09-11 13:50:00.0;0,00
ALMIRANTE TAMANDARÉ;410040004A;PR;Tranqueira;-25,259;-49,301;2025-09-11 14:50:00.0;0,00
ALMIRANTE TAMANDARÉ;410040004A;PR;Tranqueira;-25,259;-49,301;2025-09-11 15:50:00.0;0,00
ALMIRANTE TAMANDARÉ;410040004A;PR;Tranqueira;-25,259;-49,301;2025-09-11 16:50:00.0;0,00
ALMIRANTE TAMANDARÉ;410040004A;PR;Tranqueira;-25,259;-49,301;2025-09-11 17:50:00.0;0,00
ALMIRANTE TAMANDARÉ;410040004A;PR;Tranqueira;-25,259;-49,301;2025-09-11 18:50:00.0;0,00
ALMIRANTE TAMANDARÉ;410040004A;PR;Tranqueira;-25,259;-49,301;2025-09-11 19:50:00.0;0,00
ALMIRANTE TAMANDARÉ;410040004A;PR;Tranqueira;-25,259;-49,301;2025-09-11 20:50:00.0;0,00
ALMIRANTE TAMANDARÉ;410040004A;PR;Tranqueira;-25,259;-49,301;2025-09-11 21:50:00.0;0,00
ALMIRANTE TAMANDARÉ;410040004A;PR;Tranqueira;-25,259;-49,301;2025-09-11 22:50:00.0;0,00
ALMIRANTE TAMANDARÉ;410040004A;PR;Tranqueira;-25,259;-49,301;2025-09-11 23:50:00.0;0,00
ALMIRANTE TAMANDARÉ;410040004A;PR;Tranqueira;-25,259;-49,301;2025-09-12 00:50:00.0;0,00
ALMIRANTE TAMANDARÉ;410040004A;PR;Tranqueira;-25,259;-49,301;2025-09-12 01:50:00.0;0,00
ALMIRANTE TAMANDARÉ;410040004A;PR;Tranqueira;-25,259;-49,301;2025-09-12 02:50:00.0;0,00
ALMIRANTE TAMANDARÉ;410040004A;PR;Tranqueira;-25,259;-49,301;2025-09-12 03:50:00.0;0,00
ALMIRANTE TAMANDARÉ;410040004A;PR;Tranqueira;-25,259;-49,301;2025-09-12 04:50:00.0;0,00
ALMIRANTE TAMANDARÉ;410040004A;PR;Tranqueira;-25,259;-49,301;2025-09-12 05:50:00.0;0,00
ALMIRANTE TAMANDARÉ;410040004A;PR;Tranqueira;-25,259;-49,301;2025-09-12 06:50:00.0;0,00
ALMIRANTE TAMANDARÉ;410040004A;PR;Tranqueira;-25,259;-49,301;2025-09-12 07:50:00.0;0,00
ALMIRANTE TAMANDARÉ;410040004A;PR;Tranqueira;-25,259;-49,301;2025-09-12 08:50:00.0;0,00
ALMIRANTE TAMANDARÉ;410040004A;PR;Tranqueira;-25,259;-49,301;2025-09-12 09:50:00.0;0,00
ALMIRANTE TAMANDARÉ;410040004A;PR;Tranqueira;-25,259;-49,301;2025-09-12 10:50:00.0;0,00
ALMIRANTE TAMANDARÉ;410040004A;PR;Tranqueira;-25,259;-49,301;2025-09-12 11:50:00.0;0,00
ALMIRANTE TAMANDARÉ;410040004A;PR;Tranqueira;-25,259;-49,301;2025-09-12 12:50:00.0;0,00
ALMIRANTE TAMANDARÉ;410040004A;PR;Tranqueira;-25,259;-49,301;2025-09-12 13:50:00.0;0,00
ALMIRANTE TAMANDARÉ;410040004A;PR;Tranqueira;-25,259;-49,301;2025-09-12 14:50:00.0;0,00
ALMIRANTE TAMANDARÉ;410040004A;PR;Tranqueira;-25,259;-49,301;2025-09-12 15:50:00.0;0,00
ALMIRANTE TAMANDARÉ;410040004A;PR;Tranqueira;-25,259;-49,301;2025-09-12 16:50:00.0;0,00
ALMIRANTE TAMANDARÉ;410040004A;PR;Tranqueira;-25,259;-49,301;2025-09-12 17:50:00.0;0,00
ALMIRANTE TAMANDARÉ;410040004A;PR;Tranqueira;-25,259;-49,301;2025-09-12 18:50:00.0;0,00
ALMIRANTE TAMANDARÉ;410040004A;PR;Tranqueira;-25,259;-49,301;2025-09-12 19:50:00.0;0,00
ALMIRANTE TAMANDARÉ;410040004A;PR;Tranqueira;-25,259;-49,301;2025-09-12 20:50:00.0;0,00
ALMIRANTE TAMANDARÉ;410040004A;PR;Tranqueira;-25,259;-49,301;2025-09-12 21:50:00.0;0,00
ALMIRANTE TAMANDARÉ;410040004A;PR;Tranqueira;-25,259;-49,301;2025-09-12 22:50:00.0;0,00
ALMIRANTE TAMANDARÉ;410040004A;PR;Tranqueira;-25,259;-49,301;2025-09-12 23:50:00.0;0,00
ALMIRANTE TAMANDARÉ;410040004A;PR;Tranqueira;-25,259;-49,301;2025-09-13 00:50:00.0;0,00
ALMIRANTE TAMANDARÉ;410040004A;PR;Tranqueira;-25,259;-49,301;2025-09-13 01:50:00.0;0,00
ALMIRANTE TAMANDARÉ;410040004A;PR;Tranqueira;-25,259;-49,301;2025-09-13 02:50:00.0;0,00
ALMIRANTE TAMANDARÉ;410040004A;PR;Tranqueira;-25,259;-49,301;2025-09-13 03:50:00.0;0,00
ALMIRANTE TAMANDARÉ;410040004A;PR;Tranqueira;-25,259;-49,301;2025-09-13 04:50:00.0;0,00
ALMIRANTE TAMANDARÉ;410040004A;PR;Tranqueira;-25,259;-49,301;2025-09-13 05:50:00.0;0,00
ALMIRANTE TAMANDARÉ;410040004A;PR;Tranqueira;-25,259;-49,301;2025-09-13 06:50:00.0;0,00
ALMIRANTE TAMANDARÉ;410040004A;PR;Tranqueira;-25,259;-49,301;2025-09-13 07:50:00.0;0,00
ALMIRANTE TAMANDARÉ;410040004A;PR;Tranqueira;-25,259;-49,301;2025-09-13 08:50:00.0;0,00
ALMIRANTE TAMANDARÉ;410040004A;PR;Tranqueira;-25,259;-49,301;2025-09-13 09:50:00.0;0,00
ALMIRANTE TAMANDARÉ;410040004A;PR;Tranqueira;-25,259;-49,301;2025-09-13 10:50:00.0;0,00
ALMIRANTE TAMANDARÉ;410040004A;PR;Tranqueira;-25,259;-49,301;2025-09-13 11:50:00.0;0,00
ALMIRANTE TAMANDARÉ;410040004A;PR;Tranqueira;-25,259;-49,301;2025-09-13 12:50:00.0;0,00
ALMIRANTE TAMANDARÉ;410040004A;PR;Tranqueira;-25,259;-49,301;2025-09-13 13:50:00.0;0,00
ALMIRANTE TAMANDARÉ;410040004A;PR;Tranqueira;-25,259;-49,301;2025-09-13 14:50:00.0;0,00
ALMIRANTE TAMANDARÉ;410040004A;PR;Tranqueira;-25,259;-49,301;2025-09-13 15:50:00.0;0,00
ALMIRANTE TAMANDARÉ;410040004A;PR;Tranqueira;-25,259;-49,301;2025-09-13 16:50:00.0;0,00
ALMIRANTE TAMANDARÉ;410040004A;PR;Tranqueira;-25,259;-49,301;2025-09-13 17:50:00.0;0,00
ALMIRANTE TAMANDARÉ;410040004A;PR;Tranqueira;-25,259;-49,301;2025-09-13 18:50:00.0;0,00
ALMIRANTE TAMANDARÉ;410040004A;PR;Tranqueira;-25,259;-49,301;2025-09-13 19:50:00.0;0,00
ALMIRANTE TAMANDARÉ;410040004A;PR;Tranqueira;-25,259;-49,301;2025-09-13 20:50:00.0;0,00
ALMIRANTE TAMANDARÉ;410040004A;PR;Tranqueira;-25,259;-49,301;2025-09-13 21:50:00.0;0,00
ALMIRANTE TAMANDARÉ;410040004A;PR;Tranqueira;-25,259;-49,301;2025-09-13 22:50:00.0;0,00
ALMIRANTE TAMANDARÉ;410040004A;PR;Tranqueira;-25,259;-49,301;2025-09-13 23:50:00.0;0,00
ALMIRANTE TAMANDARÉ;410040004A;PR;Tranqueira;-25,259;-49,301;2025-09-14 00:50:00.0;0,00
ALMIRANTE TAMANDARÉ;410040004A;PR;Tranqueira;-25,259;-49,301;2025-09-14 01:50:00.0;0,00
ALMIRANTE TAMANDARÉ;410040004A;PR;Tranqueira;-25,259;-49,301;2025-09-14 02:50:00.0;0,00
ALMIRANTE TAMANDARÉ;410040004A;PR;Tranqueira;-25,259;-49,301;2025-09-14 03:50:00.0;0,00
ALMIRANTE TAMANDARÉ;410040004A;PR;Tranqueira;-25,259;-49,301;2025-09-14 04:50:00.0;0,00
ALMIRANTE TAMANDARÉ;410040004A;PR;Tranqueira;-25,259;-49,301;2025-09-14 05:50:00.0;0,00
ALMIRANTE TAMANDARÉ;410040004A;PR;Tranqueira;-25,259;-49,301;2025-09-14 06:50:00.0;0,00
ALMIRANTE TAMANDARÉ;410040004A;PR;Tranqueira;-25,259;-49,301;2025-09-14 07:50:00.0;0,00
ALMIRANTE TAMANDARÉ;410040004A;PR;Tranqueira;-25,259;-49,301;2025-09-14 08:50:00.0;0,00
ALMIRANTE TAMANDARÉ;410040004A;PR;Tranqueira;-25,259;-49,301;2025-09-14 09:50:00.0;0,00
ALMIRANTE TAMANDARÉ;410040004A;PR;Tranqueira;-25,259;-49,301;2025-09-14 10:50:00.0;0,00
ALMIRANTE TAMANDARÉ;410040004A;PR;Tranqueira;-25,259;-49,301;2025-09-14 11:50:00.0;0,00
ALMIRANTE TAMANDARÉ;410040004A;PR;Tranqueira;-25,259;-49,301;2025-09-14 12:50:00.0;0,00
ALMIRANTE TAMANDARÉ;410040004A;PR;Tranqueira;-25,259;-49,301;2025-09-14 13:50:00.0;0,00
ALMIRANTE TAMANDARÉ;410040004A;PR;Tranqueira;-25,259;-49,301;2025-09-14 14:50:00.0;0,00
ALMIRANTE TAMANDARÉ;410040004A;PR;Tranqueira;-25,259;-49,301;2025-09-14 15:50:00.0;0,00
ALMIRANTE TAMANDARÉ;410040004A;PR;Tranqueira;-25,259;-49,301;2025-09-14 16:50:00.0;0,00
ALMIRANTE TAMANDARÉ;410040004A;PR;Tranqueira;-25,259;-49,301;2025-09-14 17:50:00.0;0,00
ALMIRANTE TAMANDARÉ;410040004A;PR;Tranqueira;-25,259;-49,301;2025-09-14 18:50:00.0;0,00
ALMIRANTE TAMANDARÉ;410040004A;PR;Tranqueira;-25,259;-49,301;2025-09-14 19:50:00.0;0,00
ALMIRANTE TAMANDARÉ;410040004A;PR;Tranqueira;-25,259;-49,301;2025-09-14 20:50:00.0;0,00
ALMIRANTE TAMANDARÉ;410040004A;PR;Tranqueira;-25,259;-49,301;2025-09-14 21:50:00.0;0,00
ALMIRANTE TAMANDARÉ;410040004A;PR;Tranqueira;-25,259;-49,301;2025-09-14 22:50:00.0;0,00
ALMIRANTE TAMANDARÉ;410040004A;PR;Tranqueira;-25,259;-49,301;2025-09-14 23:50:00.0;0,00
ALMIRANTE TAMANDARÉ;410040004A;PR;Tranqueira;-25,259;-49,301;2025-09-15 00:50:00.0;0,00
ALMIRANTE TAMANDARÉ;410040004A;PR;Tranqueira;-25,259;-49,301;2025-09-15 01:50:00.0;0,00
ALMIRANTE TAMANDARÉ;410040004A;PR;Tranqueira;-25,259;-49,301;2025-09-15 02:50:00.0;0,00
ALMIRANTE TAMANDARÉ;410040004A;PR;Tranqueira;-25,259;-49,301;2025-09-15 03:50:00.0;0,00
ALMIRANTE TAMANDARÉ;410040004A;PR;Tranqueira;-25,259;-49,301;2025-09-15 04:50:00.0;0,00
ALMIRANTE TAMANDARÉ;410040004A;PR;Tranqueira;-25,259;-49,301;2025-09-15 05:50:00.0;0,00
ALMIRANTE TAMANDARÉ;410040004A;PR;Tranqueira;-25,259;-49,301;2025-09-15 06:50:00.0;0,00
ALMIRANTE TAMANDARÉ;410040004A;PR;Tranqueira;-25,259;-49,301;2025-09-15 07:50:00.0;0,00
ALMIRANTE TAMANDARÉ;410040004A;PR;Tranqueira;-25,259;-49,301;2025-09-15 08:50:00.0;0,00
ALMIRANTE TAMANDARÉ;410040004A;PR;Tranqueira;-25,259;-49,301;2025-09-15 09:50:00.0;0,00
ALMIRANTE TAMANDARÉ;410040004A;PR;Tranqueira;-25,259;-49,301;2025-09-15 10:50:00.0;0,00
ALMIRANTE TAMANDARÉ;410040004A;PR;Tranqueira;-25,259;-49,301;2025-09-15 11:50:00.0;0,00
ALMIRANTE TAMANDARÉ;410040004A;PR;Tranqueira;-25,259;-49,301;2025-09-15 12:50:00.0;0,00
ALMIRANTE TAMANDARÉ;410040004A;PR;Tranqueira;-25,259;-49,301;2025-09-15 13:50:00.0;0,00
ALMIRANTE TAMANDARÉ;410040004A;PR;Tranqueira;-25,259;-49,301;2025-09-15 14:50:00.0;0,00
ALMIRANTE TAMANDARÉ;410040004A;PR;Tranqueira;-25,259;-49,301;2025-09-15 15:50:00.0;0,00
ALMIRANTE TAMANDARÉ;410040004A;PR;Tranqueira;-25,259;-49,301;2025-09-15 16:50:00.0;0,00
ALMIRANTE TAMANDARÉ;410040004A;PR;Tranqueira;-25,259;-49,301;2025-09-15 17:50:00.0;0,00
ALMIRANTE TAMANDARÉ;410040004A;PR;Tranqueira;-25,259;-49,301;2025-09-15 18:50:00.0;0,00
ALMIRANTE TAMANDARÉ;410040004A;PR;Tranqueira;-25,259;-49,301;2025-09-15 19:50:00.0;0,00
ALMIRANTE TAMANDARÉ;410040004A;PR;Tranqueira;-25,259;-49,301;2025-09-15 20:50:00.0;0,00
ALMIRANTE TAMANDARÉ;410040004A;PR;Tranqueira;-25,259;-49,301;2025-09-15 21:50:00.0;0,00
ALMIRANTE TAMANDARÉ;410040004A;PR;Tranqueira;-25,259;-49,301;2025-09-15 22:50:00.0;0,00
ALMIRANTE TAMANDARÉ;410040004A;PR;Tranqueira;-25,259;-49,301;2025-09-15 23:50:00.0;0,00
ALMIRANTE TAMANDARÉ;410040004A;PR;Tranqueira;-25,259;-49,301;2025-09-16 00:50:00.0;0,00
ALMIRANTE TAMANDARÉ;410040004A;PR;Tranqueira;-25,259;-49,301;2025-09-16 01:50:00.0;0,00
ALMIRANTE TAMANDARÉ;410040004A;PR;Tranqueira;-25,259;-49,301;2025-09-16 02:50:00.0;0,00
ALMIRANTE TAMANDARÉ;410040004A;PR;Tranqueira;-25,259;-49,301;2025-09-16 03:50:00.0;0,00
ALMIRANTE TAMANDARÉ;410040004A;PR;Tranqueira;-25,259;-49,301;2025-09-16 04:30:00.0;0,20
ALMIRANTE TAMANDARÉ;410040004A;PR;Tranqueira;-25,259;-49,301;2025-09-16 04:50:00.0;0,00
ALMIRANTE TAMANDARÉ;410040004A;PR;Tranqueira;-25,259;-49,301;2025-09-16 05:50:00.0;0,20
ALMIRANTE TAMANDARÉ;410040004A;PR;Tranqueira;-25,259;-49,301;2025-09-16 06:10:00.0;0,20
ALMIRANTE TAMANDARÉ;410040004A;PR;Tranqueira;-25,259;-49,301;2025-09-16 06:20:00.0;0,20
ALMIRANTE TAMANDARÉ;410040004A;PR;Tranqueira;-25,259;-49,301;2025-09-16 06:30:00.0;0,20
ALMIRANTE TAMANDARÉ;410040004A;PR;Tranqueira;-25,259;-49,301;2025-09-16 06:40:00.0;0,59
ALMIRANTE TAMANDARÉ;410040004A;PR;Tranqueira;-25,259;-49,301;2025-09-16 06:50:00.0;0,79
ALMIRANTE TAMANDARÉ;410040004A;PR;Tranqueira;-25,259;-49,301;2025-09-16 07:00:00.0;0,39
ALMIRANTE TAMANDARÉ;410040004A;PR;Tranqueira;-25,259;-49,301;2025-09-16 07:10:00.0;0,20
ALMIRANTE TAMANDARÉ;410040004A;PR;Tranqueira;-25,259;-49,301;2025-09-16 07:20:00.0;0,20
ALMIRANTE TAMANDARÉ;410040004A;PR;Tranqueira;-25,259;-49,301;2025-09-16 07:50:00.0;0,20
ALMIRANTE TAMANDARÉ;410040004A;PR;Tranqueira;-25,259;-49,301;2025-09-16 08:50:00.0;0,00
ALMIRANTE TAMANDARÉ;410040004A;PR;Tranqueira;-25,259;-49,301;2025-09-16 09:50:00.0;0,00
ALMIRANTE TAMANDARÉ;410040004A;PR;Tranqueira;-25,259;-49,301;2025-09-16 10:50:00.0;0,00
ALMIRANTE TAMANDARÉ;410040004A;PR;Tranqueira;-25,259;-49,301;2025-09-16 11:50:00.0;0,00
ALMIRANTE TAMANDARÉ;410040004A;PR;Tranqueira;-25,259;-49,301;2025-09-16 12:50:00.0;0,00
ALMIRANTE TAMANDARÉ;410040004A;PR;Tranqueira;-25,259;-49,301;2025-09-16 13:50:00.0;0,00
ALMIRANTE TAMANDARÉ;410040004A;PR;Tranqueira;-25,259;-49,301;2025-09-16 14:50:00.0;0,00
ALMIRANTE TAMANDARÉ;410040004A;PR;Tranqueira;-25,259;-49,301;2025-09-16 15:50:00.0;0,00
ALMIRANTE TAMANDARÉ;410040004A;PR;Tranqueira;-25,259;-49,301;2025-09-16 16:50:00.0;0,00
ALMIRANTE TAMANDARÉ;410040004A;PR;Tranqueira;-25,259;-49,301;2025-09-16 17:50:00.0;0,00
ALMIRANTE TAMANDARÉ;410040004A;PR;Tranqueira;-25,259;-49,301;2025-09-16 18:50:00.0;0,00
ALMIRANTE TAMANDARÉ;410040004A;PR;Tranqueira;-25,259;-49,301;2025-09-16 19:50:00.0;0,00
ALMIRANTE TAMANDARÉ;410040004A;PR;Tranqueira;-25,259;-49,301;2025-09-16 20:50:00.0;0,00
ALMIRANTE TAMANDARÉ;410040004A;PR;Tranqueira;-25,259;-49,301;2025-09-16 21:50:00.0;0,00
ALMIRANTE TAMANDARÉ;410040004A;PR;Tranqueira;-25,259;-49,301;2025-09-16 22:50:00.0;0,00
ALMIRANTE TAMANDARÉ;410040004A;PR;Tranqueira;-25,259;-49,301;2025-09-16 23:50:00.0;0,00
ALMIRANTE TAMANDARÉ;410040004A;PR;Tranqueira;-25,259;-49,301;2025-09-17 00:50:00.0;0,00
ALMIRANTE TAMANDARÉ;410040004A;PR;Tranqueira;-25,259;-49,301;2025-09-17 01:50:00.0;0,00
ALMIRANTE TAMANDARÉ;410040004A;PR;Tranqueira;-25,259;-49,301;2025-09-17 02:50:00.0;0,00
ALMIRANTE TAMANDARÉ;410040004A;PR;Tranqueira;-25,259;-49,301;2025-09-17 03:50:00.0;0,00
ALMIRANTE TAMANDARÉ;410040004A;PR;Tranqueira;-25,259;-49,301;2025-09-17 04:50:00.0;0,00
ALMIRANTE TAMANDARÉ;410040004A;PR;Tranqueira;-25,259;-49,301;2025-09-17 05:50:00.0;0,00
ALMIRANTE TAMANDARÉ;410040004A;PR;Tranqueira;-25,259;-49,301;2025-09-17 06:50:00.0;0,00
ALMIRANTE TAMANDARÉ;410040004A;PR;Tranqueira;-25,259;-49,301;2025-09-17 07:50:00.0;0,00
ALMIRANTE TAMANDARÉ;410040004A;PR;Tranqueira;-25,259;-49,301;2025-09-17 08:50:00.0;0,00
ALMIRANTE TAMANDARÉ;410040004A;PR;Tranqueira;-25,259;-49,301;2025-09-17 09:50:00.0;0,00
ALMIRANTE TAMANDARÉ;410040004A;PR;Tranqueira;-25,259;-49,301;2025-09-17 10:50:00.0;0,00
ALMIRANTE TAMANDARÉ;410040004A;PR;Tranqueira;-25,259;-49,301;2025-09-17 11:50:00.0;0,00
ALMIRANTE TAMANDARÉ;410040004A;PR;Tranqueira;-25,259;-49,301;2025-09-17 12:50:00.0;0,00
ALMIRANTE TAMANDARÉ;410040004A;PR;Tranqueira;-25,259;-49,301;2025-09-17 13:50:00.0;0,00
ALMIRANTE TAMANDARÉ;410040004A;PR;Tranqueira;-25,259;-49,301;2025-09-17 14:50:00.0;0,00
ALMIRANTE TAMANDARÉ;410040004A;PR;Tranqueira;-25,259;-49,301;2025-09-17 15:50:00.0;0,00
ALMIRANTE TAMANDARÉ;410040004A;PR;Tranqueira;-25,259;-49,301;2025-09-17 16:50:00.0;0,00
ALMIRANTE TAMANDARÉ;410040004A;PR;Tranqueira;-25,259;-49,301;2025-09-17 17:50:00.0;0,00
ALMIRANTE TAMANDARÉ;410040004A;PR;Tranqueira;-25,259;-49,301;2025-09-17 18:50:00.0;0,00
ALMIRANTE TAMANDARÉ;410040004A;PR;Tranqueira;-25,259;-49,301;2025-09-17 19:50:00.0;0,00
ALMIRANTE TAMANDARÉ;410040004A;PR;Tranqueira;-25,259;-49,301;2025-09-17 20:50:00.0;0,00
ALMIRANTE TAMANDARÉ;410040004A;PR;Tranqueira;-25,259;-49,301;2025-09-17 21:50:00.0;0,00
ALMIRANTE TAMANDARÉ;410040004A;PR;Tranqueira;-25,259;-49,301;2025-09-17 22:50:00.0;0,00
ALMIRANTE TAMANDARÉ;410040004A;PR;Tranqueira;-25,259;-49,301;2025-09-17 23:50:00.0;0,00
ALMIRANTE TAMANDARÉ;410040004A;PR;Tranqueira;-25,259;-49,301;2025-09-18 00:50:00.0;0,00
ALMIRANTE TAMANDARÉ;410040004A;PR;Tranqueira;-25,259;-49,301;2025-09-18 01:50:00.0;0,00
ALMIRANTE TAMANDARÉ;410040004A;PR;Tranqueira;-25,259;-49,301;2025-09-18 02:50:00.0;0,00
ALMIRANTE TAMANDARÉ;410040004A;PR;Tranqueira;-25,259;-49,301;2025-09-18 03:50:00.0;0,00
ALMIRANTE TAMANDARÉ;410040004A;PR;Tranqueira;-25,259;-49,301;2025-09-18 04:50:00.0;0,00
ALMIRANTE TAMANDARÉ;410040004A;PR;Tranqueira;-25,259;-49,301;2025-09-18 05:50:00.0;0,00
ALMIRANTE TAMANDARÉ;410040004A;PR;Tranqueira;-25,259;-49,301;2025-09-18 06:50:00.0;0,00
ALMIRANTE TAMANDARÉ;410040004A;PR;Tranqueira;-25,259;-49,301;2025-09-18 07:50:00.0;0,00
ALMIRANTE TAMANDARÉ;410040004A;PR;Tranqueira;-25,259;-49,301;2025-09-18 08:50:00.0;0,20
ALMIRANTE TAMANDARÉ;410040004A;PR;Tranqueira;-25,259;-49,301;2025-09-18 09:00:00.0;0,00
ALMIRANTE TAMANDARÉ;410040004A;PR;Tranqueira;-25,259;-49,301;2025-09-18 09:50:00.0;0,00
ALMIRANTE TAMANDARÉ;410040004A;PR;Tranqueira;-25,259;-49,301;2025-09-18 10:50:00.0;0,00
ALMIRANTE TAMANDARÉ;410040004A;PR;Tranqueira;-25,259;-49,301;2025-09-18 11:50:00.0;0,00
ALMIRANTE TAMANDARÉ;410040004A;PR;Tranqueira;-25,259;-49,301;2025-09-18 12:50:00.0;0,00
ALMIRANTE TAMANDARÉ;410040004A;PR;Tranqueira;-25,259;-49,301;2025-09-18 13:50:00.0;0,00
ALMIRANTE TAMANDARÉ;410040004A;PR;Tranqueira;-25,259;-49,301;2025-09-18 14:50:00.0;0,00
ALMIRANTE TAMANDARÉ;410040004A;PR;Tranqueira;-25,259;-49,301;2025-09-18 15:50:00.0;0,00
ALMIRANTE TAMANDARÉ;410040004A;PR;Tranqueira;-25,259;-49,301;2025-09-18 16:50:00.0;0,00
ALMIRANTE TAMANDARÉ;410040004A;PR;Tranqueira;-25,259;-49,301;2025-09-18 17:50:00.0;0,00
ALMIRANTE TAMANDARÉ;410040004A;PR;Tranqueira;-25,259;-49,301;2025-09-18 18:50:00.0;0,00
ALMIRANTE TAMANDARÉ;410040004A;PR;Tranqueira;-25,259;-49,301;2025-09-18 19:50:00.0;0,00
ALMIRANTE TAMANDARÉ;410040004A;PR;Tranqueira;-25,259;-49,301;2025-09-18 20:50:00.0;0,00
ALMIRANTE TAMANDARÉ;410040004A;PR;Tranqueira;-25,259;-49,301;2025-09-18 21:50:00.0;0,00
ALMIRANTE TAMANDARÉ;410040004A;PR;Tranqueira;-25,259;-49,301;2025-09-18 22:50:00.0;0,00
ALMIRANTE TAMANDARÉ;410040004A;PR;Tranqueira;-25,259;-49,301;2025-09-18 23:50:00.0;0,00
ALMIRANTE TAMANDARÉ;410040004A;PR;Tranqueira;-25,259;-49,301;2025-09-19 00:50:00.0;0,00
ALMIRANTE TAMANDARÉ;410040004A;PR;Tranqueira;-25,259;-49,301;2025-09-19 01:50:00.0;0,00
ALMIRANTE TAMANDARÉ;410040004A;PR;Tranqueira;-25,259;-49,301;2025-09-19 02:50:00.0;0,00
ALMIRANTE TAMANDARÉ;410040004A;PR;Tranqueira;-25,259;-49,301;2025-09-19 03:50:00.0;0,00
ALMIRANTE TAMANDARÉ;410040004A;PR;Tranqueira;-25,259;-49,301;2025-09-19 04:50:00.0;0,00
ALMIRANTE TAMANDARÉ;410040004A;PR;Tranqueira;-25,259;-49,301;2025-09-19 05:50:00.0;0,00
ALMIRANTE TAMANDARÉ;410040004A;PR;Tranqueira;-25,259;-49,301;2025-09-19 06:50:00.0;0,00
ALMIRANTE TAMANDARÉ;410040004A;PR;Tranqueira;-25,259;-49,301;2025-09-19 07:50:00.0;0,00
ALMIRANTE TAMANDARÉ;410040004A;PR;Tranqueira;-25,259;-49,301;2025-09-19 08:50:00.0;0,00
ALMIRANTE TAMANDARÉ;410040004A;PR;Tranqueira;-25,259;-49,301;2025-09-19 09:50:00.0;0,00
ALMIRANTE TAMANDARÉ;410040004A;PR;Tranqueira;-25,259;-49,301;2025-09-19 10:50:00.0;0,00
ALMIRANTE TAMANDARÉ;410040004A;PR;Tranqueira;-25,259;-49,301;2025-09-19 11:50:00.0;0,00
ALMIRANTE TAMANDARÉ;410040004A;PR;Tranqueira;-25,259;-49,301;2025-09-19 12:50:00.0;0,00
ALMIRANTE TAMANDARÉ;410040004A;PR;Tranqueira;-25,259;-49,301;2025-09-19 13:50:00.0;0,00
ALMIRANTE TAMANDARÉ;410040004A;PR;Tranqueira;-25,259;-49,301;2025-09-19 14:50:00.0;0,00
ALMIRANTE TAMANDARÉ;410040004A;PR;Tranqueira;-25,259;-49,301;2025-09-19 15:50:00.0;0,00
ALMIRANTE TAMANDARÉ;410040004A;PR;Tranqueira;-25,259;-49,301;2025-09-19 16:50:00.0;0,00
ALMIRANTE TAMANDARÉ;410040004A;PR;Tranqueira;-25,259;-49,301;2025-09-19 17:50:00.0;0,00
ALMIRANTE TAMANDARÉ;410040004A;PR;Tranqueira;-25,259;-49,301;2025-09-19 18:50:00.0;0,00
ALMIRANTE TAMANDARÉ;410040004A;PR;Tranqueira;-25,259;-49,301;2025-09-19 19:50:00.0;0,00
ALMIRANTE TAMANDARÉ;410040004A;PR;Tranqueira;-25,259;-49,301;2025-09-19 20:50:00.0;0,00
ALMIRANTE TAMANDARÉ;410040004A;PR;Tranqueira;-25,259;-49,301;2025-09-19 21:50:00.0;0,00
ALMIRANTE TAMANDARÉ;410040004A;PR;Tranqueira;-25,259;-49,301;2025-09-19 22:50:00.0;0,00
ALMIRANTE TAMANDARÉ;410040004A;PR;Tranqueira;-25,259;-49,301;2025-09-19 23:50:00.0;0,00
ALMIRANTE TAMANDARÉ;410040004A;PR;Tranqueira;-25,259;-49,301;2025-09-20 00:50:00.0;0,00
ALMIRANTE TAMANDARÉ;410040004A;PR;Tranqueira;-25,259;-49,301;2025-09-20 01:50:00.0;0,00
ALMIRANTE TAMANDARÉ;410040004A;PR;Tranqueira;-25,259;-49,301;2025-09-20 02:50:00.0;0,00
ALMIRANTE TAMANDARÉ;410040004A;PR;Tranqueira;-25,259;-49,301;2025-09-20 03:50:00.0;0,00
ALMIRANTE TAMANDARÉ;410040004A;PR;Tranqueira;-25,259;-49,301;2025-09-20 04:50:00.0;0,00
ALMIRANTE TAMANDARÉ;410040004A;PR;Tranqueira;-25,259;-49,301;2025-09-20 05:50:00.0;0,00
ALMIRANTE TAMANDARÉ;410040004A;PR;Tranqueira;-25,259;-49,301;2025-09-20 06:50:00.0;0,00
ALMIRANTE TAMANDARÉ;410040004A;PR;Tranqueira;-25,259;-49,301;2025-09-20 07:50:00.0;0,00
ALMIRANTE TAMANDARÉ;410040004A;PR;Tranqueira;-25,259;-49,301;2025-09-20 08:50:00.0;0,00
ALMIRANTE TAMANDARÉ;410040004A;PR;Tranqueira;-25,259;-49,301;2025-09-20 09:50:00.0;0,00
ALMIRANTE TAMANDARÉ;410040004A;PR;Tranqueira;-25,259;-49,301;2025-09-20 10:50:00.0;0,00
ALMIRANTE TAMANDARÉ;410040004A;PR;Tranqueira;-25,259;-49,301;2025-09-20 11:50:00.0;0,00
ALMIRANTE TAMANDARÉ;410040004A;PR;Tranqueira;-25,259;-49,301;2025-09-20 12:50:00.0;0,00
ALMIRANTE TAMANDARÉ;410040004A;PR;Tranqueira;-25,259;-49,301;2025-09-20 13:50:00.0;0,00
ALMIRANTE TAMANDARÉ;410040004A;PR;Tranqueira;-25,259;-49,301;2025-09-20 14:50:00.0;0,00
ALMIRANTE TAMANDARÉ;410040004A;PR;Tranqueira;-25,259;-49,301;2025-09-20 15:50:00.0;0,00
ALMIRANTE TAMANDARÉ;410040004A;PR;Tranqueira;-25,259;-49,301;2025-09-20 16:50:00.0;0,00
ALMIRANTE TAMANDARÉ;410040004A;PR;Tranqueira;-25,259;-49,301;2025-09-20 17:50:00.0;0,00
ALMIRANTE TAMANDARÉ;410040004A;PR;Tranqueira;-25,259;-49,301;2025-09-20 18:50:00.0;0,00
ALMIRANTE TAMANDARÉ;410040004A;PR;Tranqueira;-25,259;-49,301;2025-09-20 19:50:00.0;0,00
ALMIRANTE TAMANDARÉ;410040004A;PR;Tranqueira;-25,259;-49,301;2025-09-20 20:50:00.0;0,00
ALMIRANTE TAMANDARÉ;410040004A;PR;Tranqueira;-25,259;-49,301;2025-09-20 21:50:00.0;0,00
ALMIRANTE TAMANDARÉ;410040004A;PR;Tranqueira;-25,259;-49,301;2025-09-20 22:50:00.0;0,00
ALMIRANTE TAMANDARÉ;410040004A;PR;Tranqueira;-25,259;-49,301;2025-09-20 23:50:00.0;0,00
ALMIRANTE TAMANDARÉ;410040004A;PR;Tranqueira;-25,259;-49,301;2025-09-21 00:00:00.0;0,20
ALMIRANTE TAMANDARÉ;410040004A;PR;Tranqueira;-25,259;-49,301;2025-09-21 00:30:00.0;0,20
ALMIRANTE TAMANDARÉ;410040004A;PR;Tranqueira;-25,259;-49,301;2025-09-21 00:50:00.0;0,00
ALMIRANTE TAMANDARÉ;410040004A;PR;Tranqueira;-25,259;-49,301;2025-09-21 01:50:00.0;0,00
ALMIRANTE TAMANDARÉ;410040004A;PR;Tranqueira;-25,259;-49,301;2025-09-21 02:50:00.0;0,00
ALMIRANTE TAMANDARÉ;410040004A;PR;Tranqueira;-25,259;-49,301;2025-09-21 03:50:00.0;0,00
ALMIRANTE TAMANDARÉ;410040004A;PR;Tranqueira;-25,259;-49,301;2025-09-21 04:10:00.0;0,20
ALMIRANTE TAMANDARÉ;410040004A;PR;Tranqueira;-25,259;-49,301;2025-09-21 04:50:00.0;0,00
ALMIRANTE TAMANDARÉ;410040004A;PR;Tranqueira;-25,259;-49,301;2025-09-21 05:50:00.0;0,00
ALMIRANTE TAMANDARÉ;410040004A;PR;Tranqueira;-25,259;-49,301;2025-09-21 06:50:00.0;0,00
ALMIRANTE TAMANDARÉ;410040004A;PR;Tranqueira;-25,259;-49,301;2025-09-21 07:50:00.0;0,00
ALMIRANTE TAMANDARÉ;410040004A;PR;Tranqueira;-25,259;-49,301;2025-09-21 08:50:00.0;0,00
ALMIRANTE TAMANDARÉ;410040004A;PR;Tranqueira;-25,259;-49,301;2025-09-21 09:50:00.0;0,00
ALMIRANTE TAMANDARÉ;410040004A;PR;Tranqueira;-25,259;-49,301;2025-09-21 10:50:00.0;0,00
ALMIRANTE TAMANDARÉ;410040004A;PR;Tranqueira;-25,259;-49,301;2025-09-21 11:50:00.0;0,00
ALMIRANTE TAMANDARÉ;410040004A;PR;Tranqueira;-25,259;-49,301;2025-09-21 12:50:00.0;0,00
ALMIRANTE TAMANDARÉ;410040004A;PR;Tranqueira;-25,259;-49,301;2025-09-21 13:50:00.0;0,00
ALMIRANTE TAMANDARÉ;410040004A;PR;Tranqueira;-25,259;-49,301;2025-09-21 14:50:00.0;0,00
ALMIRANTE TAMANDARÉ;410040004A;PR;Tranqueira;-25,259;-49,301;2025-09-21 15:50:00.0;0,00
ALMIRANTE TAMANDARÉ;410040004A;PR;Tranqueira;-25,259;-49,301;2025-09-21 16:50:00.0;0,00
ALMIRANTE TAMANDARÉ;410040004A;PR;Tranqueira;-25,259;-49,301;2025-09-21 17:50:00.0;0,00
ALMIRANTE TAMANDARÉ;410040004A;PR;Tranqueira;-25,259;-49,301;2025-09-21 18:50:00.0;0,00
ALMIRANTE TAMANDARÉ;410040004A;PR;Tranqueira;-25,259;-49,301;2025-09-21 19:50:00.0;0,00
ALMIRANTE TAMANDARÉ;410040004A;PR;Tranqueira;-25,259;-49,301;2025-09-21 20:50:00.0;0,00
ALMIRANTE TAMANDARÉ;410040004A;PR;Tranqueira;-25,259;-49,301;2025-09-21 21:50:00.0;0,00
ALMIRANTE TAMANDARÉ;410040004A;PR;Tranqueira;-25,259;-49,301;2025-09-21 22:50:00.0;0,00
ALMIRANTE TAMANDARÉ;410040004A;PR;Tranqueira;-25,259;-49,301;2025-09-21 23:50:00.0;0,00
ALMIRANTE TAMANDARÉ;410040004A;PR;Tranqueira;-25,259;-49,301;2025-09-22 00:50:00.0;0,00
ALMIRANTE TAMANDARÉ;410040004A;PR;Tranqueira;-25,259;-49,301;2025-09-22 01:50:00.0;0,00
ALMIRANTE TAMANDARÉ;410040004A;PR;Tranqueira;-25,259;-49,301;2025-09-22 02:50:00.0;0,00
ALMIRANTE TAMANDARÉ;410040004A;PR;Tranqueira;-25,259;-49,301;2025-09-22 03:50:00.0;0,00
ALMIRANTE TAMANDARÉ;410040004A;PR;Tranqueira;-25,259;-49,301;2025-09-22 04:50:00.0;0,00
ALMIRANTE TAMANDARÉ;410040004A;PR;Tranqueira;-25,259;-49,301;2025-09-22 05:40:00.0;0,20
ALMIRANTE TAMANDARÉ;410040004A;PR;Tranqueira;-25,259;-49,301;2025-09-22 05:50:00.0;0,00
ALMIRANTE TAMANDARÉ;410040004A;PR;Tranqueira;-25,259;-49,301;2025-09-22 06:50:00.0;0,00
ALMIRANTE TAMANDARÉ;410040004A;PR;Tranqueira;-25,259;-49,301;2025-09-22 07:50:00.0;0,00
ALMIRANTE TAMANDARÉ;410040004A;PR;Tranqueira;-25,259;-49,301;2025-09-22 08:50:00.0;0,00
ALMIRANTE TAMANDARÉ;410040004A;PR;Tranqueira;-25,259;-49,301;2025-09-22 09:50:00.0;0,00
ALMIRANTE TAMANDARÉ;410040004A;PR;Tranqueira;-25,259;-49,301;2025-09-22 10:50:00.0;0,00
ALMIRANTE TAMANDARÉ;410040004A;PR;Tranqueira;-25,259;-49,301;2025-09-22 11:50:00.0;0,00
ALMIRANTE TAMANDARÉ;410040004A;PR;Tranqueira;-25,259;-49,301;2025-09-22 12:50:00.0;0,00
ALMIRANTE TAMANDARÉ;410040004A;PR;Tranqueira;-25,259;-49,301;2025-09-22 13:50:00.0;0,00
ALMIRANTE TAMANDARÉ;410040004A;PR;Tranqueira;-25,259;-49,301;2025-09-22 14:20:00.0;0,20
ALMIRANTE TAMANDARÉ;410040004A;PR;Tranqueira;-25,259;-49,301;2025-09-22 14:40:00.0;0,79
ALMIRANTE TAMANDARÉ;410040004A;PR;Tranqueira;-25,259;-49,301;2025-09-22 14:50:00.0;1,37
ALMIRANTE TAMANDARÉ;410040004A;PR;Tranqueira;-25,259;-49,301;2025-09-22 15:00:00.0;2,16
ALMIRANTE TAMANDARÉ;410040004A;PR;Tranqueira;-25,259;-49,301;2025-09-22 15:10:00.0;2,16
ALMIRANTE TAMANDARÉ;410040004A;PR;Tranqueira;-25,259;-49,301;2025-09-22 15:20:00.0;2,36
ALMIRANTE TAMANDARÉ;410040004A;PR;Tranqueira;-25,259;-49,301;2025-09-22 15:30:00.0;2,36
ALMIRANTE TAMANDARÉ;410040004A;PR;Tranqueira;-25,259;-49,301;2025-09-22 15:40:00.0;2,16
ALMIRANTE TAMANDARÉ;410040004A;PR;Tranqueira;-25,259;-49,301;2025-09-22 15:50:00.0;2,16
ALMIRANTE TAMANDARÉ;410040004A;PR;Tranqueira;-25,259;-49,301;2025-09-22 16:00:00.0;1,96
ALMIRANTE TAMANDARÉ;410040004A;PR;Tranqueira;-25,259;-49,301;2025-09-22 16:10:00.0;1,77
ALMIRANTE TAMANDARÉ;410040004A;PR;Tranqueira;-25,259;-49,301;2025-09-22 16:20:00.0;1,57
ALMIRANTE TAMANDARÉ;410040004A;PR;Tranqueira;-25,259;-49,301;2025-09-22 16:30:00.0;1,57
ALMIRANTE TAMANDARÉ;410040004A;PR;Tranqueira;-25,259;-49,301;2025-09-22 16:40:00.0;1,18
ALMIRANTE TAMANDARÉ;410040004A;PR;Tranqueira;-25,259;-49,301;2025-09-22 16:50:00.0;1,18
ALMIRANTE TAMANDARÉ;410040004A;PR;Tranqueira;-25,259;-49,301;2025-09-22 17:00:00.0;0,98
ALMIRANTE TAMANDARÉ;410040004A;PR;Tranqueira;-25,259;-49,301;2025-09-22 17:10:00.0;0,98
ALMIRANTE TAMANDARÉ;410040004A;PR;Tranqueira;-25,259;-49,301;2025-09-22 17:20:00.0;0,79
ALMIRANTE TAMANDARÉ;410040004A;PR;Tranqueira;-25,259;-49,301;2025-09-22 17:30:00.0;0,59
ALMIRANTE TAMANDARÉ;410040004A;PR;Tranqueira;-25,259;-49,301;2025-09-22 17:40:00.0;0,59
ALMIRANTE TAMANDARÉ;410040004A;PR;Tranqueira;-25,259;-49,301;2025-09-22 17:50:00.0;0,39
ALMIRANTE TAMANDARÉ;410040004A;PR;Tranqueira;-25,259;-49,301;2025-09-22 18:00:00.0;0,20
ALMIRANTE TAMANDARÉ;410040004A;PR;Tranqueira;-25,259;-49,301;2025-09-22 18:10:00.0;0,20
ALMIRANTE TAMANDARÉ;410040004A;PR;Tranqueira;-25,259;-49,301;2025-09-22 18:20:00.0;0,20
ALMIRANTE TAMANDARÉ;410040004A;PR;Tranqueira;-25,259;-49,301;2025-09-22 18:30:00.0;0,20
ALMIRANTE TAMANDARÉ;410040004A;PR;Tranqueira;-25,259;-49,301;2025-09-22 18:50:00.0;0,20
ALMIRANTE TAMANDARÉ;410040004A;PR;Tranqueira;-25,259;-49,301;2025-09-22 19:40:00.0;0,20
ALMIRANTE TAMANDARÉ;410040004A;PR;Tranqueira;-25,259;-49,301;2025-09-22 19:50:00.0;0,00
ALMIRANTE TAMANDARÉ;410040004A;PR;Tranqueira;-25,259;-49,301;2025-09-22 20:50:00.0;0,00
ALMIRANTE TAMANDARÉ;410040004A;PR;Tranqueira;-25,259;-49,301;2025-09-22 21:30:00.0;0,20
ALMIRANTE TAMANDARÉ;410040004A;PR;Tranqueira;-25,259;-49,301;2025-09-22 21:50:00.0;0,00
ALMIRANTE TAMANDARÉ;410040004A;PR;Tranqueira;-25,259;-49,301;2025-09-22 22:50:00.0;0,00
ALMIRANTE TAMANDARÉ;410040004A;PR;Tranqueira;-25,259;-49,301;2025-09-22 23:50:00.0;0,00
ALMIRANTE TAMANDARÉ;410040004A;PR;Tranqueira;-25,259;-49,301;2025-09-23 00:50:00.0;0,00
ALMIRANTE TAMANDARÉ;410040004A;PR;Tranqueira;-25,259;-49,301;2025-09-23 01:50:00.0;0,00
ALMIRANTE TAMANDARÉ;410040004A;PR;Tranqueira;-25,259;-49,301;2025-09-23 02:50:00.0;0,00
ALMIRANTE TAMANDARÉ;410040004A;PR;Tranqueira;-25,259;-49,301;2025-09-23 03:50:00.0;0,00
ALMIRANTE TAMANDARÉ;410040004A;PR;Tranqueira;-25,259;-49,301;2025-09-23 04:50:00.0;0,00
ALMIRANTE TAMANDARÉ;410040004A;PR;Tranqueira;-25,259;-49,301;2025-09-23 05:50:00.0;0,00
ALMIRANTE TAMANDARÉ;410040004A;PR;Tranqueira;-25,259;-49,301;2025-09-23 06:50:00.0;0,20
ALMIRANTE TAMANDARÉ;410040004A;PR;Tranqueira;-25,259;-49,301;2025-09-23 07:00:00.0;0,00
ALMIRANTE TAMANDARÉ;410040004A;PR;Tranqueira;-25,259;-49,301;2025-09-23 07:50:00.0;0,00
ALMIRANTE TAMANDARÉ;410040004A;PR;Tranqueira;-25,259;-49,301;2025-09-23 08:50:00.0;0,00
ALMIRANTE TAMANDARÉ;410040004A;PR;Tranqueira;-25,259;-49,301;2025-09-23 09:50:00.0;0,00
ALMIRANTE TAMANDARÉ;410040004A;PR;Tranqueira;-25,259;-49,301;2025-09-23 10:50:00.0;0,00
ALMIRANTE TAMANDARÉ;410040004A;PR;Tranqueira;-25,259;-49,301;2025-09-23 11:50:00.0;0,00
ALMIRANTE TAMANDARÉ;410040004A;PR;Tranqueira;-25,259;-49,301;2025-09-23 12:50:00.0;0,00
ALMIRANTE TAMANDARÉ;410040004A;PR;Tranqueira;-25,259;-49,301;2025-09-23 13:50:00.0;0,00
ALMIRANTE TAMANDARÉ;410040004A;PR;Tranqueira;-25,259;-49,301;2025-09-23 14:50:00.0;0,00
ALMIRANTE TAMANDARÉ;410040004A;PR;Tranqueira;-25,259;-49,301;2025-09-23 15:50:00.0;0,00
ALMIRANTE TAMANDARÉ;410040004A;PR;Tranqueira;-25,259;-49,301;2025-09-23 16:50:00.0;0,00
ALMIRANTE TAMANDARÉ;410040004A;PR;Tranqueira;-25,259;-49,301;2025-09-23 17:50:00.0;0,00
ALMIRANTE TAMANDARÉ;410040004A;PR;Tranqueira;-25,259;-49,301;2025-09-23 18:50:00.0;0,00
ALMIRANTE TAMANDARÉ;410040004A;PR;Tranqueira;-25,259;-49,301;2025-09-23 19:50:00.0;0,00
ALMIRANTE TAMANDARÉ;410040004A;PR;Tranqueira;-25,259;-49,301;2025-09-23 20:50:00.0;0,00
ALMIRANTE TAMANDARÉ;410040004A;PR;Tranqueira;-25,259;-49,301;2025-09-23 21:50:00.0;0,00
ALMIRANTE TAMANDARÉ;410040004A;PR;Tranqueira;-25,259;-49,301;2025-09-23 22:50:00.0;0,00
ALMIRANTE TAMANDARÉ;410040004A;PR;Tranqueira;-25,259;-49,301;2025-09-23 23:50:00.0;0,00
ALMIRANTE TAMANDARÉ;410040004A;PR;Tranqueira;-25,259;-49,301;2025-09-24 00:50:00.0;0,00
ALMIRANTE TAMANDARÉ;410040004A;PR;Tranqueira;-25,259;-49,301;2025-09-24 01:50:00.0;0,00
ALMIRANTE TAMANDARÉ;410040004A;PR;Tranqueira;-25,259;-49,301;2025-09-24 02:50:00.0;0,00
ALMIRANTE TAMANDARÉ;410040004A;PR;Tranqueira;-25,259;-49,301;2025-09-24 03:50:00.0;0,00
ALMIRANTE TAMANDARÉ;410040004A;PR;Tranqueira;-25,259;-49,301;2025-09-24 04:50:00.0;0,00
ALMIRANTE TAMANDARÉ;410040004A;PR;Tranqueira;-25,259;-49,301;2025-09-24 05:50:00.0;0,00
ALMIRANTE TAMANDARÉ;410040004A;PR;Tranqueira;-25,259;-49,301;2025-09-24 06:50:00.0;0,00
ALMIRANTE TAMANDARÉ;410040004A;PR;Tranqueira;-25,259;-49,301;2025-09-24 07:50:00.0;0,00
ALMIRANTE TAMANDARÉ;410040004A;PR;Tranqueira;-25,259;-49,301;2025-09-24 08:50:00.0;0,00
ALMIRANTE TAMANDARÉ;410040004A;PR;Tranqueira;-25,259;-49,301;2025-09-24 09:50:00.0;0,00
ALMIRANTE TAMANDARÉ;410040004A;PR;Tranqueira;-25,259;-49,301;2025-09-24 10:50:00.0;0,00
ALMIRANTE TAMANDARÉ;410040004A;PR;Tranqueira;-25,259;-49,301;2025-09-24 11:50:00.0;0,00
ALMIRANTE TAMANDARÉ;410040004A;PR;Tranqueira;-25,259;-49,301;2025-09-24 12:50:00.0;0,00
ALMIRANTE TAMANDARÉ;410040004A;PR;Tranqueira;-25,259;-49,301;2025-09-24 13:50:00.0;0,00
ALMIRANTE TAMANDARÉ;410040004A;PR;Tranqueira;-25,259;-49,301;2025-09-24 14:50:00.0;0,00
ALMIRANTE TAMANDARÉ;410040004A;PR;Tranqueira;-25,259;-49,301;2025-09-24 15:50:00.0;0,00
ALMIRANTE TAMANDARÉ;410040004A;PR;Tranqueira;-25,259;-49,301;2025-09-24 16:50:00.0;0,00
ALMIRANTE TAMANDARÉ;410040004A;PR;Tranqueira;-25,259;-49,301;2025-09-24 17:50:00.0;0,00
ALMIRANTE TAMANDARÉ;410040004A;PR;Tranqueira;-25,259;-49,301;2025-09-24 18:50:00.0;0,00
ALMIRANTE TAMANDARÉ;410040004A;PR;Tranqueira;-25,259;-49,301;2025-09-24 19:50:00.0;0,00
ALMIRANTE TAMANDARÉ;410040004A;PR;Tranqueira;-25,259;-49,301;2025-09-24 20:50:00.0;0,00
ALMIRANTE TAMANDARÉ;410040004A;PR;Tranqueira;-25,259;-49,301;2025-09-24 21:50:00.0;0,00
ALMIRANTE TAMANDARÉ;410040004A;PR;Tranqueira;-25,259;-49,301;2025-09-24 22:50:00.0;0,00
ALMIRANTE TAMANDARÉ;410040004A;PR;Tranqueira;-25,259;-49,301;2025-09-24 23:50:00.0;0,00
ALMIRANTE TAMANDARÉ;410040004A;PR;Tranqueira;-25,259;-49,301;2025-09-25 00:50:00.0;0,00
ALMIRANTE TAMANDARÉ;410040004A;PR;Tranqueira;-25,259;-49,301;2025-09-25 01:50:00.0;0,00
ALMIRANTE TAMANDARÉ;410040004A;PR;Tranqueira;-25,259;-49,301;2025-09-25 02:50:00.0;0,00
ALMIRANTE TAMANDARÉ;410040004A;PR;Tranqueira;-25,259;-49,301;2025-09-25 03:50:00.0;0,00
ALMIRANTE TAMANDARÉ;410040004A;PR;Tranqueira;-25,259;-49,301;2025-09-25 04:50:00.0;0,00
ALMIRANTE TAMANDARÉ;410040004A;PR;Tranqueira;-25,259;-49,301;2025-09-25 05:50:00.0;0,00
ALMIRANTE TAMANDARÉ;410040004A;PR;Tranqueira;-25,259;-49,301;2025-09-25 06:50:00.0;0,00
ALMIRANTE TAMANDARÉ;410040004A;PR;Tranqueira;-25,259;-49,301;2025-09-25 07:50:00.0;0,00
ALMIRANTE TAMANDARÉ;410040004A;PR;Tranqueira;-25,259;-49,301;2025-09-25 08:50:00.0;0,00
ALMIRANTE TAMANDARÉ;410040004A;PR;Tranqueira;-25,259;-49,301;2025-09-25 09:50:00.0;0,00
ALMIRANTE TAMANDARÉ;410040004A;PR;Tranqueira;-25,259;-49,301;2025-09-25 10:50:00.0;0,00
ALMIRANTE TAMANDARÉ;410040004A;PR;Tranqueira;-25,259;-49,301;2025-09-25 11:50:00.0;0,00
ALMIRANTE TAMANDARÉ;410040004A;PR;Tranqueira;-25,259;-49,301;2025-09-25 12:50:00.0;0,00
ALMIRANTE TAMANDARÉ;410040004A;PR;Tranqueira;-25,259;-49,301;2025-09-25 13:50:00.0;0,00
ALMIRANTE TAMANDARÉ;410040004A;PR;Tranqueira;-25,259;-49,301;2025-09-25 15:00:00.0;0,00
ALMIRANTE TAMANDARÉ;410040004A;PR;Tranqueira;-25,259;-49,301;2025-09-25 15:50:00.0;0,00
ALMIRANTE TAMANDARÉ;410040004A;PR;Tranqueira;-25,259;-49,301;2025-09-25 16:50:00.0;0,00
ALMIRANTE TAMANDARÉ;410040004A;PR;Tranqueira;-25,259;-49,301;2025-09-25 17:50:00.0;0,00
ALMIRANTE TAMANDARÉ;410040004A;PR;Tranqueira;-25,259;-49,301;2025-09-25 18:50:00.0;0,00
ALMIRANTE TAMANDARÉ;410040004A;PR;Tranqueira;-25,259;-49,301;2025-09-25 19:30:00.0;0,20
ALMIRANTE TAMANDARÉ;410040004A;PR;Tranqueira;-25,259;-49,301;2025-09-25 19:50:00.0;0,00
ALMIRANTE TAMANDARÉ;410040004A;PR;Tranqueira;-25,259;-49,301;2025-09-25 20:50:00.0;0,00
ALMIRANTE TAMANDARÉ;410040004A;PR;Tranqueira;-25,259;-49,301;2025-09-25 21:50:00.0;0,00
ALMIRANTE TAMANDARÉ;410040004A;PR;Tranqueira;-25,259;-49,301;2025-09-25 22:50:00.0;0,00
ALMIRANTE TAMANDARÉ;410040004A;PR;Tranqueira;-25,259;-49,301;2025-09-25 23:50:00.0;0,00
ALMIRANTE TAMANDARÉ;410040004A;PR;Tranqueira;-25,259;-49,301;2025-09-26 00:50:00.0;0,00
ALMIRANTE TAMANDARÉ;410040004A;PR;Tranqueira;-25,259;-49,301;2025-09-26 01:50:00.0;0,00
ALMIRANTE TAMANDARÉ;410040004A;PR;Tranqueira;-25,259;-49,301;2025-09-26 02:50:00.0;0,00
ALMIRANTE TAMANDARÉ;410040004A;PR;Tranqueira;-25,259;-49,301;2025-09-26 03:50:00.0;0,00
ALMIRANTE TAMANDARÉ;410040004A;PR;Tranqueira;-25,259;-49,301;2025-09-26 04:50:00.0;0,00
ALMIRANTE TAMANDARÉ;410040004A;PR;Tranqueira;-25,259;-49,301;2025-09-26 05:50:00.0;0,00
ALMIRANTE TAMANDARÉ;410040004A;PR;Tranqueira;-25,259;-49,301;2025-09-26 06:50:00.0;0,00
ALMIRANTE TAMANDARÉ;410040004A;PR;Tranqueira;-25,259;-49,301;2025-09-26 07:50:00.0;0,00
ALMIRANTE TAMANDARÉ;410040004A;PR;Tranqueira;-25,259;-49,301;2025-09-26 08:50:00.0;0,00
ALMIRANTE TAMANDARÉ;410040004A;PR;Tranqueira;-25,259;-49,301;2025-09-26 09:50:00.0;0,00
ALMIRANTE TAMANDARÉ;410040004A;PR;Tranqueira;-25,259;-49,301;2025-09-26 10:50:00.0;0,00
ALMIRANTE TAMANDARÉ;410040004A;PR;Tranqueira;-25,259;-49,301;2025-09-26 11:50:00.0;0,00
ALMIRANTE TAMANDARÉ;410040004A;PR;Tranqueira;-25,259;-49,301;2025-09-26 12:30:00.0;0,20
ALMIRANTE TAMANDARÉ;410040004A;PR;Tranqueira;-25,259;-49,301;2025-09-26 12:50:00.0;0,00
ALMIRANTE TAMANDARÉ;410040004A;PR;Tranqueira;-25,259;-49,301;2025-09-26 13:50:00.0;0,00
ALMIRANTE TAMANDARÉ;410040004A;PR;Tranqueira;-25,259;-49,301;2025-09-26 14:50:00.0;0,00
ALMIRANTE TAMANDARÉ;410040004A;PR;Tranqueira;-25,259;-49,301;2025-09-26 15:50:00.0;0,00
ALMIRANTE TAMANDARÉ;410040004A;PR;Tranqueira;-25,259;-49,301;2025-09-26 16:50:00.0;0,00
ALMIRANTE TAMANDARÉ;410040004A;PR;Tranqueira;-25,259;-49,301;2025-09-26 17:50:00.0;0,00
ALMIRANTE TAMANDARÉ;410040004A;PR;Tranqueira;-25,259;-49,301;2025-09-26 18:50:00.0;0,00
ALMIRANTE TAMANDARÉ;410040004A;PR;Tranqueira;-25,259;-49,301;2025-09-26 19:50:00.0;0,00
ALMIRANTE TAMANDARÉ;410040004A;PR;Tranqueira;-25,259;-49,301;2025-09-26 20:50:00.0;0,00
ALMIRANTE TAMANDARÉ;410040004A;PR;Tranqueira;-25,259;-49,301;2025-09-26 21:50:00.0;0,00
ALMIRANTE TAMANDARÉ;410040004A;PR;Tranqueira;-25,259;-49,301;2025-09-26 22:50:00.0;0,00
ALMIRANTE TAMANDARÉ;410040004A;PR;Tranqueira;-25,259;-49,301;2025-09-26 23:50:00.0;0,00
ALMIRANTE TAMANDARÉ;410040004A;PR;Tranqueira;-25,259;-49,301;2025-09-27 00:20:00.0;0,20
ALMIRANTE TAMANDARÉ;410040004A;PR;Tranqueira;-25,259;-49,301;2025-09-27 00:50:00.0;0,00
ALMIRANTE TAMANDARÉ;410040004A;PR;Tranqueira;-25,259;-49,301;2025-09-27 01:50:00.0;0,00
ALMIRANTE TAMANDARÉ;410040004A;PR;Tranqueira;-25,259;-49,301;2025-09-27 02:50:00.0;0,00
ALMIRANTE TAMANDARÉ;410040004A;PR;Tranqueira;-25,259;-49,301;2025-09-27 03:50:00.0;0,00
ALMIRANTE TAMANDARÉ;410040004A;PR;Tranqueira;-25,259;-49,301;2025-09-27 04:50:00.0;0,00
ALMIRANTE TAMANDARÉ;410040004A;PR;Tranqueira;-25,259;-49,301;2025-09-27 05:50:00.0;0,00
ALMIRANTE TAMANDARÉ;410040004A;PR;Tranqueira;-25,259;-49,301;2025-09-27 06:50:00.0;0,00
ALMIRANTE TAMANDARÉ;410040004A;PR;Tranqueira;-25,259;-49,301;2025-09-27 07:50:00.0;0,00
ALMIRANTE TAMANDARÉ;410040004A;PR;Tranqueira;-25,259;-49,301;2025-09-27 08:50:00.0;0,00
ALMIRANTE TAMANDARÉ;410040004A;PR;Tranqueira;-25,259;-49,301;2025-09-27 09:50:00.0;0,00
ALMIRANTE TAMANDARÉ;410040004A;PR;Tranqueira;-25,259;-49,301;2025-09-27 10:50:00.0;0,00
ALMIRANTE TAMANDARÉ;410040004A;PR;Tranqueira;-25,259;-49,301;2025-09-27 11:50:00.0;0,00
ALMIRANTE TAMANDARÉ;410040004A;PR;Tranqueira;-25,259;-49,301;2025-09-27 12:50:00.0;0,00
ALMIRANTE TAMANDARÉ;410040004A;PR;Tranqueira;-25,259;-49,301;2025-09-27 13:50:00.0;0,00
ALMIRANTE TAMANDARÉ;410040004A;PR;Tranqueira;-25,259;-49,301;2025-09-27 14:50:00.0;0,00
ALMIRANTE TAMANDARÉ;410040004A;PR;Tranqueira;-25,259;-49,301;2025-09-27 15:50:00.0;0,00
ALMIRANTE TAMANDARÉ;410040004A;PR;Tranqueira;-25,259;-49,301;2025-09-27 16:50:00.0;0,00
ALMIRANTE TAMANDARÉ;410040004A;PR;Tranqueira;-25,259;-49,301;2025-09-27 17:50:00.0;0,00
ALMIRANTE TAMANDARÉ;410040004A;PR;Tranqueira;-25,259;-49,301;2025-09-27 18:50:00.0;0,00
ALMIRANTE TAMANDARÉ;410040004A;PR;Tranqueira;-25,259;-49,301;2025-09-27 19:50:00.0;0,00
ALMIRANTE TAMANDARÉ;410040004A;PR;Tranqueira;-25,259;-49,301;2025-09-27 20:50:00.0;0,00
ALMIRANTE TAMANDARÉ;410040004A;PR;Tranqueira;-25,259;-49,301;2025-09-27 21:50:00.0;0,00
ALMIRANTE TAMANDARÉ;410040004A;PR;Tranqueira;-25,259;-49,301;2025-09-27 22:50:00.0;0,00
ALMIRANTE TAMANDARÉ;410040004A;PR;Tranqueira;-25,259;-49,301;2025-09-27 23:50:00.0;0,00
ALMIRANTE TAMANDARÉ;410040004A;PR;Tranqueira;-25,259;-49,301;2025-09-28 00:50:00.0;0,00
ALMIRANTE TAMANDARÉ;410040004A;PR;Tranqueira;-25,259;-49,301;2025-09-28 01:50:00.0;0,00
ALMIRANTE TAMANDARÉ;410040004A;PR;Tranqueira;-25,259;-49,301;2025-09-28 02:50:00.0;0,00
ALMIRANTE TAMANDARÉ;410040004A;PR;Tranqueira;-25,259;-49,301;2025-09-28 03:20:00.0;0,20
ALMIRANTE TAMANDARÉ;410040004A;PR;Tranqueira;-25,259;-49,301;2025-09-28 03:50:00.0;0,00
ALMIRANTE TAMANDARÉ;410040004A;PR;Tranqueira;-25,259;-49,301;2025-09-28 04:50:00.0;0,00
ALMIRANTE TAMANDARÉ;410040004A;PR;Tranqueira;-25,259;-49,301;2025-09-28 05:50:00.0;0,00
ALMIRANTE TAMANDARÉ;410040004A;PR;Tranqueira;-25,259;-49,301;2025-09-28 06:50:00.0;0,00
ALMIRANTE TAMANDARÉ;410040004A;PR;Tranqueira;-25,259;-49,301;2025-09-28 07:50:00.0;0,00
ALMIRANTE TAMANDARÉ;410040004A;PR;Tranqueira;-25,259;-49,301;2025-09-28 08:50:00.0;0,00
ALMIRANTE TAMANDARÉ;410040004A;PR;Tranqueira;-25,259;-49,301;2025-09-28 09:50:00.0;0,00
ALMIRANTE TAMANDARÉ;410040004A;PR;Tranqueira;-25,259;-49,301;2025-09-28 10:50:00.0;0,00
ALMIRANTE TAMANDARÉ;410040004A;PR;Tranqueira;-25,259;-49,301;2025-09-28 11:50:00.0;0,00
ALMIRANTE TAMANDARÉ;410040004A;PR;Tranqueira;-25,259;-49,301;2025-09-28 12:50:00.0;0,00
ALMIRANTE TAMANDARÉ;410040004A;PR;Tranqueira;-25,259;-49,301;2025-09-28 13:50:00.0;0,00
ALMIRANTE TAMANDARÉ;410040004A;PR;Tranqueira;-25,259;-49,301;2025-09-28 14:50:00.0;0,00
ALMIRANTE TAMANDARÉ;410040004A;PR;Tranqueira;-25,259;-49,301;2025-09-28 15:50:00.0;0,00
ALMIRANTE TAMANDARÉ;410040004A;PR;Tranqueira;-25,259;-49,301;2025-09-28 16:50:00.0;0,00
ALMIRANTE TAMANDARÉ;410040004A;PR;Tranqueira;-25,259;-49,301;2025-09-28 17:50:00.0;0,00
ALMIRANTE TAMANDARÉ;410040004A;PR;Tranqueira;-25,259;-49,301;2025-09-28 18:50:00.0;0,00
ALMIRANTE TAMANDARÉ;410040004A;PR;Tranqueira;-25,259;-49,301;2025-09-28 19:50:00.0;0,00
ALMIRANTE TAMANDARÉ;410040004A;PR;Tranqueira;-25,259;-49,301;2025-09-28 20:50:00.0;0,00
ALMIRANTE TAMANDARÉ;410040004A;PR;Tranqueira;-25,259;-49,301;2025-09-28 21:50:00.0;0,00
ALMIRANTE TAMANDARÉ;410040004A;PR;Tranqueira;-25,259;-49,301;2025-09-28 22:50:00.0;0,00
ALMIRANTE TAMANDARÉ;410040004A;PR;Tranqueira;-25,259;-49,301;2025-09-28 23:50:00.0;0,00
ALMIRANTE TAMANDARÉ;410040004A;PR;Tranqueira;-25,259;-49,301;2025-09-29 00:50:00.0;0,00
ALMIRANTE TAMANDARÉ;410040004A;PR;Tranqueira;-25,259;-49,301;2025-09-29 01:50:00.0;0,00
ALMIRANTE TAMANDARÉ;410040004A;PR;Tranqueira;-25,259;-49,301;2025-09-29 02:50:00.0;0,00
ALMIRANTE TAMANDARÉ;410040004A;PR;Tranqueira;-25,259;-49,301;2025-09-29 03:50:00.0;0,00
ALMIRANTE TAMANDARÉ;410040004A;PR;Tranqueira;-25,259;-49,301;2025-09-29 04:50:00.0;0,00
ALMIRANTE TAMANDARÉ;410040004A;PR;Tranqueira;-25,259;-49,301;2025-09-29 05:50:00.0;0,00
ALMIRANTE TAMANDARÉ;410040004A;PR;Tranqueira;-25,259;-49,301;2025-09-29 06:50:00.0;0,00
ALMIRANTE TAMANDARÉ;410040004A;PR;Tranqueira;-25,259;-49,301;2025-09-29 07:50:00.0;0,00
ALMIRANTE TAMANDARÉ;410040004A;PR;Tranqueira;-25,259;-49,301;2025-09-29 08:50:00.0;0,00
ALMIRANTE TAMANDARÉ;410040004A;PR;Tranqueira;-25,259;-49,301;2025-09-29 09:50:00.0;0,00
ALMIRANTE TAMANDARÉ;410040004A;PR;Tranqueira;-25,259;-49,301;2025-09-29 10:50:00.0;0,00
ALMIRANTE TAMANDARÉ;410040004A;PR;Tranqueira;-25,259;-49,301;2025-09-29 11:50:00.0;0,00
ALMIRANTE TAMANDARÉ;410040004A;PR;Tranqueira;-25,259;-49,301;2025-09-29 12:50:00.0;0,00
ALMIRANTE TAMANDARÉ;410040004A;PR;Tranqueira;-25,259;-49,301;2025-09-29 13:50:00.0;0,00
ALMIRANTE TAMANDARÉ;410040004A;PR;Tranqueira;-25,259;-49,301;2025-09-29 14:50:00.0;0,00
ALMIRANTE TAMANDARÉ;410040004A;PR;Tranqueira;-25,259;-49,301;2025-09-29 15:50:00.0;0,00
ALMIRANTE TAMANDARÉ;410040004A;PR;Tranqueira;-25,259;-49,301;2025-09-29 16:50:00.0;0,00
ALMIRANTE TAMANDARÉ;410040004A;PR;Tranqueira;-25,259;-49,301;2025-09-29 17:50:00.0;0,00
ALMIRANTE TAMANDARÉ;410040004A;PR;Tranqueira;-25,259;-49,301;2025-09-29 18:50:00.0;0,00
ALMIRANTE TAMANDARÉ;410040004A;PR;Tranqueira;-25,259;-49,301;2025-09-29 19:50:00.0;0,00
ALMIRANTE TAMANDARÉ;410040004A;PR;Tranqueira;-25,259;-49,301;2025-09-29 20:50:00.0;0,00
ALMIRANTE TAMANDARÉ;410040004A;PR;Tranqueira;-25,259;-49,301;2025-09-29 21:50:00.0;0,00
ALMIRANTE TAMANDARÉ;410040004A;PR;Tranqueira;-25,259;-49,301;2025-09-29 22:50:00.0;0,00
ALMIRANTE TAMANDARÉ;410040004A;PR;Tranqueira;-25,259;-49,301;2025-09-29 23:50:00.0;0,00
ALMIRANTE TAMANDARÉ;410040004A;PR;Tranqueira;-25,259;-49,301;2025-09-30 00:50:00.0;0,00
ALMIRANTE TAMANDARÉ;410040004A;PR;Tranqueira;-25,259;-49,301;2025-09-30 01:50:00.0;0,00
ALMIRANTE TAMANDARÉ;410040004A;PR;Tranqueira;-25,259;-49,301;2025-09-30 02:50:00.0;0,00
ALMIRANTE TAMANDARÉ;410040004A;PR;Tranqueira;-25,259;-49,301;2025-09-30 03:50:00.0;0,00
ALMIRANTE TAMANDARÉ;410040004A;PR;Tranqueira;-25,259;-49,301;2025-09-30 04:50:00.0;0,00
ALMIRANTE TAMANDARÉ;410040004A;PR;Tranqueira;-25,259;-49,301;2025-09-30 05:50:00.0;0,00
ALMIRANTE TAMANDARÉ;410040004A;PR;Tranqueira;-25,259;-49,301;2025-09-30 06:50:00.0;0,00
ALMIRANTE TAMANDARÉ;410040004A;PR;Tranqueira;-25,259;-49,301;2025-09-30 07:50:00.0;0,00
ALMIRANTE TAMANDARÉ;410040004A;PR;Tranqueira;-25,259;-49,301;2025-09-30 08:50:00.0;0,00
ALMIRANTE TAMANDARÉ;410040004A;PR;Tranqueira;-25,259;-49,301;2025-09-30 09:50:00.0;0,00
ALMIRANTE TAMANDARÉ;410040004A;PR;Tranqueira;-25,259;-49,301;2025-09-30 10:50:00.0;0,00
ALMIRANTE TAMANDARÉ;410040004A;PR;Tranqueira;-25,259;-49,301;2025-09-30 11:50:00.0;0,00
ALMIRANTE TAMANDARÉ;410040004A;PR;Tranqueira;-25,259;-49,301;2025-09-30 12:50:00.0;0,00
ALMIRANTE TAMANDARÉ;410040004A;PR;Tranqueira;-25,259;-49,301;2025-09-30 13:50:00.0;0,00
ALMIRANTE TAMANDARÉ;410040004A;PR;Tranqueira;-25,259;-49,301;2025-09-30 14:50:00.0;0,00
ALMIRANTE TAMANDARÉ;410040004A;PR;Tranqueira;-25,259;-49,301;2025-09-30 15:50:00.0;0,00
ALMIRANTE TAMANDARÉ;410040004A;PR;Tranqueira;-25,259;-49,301;2025-09-30 16:50:00.0;0,00
ALMIRANTE TAMANDARÉ;410040004A;PR;Tranqueira;-25,259;-49,301;2025-09-30 17:50:00.0;0,00
ALMIRANTE TAMANDARÉ;410040004A;PR;Tranqueira;-25,259;-49,301;2025-09-30 18:50:00.0;0,00
ALMIRANTE TAMANDARÉ;410040004A;PR;Tranqueira;-25,259;-49,301;2025-09-30 19:50:00.0;0,00
ALMIRANTE TAMANDARÉ;410040004A;PR;Tranqueira;-25,259;-49,301;2025-09-30 20:50:00.0;0,00
ALMIRANTE TAMANDARÉ;410040004A;PR;Tranqueira;-25,259;-49,301;2025-09-30 21:50:00.0;0,00
ALMIRANTE TAMANDARÉ;410040004A;PR;Tranqueira;-25,259;-49,301;2025-09-30 22:50:00.0;0,00
ALMIRANTE TAMANDARÉ;410040004A;PR;Tranqueira;-25,259;-49,301;2025-09-30 23:50:00.0;0,00
ALMIRANTE TAMANDARÉ;410040005A;PR;Jardim Bonfim;-25,344;-49,28;2025-09-01 00:00:00.0;0,00
ALMIRANTE TAMANDARÉ;410040005A;PR;Jardim Bonfim;-25,344;-49,28;2025-09-01 01:00:00.0;0,00
ALMIRANTE TAMANDARÉ;410040005A;PR;Jardim Bonfim;-25,344;-49,28;2025-09-01 02:00:00.0;0,00
ALMIRANTE TAMANDARÉ;410040005A;PR;Jardim Bonfim;-25,344;-49,28;2025-09-01 03:00:00.0;0,00
ALMIRANTE TAMANDARÉ;410040005A;PR;Jardim Bonfim;-25,344;-49,28;2025-09-01 04:00:00.0;0,00
ALMIRANTE TAMANDARÉ;410040005A;PR;Jardim Bonfim;-25,344;-49,28;2025-09-01 05:00:00.0;0,00
ALMIRANTE TAMANDARÉ;410040005A;PR;Jardim Bonfim;-25,344;-49,28;2025-09-01 06:00:00.0;0,00
ALMIRANTE TAMANDARÉ;410040005A;PR;Jardim Bonfim;-25,344;-49,28;2025-09-01 07:00:00.0;0,00
ALMIRANTE TAMANDARÉ;410040005A;PR;Jardim Bonfim;-25,344;-49,28;2025-09-01 08:00:00.0;0,00
ALMIRANTE TAMANDARÉ;410040005A;PR;Jardim Bonfim;-25,344;-49,28;2025-09-01 09:00:00.0;0,00
ALMIRANTE TAMANDARÉ;410040005A;PR;Jardim Bonfim;-25,344;-49,28;2025-09-01 10:00:00.0;0,00
ALMIRANTE TAMANDARÉ;410040005A;PR;Jardim Bonfim;-25,344;-49,28;2025-09-01 11:00:00.0;0,00
ALMIRANTE TAMANDARÉ;410040005A;PR;Jardim Bonfim;-25,344;-49,28;2025-09-01 12:00:00.0;0,00
ALMIRANTE TAMANDARÉ;410040005A;PR;Jardim Bonfim;-25,344;-49,28;2025-09-01 13:00:00.0;0,00
ALMIRANTE TAMANDARÉ;410040005A;PR;Jardim Bonfim;-25,344;-49,28;2025-09-01 14:00:00.0;0,00
ALMIRANTE TAMANDARÉ;410040005A;PR;Jardim Bonfim;-25,344;-49,28;2025-09-01 15:00:00.0;0,00
ALMIRANTE TAMANDARÉ;410040005A;PR;Jardim Bonfim;-25,344;-49,28;2025-09-01 16:00:00.0;0,00
ALMIRANTE TAMANDARÉ;410040005A;PR;Jardim Bonfim;-25,344;-49,28;2025-09-01 17:00:00.0;0,00
ALMIRANTE TAMANDARÉ;410040005A;PR;Jardim Bonfim;-25,344;-49,28;2025-09-01 18:00:00.0;0,00
ALMIRANTE TAMANDARÉ;410040005A;PR;Jardim Bonfim;-25,344;-49,28;2025-09-01 19:00:00.0;0,00
ALMIRANTE TAMANDARÉ;410040005A;PR;Jardim Bonfim;-25,344;-49,28;2025-09-01 20:00:00.0;0,00
ALMIRANTE TAMANDARÉ;410040005A;PR;Jardim Bonfim;-25,344;-49,28;2025-09-01 21:00:00.0;0,00
ALMIRANTE TAMANDARÉ;410040005A;PR;Jardim Bonfim;-25,344;-49,28;2025-09-01 22:00:00.0;0,00
ALMIRANTE TAMANDARÉ;410040005A;PR;Jardim Bonfim;-25,344;-49,28;2025-09-01 23:00:00.0;0,00
ALMIRANTE TAMANDARÉ;410040005A;PR;Jardim Bonfim;-25,344;-49,28;2025-09-02 00:00:00.0;0,00
ALMIRANTE TAMANDARÉ;410040005A;PR;Jardim Bonfim;-25,344;-49,28;2025-09-02 01:00:00.0;0,00
ALMIRANTE TAMANDARÉ;410040005A;PR;Jardim Bonfim;-25,344;-49,28;2025-09-02 02:00:00.0;0,00
ALMIRANTE TAMANDARÉ;410040005A;PR;Jardim Bonfim;-25,344;-49,28;2025-09-02 02:20:00.0;0,20
ALMIRANTE TAMANDARÉ;410040005A;PR;Jardim Bonfim;-25,344;-49,28;2025-09-02 03:00:00.0;0,00
ALMIRANTE TAMANDARÉ;410040005A;PR;Jardim Bonfim;-25,344;-49,28;2025-09-02 04:00:00.0;0,00
ALMIRANTE TAMANDARÉ;410040005A;PR;Jardim Bonfim;-25,344;-49,28;2025-09-02 05:00:00.0;0,00
ALMIRANTE TAMANDARÉ;410040005A;PR;Jardim Bonfim;-25,344;-49,28;2025-09-02 06:00:00.0;0,00
ALMIRANTE TAMANDARÉ;410040005A;PR;Jardim Bonfim;-25,344;-49,28;2025-09-02 07:00:00.0;0,00
ALMIRANTE TAMANDARÉ;410040005A;PR;Jardim Bonfim;-25,344;-49,28;2025-09-02 08:00:00.0;0,00
ALMIRANTE TAMANDARÉ;410040005A;PR;Jardim Bonfim;-25,344;-49,28;2025-09-02 09:00:00.0;0,00
ALMIRANTE TAMANDARÉ;410040005A;PR;Jardim Bonfim;-25,344;-49,28;2025-09-02 10:00:00.0;0,00
ALMIRANTE TAMANDARÉ;410040005A;PR;Jardim Bonfim;-25,344;-49,28;2025-09-02 11:00:00.0;0,00
ALMIRANTE TAMANDARÉ;410040005A;PR;Jardim Bonfim;-25,344;-49,28;2025-09-02 12:00:00.0;0,00
ALMIRANTE TAMANDARÉ;410040005A;PR;Jardim Bonfim;-25,344;-49,28;2025-09-02 13:00:00.0;0,00
ALMIRANTE TAMANDARÉ;410040005A;PR;Jardim Bonfim;-25,344;-49,28;2025-09-02 14:00:00.0;0,00
ALMIRANTE TAMANDARÉ;410040005A;PR;Jardim Bonfim;-25,344;-49,28;2025-09-02 15:00:00.0;0,00
ALMIRANTE TAMANDARÉ;410040005A;PR;Jardim Bonfim;-25,344;-49,28;2025-09-02 16:00:00.0;0,00
ALMIRANTE TAMANDARÉ;410040005A;PR;Jardim Bonfim;-25,344;-49,28;2025-09-02 17:20:00.0;0,00
ALMIRANTE TAMANDARÉ;410040005A;PR;Jardim Bonfim;-25,344;-49,28;2025-09-02 18:00:00.0;0,00
ALMIRANTE TAMANDARÉ;410040005A;PR;Jardim Bonfim;-25,344;-49,28;2025-09-02 19:00:00.0;0,00
ALMIRANTE TAMANDARÉ;410040005A;PR;Jardim Bonfim;-25,344;-49,28;2025-09-02 20:00:00.0;0,00
ALMIRANTE TAMANDARÉ;410040005A;PR;Jardim Bonfim;-25,344;-49,28;2025-09-02 21:00:00.0;0,00
ALMIRANTE TAMANDARÉ;410040005A;PR;Jardim Bonfim;-25,344;-49,28;2025-09-02 22:00:00.0;0,00
ALMIRANTE TAMANDARÉ;410040005A;PR;Jardim Bonfim;-25,344;-49,28;2025-09-02 23:00:00.0;0,00
ALMIRANTE TAMANDARÉ;410040005A;PR;Jardim Bonfim;-25,344;-49,28;2025-09-03 00:00:00.0;0,00
ALMIRANTE TAMANDARÉ;410040005A;PR;Jardim Bonfim;-25,344;-49,28;2025-09-03 01:00:00.0;0,00
ALMIRANTE TAMANDARÉ;410040005A;PR;Jardim Bonfim;-25,344;-49,28;2025-09-03 02:00:00.0;0,00
ALMIRANTE TAMANDARÉ;410040005A;PR;Jardim Bonfim;-25,344;-49,28;2025-09-03 03:00:00.0;0,00
ALMIRANTE TAMANDARÉ;410040005A;PR;Jardim Bonfim;-25,344;-49,28;2025-09-03 04:00:00.0;0,00
ALMIRANTE TAMANDARÉ;410040005A;PR;Jardim Bonfim;-25,344;-49,28;2025-09-03 05:00:00.0;0,00
ALMIRANTE TAMANDARÉ;410040005A;PR;Jardim Bonfim;-25,344;-49,28;2025-09-03 06:00:00.0;0,00
ALMIRANTE TAMANDARÉ;410040005A;PR;Jardim Bonfim;-25,344;-49,28;2025-09-03 07:00:00.0;0,00
ALMIRANTE TAMANDARÉ;410040005A;PR;Jardim Bonfim;-25,344;-49,28;2025-09-03 08:00:00.0;0,00
ALMIRANTE TAMANDARÉ;410040005A;PR;Jardim Bonfim;-25,344;-49,28;2025-09-03 09:00:00.0;0,00
ALMIRANTE TAMANDARÉ;410040005A;PR;Jardim Bonfim;-25,344;-49,28;2025-09-03 10:00:00.0;0,00
ALMIRANTE TAMANDARÉ;410040005A;PR;Jardim Bonfim;-25,344;-49,28;2025-09-03 11:00:00.0;0,00
ALMIRANTE TAMANDARÉ;410040005A;PR;Jardim Bonfim;-25,344;-49,28;2025-09-03 12:00:00.0;0,00
ALMIRANTE TAMANDARÉ;410040005A;PR;Jardim Bonfim;-25,344;-49,28;2025-09-03 13:00:00.0;0,00
ALMIRANTE TAMANDARÉ;410040005A;PR;Jardim Bonfim;-25,344;-49,28;2025-09-03 14:00:00.0;0,00
ALMIRANTE TAMANDARÉ;410040005A;PR;Jardim Bonfim;-25,344;-49,28;2025-09-03 15:00:00.0;0,00
ALMIRANTE TAMANDARÉ;410040005A;PR;Jardim Bonfim;-25,344;-49,28;2025-09-03 16:00:00.0;0,00
ALMIRANTE TAMANDARÉ;410040005A;PR;Jardim Bonfim;-25,344;-49,28;2025-09-03 17:00:00.0;0,00
ALMIRANTE TAMANDARÉ;410040005A;PR;Jardim Bonfim;-25,344;-49,28;2025-09-03 18:00:00.0;0,00
ALMIRANTE TAMANDARÉ;410040005A;PR;Jardim Bonfim;-25,344;-49,28;2025-09-03 19:00:00.0;0,00
ALMIRANTE TAMANDARÉ;410040005A;PR;Jardim Bonfim;-25,344;-49,28;2025-09-03 20:00:00.0;0,00
ALMIRANTE TAMANDARÉ;410040005A;PR;Jardim Bonfim;-25,344;-49,28;2025-09-03 21:00:00.0;0,00
ALMIRANTE TAMANDARÉ;410040005A;PR;Jardim Bonfim;-25,344;-49,28;2025-09-03 22:00:00.0;0,00
ALMIRANTE TAMANDARÉ;410040005A;PR;Jardim Bonfim;-25,344;-49,28;2025-09-03 23:00:00.0;0,00
ALMIRANTE TAMANDARÉ;410040005A;PR;Jardim Bonfim;-25,344;-49,28;2025-09-04 00:00:00.0;0,00
ALMIRANTE TAMANDARÉ;410040005A;PR;Jardim Bonfim;-25,344;-49,28;2025-09-04 01:00:00.0;0,00
ALMIRANTE TAMANDARÉ;410040005A;PR;Jardim Bonfim;-25,344;-49,28;2025-09-04 02:00:00.0;0,00
ALMIRANTE TAMANDARÉ;410040005A;PR;Jardim Bonfim;-25,344;-49,28;2025-09-04 03:00:00.0;0,00
ALMIRANTE TAMANDARÉ;410040005A;PR;Jardim Bonfim;-25,344;-49,28;2025-09-04 04:00:00.0;0,00
ALMIRANTE TAMANDARÉ;410040005A;PR;Jardim Bonfim;-25,344;-49,28;2025-09-04 05:00:00.0;0,00
ALMIRANTE TAMANDARÉ;410040005A;PR;Jardim Bonfim;-25,344;-49,28;2025-09-04 06:00:00.0;0,00
ALMIRANTE TAMANDARÉ;410040005A;PR;Jardim Bonfim;-25,344;-49,28;2025-09-04 07:00:00.0;0,00
ALMIRANTE TAMANDARÉ;410040005A;PR;Jardim Bonfim;-25,344;-49,28;2025-09-04 08:00:00.0;0,00
ALMIRANTE TAMANDARÉ;410040005A;PR;Jardim Bonfim;-25,344;-49,28;2025-09-04 09:00:00.0;0,00
ALMIRANTE TAMANDARÉ;410040005A;PR;Jardim Bonfim;-25,344;-49,28;2025-09-04 10:00:00.0;0,00
ALMIRANTE TAMANDARÉ;410040005A;PR;Jardim Bonfim;-25,344;-49,28;2025-09-04 11:00:00.0;0,00
ALMIRANTE TAMANDARÉ;410040005A;PR;Jardim Bonfim;-25,344;-49,28;2025-09-04 12:00:00.0;0,00
ALMIRANTE TAMANDARÉ;410040005A;PR;Jardim Bonfim;-25,344;-49,28;2025-09-04 13:00:00.0;0,00
ALMIRANTE TAMANDARÉ;410040005A;PR;Jardim Bonfim;-25,344;-49,28;2025-09-04 14:00:00.0;0,00
ALMIRANTE TAMANDARÉ;410040005A;PR;Jardim Bonfim;-25,344;-49,28;2025-09-04 15:00:00.0;0,00
ALMIRANTE TAMANDARÉ;410040005A;PR;Jardim Bonfim;-25,344;-49,28;2025-09-04 16:00:00.0;0,00
ALMIRANTE TAMANDARÉ;410040005A;PR;Jardim Bonfim;-25,344;-49,28;2025-09-04 17:00:00.0;0,00
ALMIRANTE TAMANDARÉ;410040005A;PR;Jardim Bonfim;-25,344;-49,28;2025-09-04 18:00:00.0;0,00
ALMIRANTE TAMANDARÉ;410040005A;PR;Jardim Bonfim;-25,344;-49,28;2025-09-04 19:00:00.0;0,00
ALMIRANTE TAMANDARÉ;410040005A;PR;Jardim Bonfim;-25,344;-49,28;2025-09-04 20:00:00.0;0,00
ALMIRANTE TAMANDARÉ;410040005A;PR;Jardim Bonfim;-25,344;-49,28;2025-09-04 21:00:00.0;0,00
ALMIRANTE TAMANDARÉ;410040005A;PR;Jardim Bonfim;-25,344;-49,28;2025-09-04 22:00:00.0;0,00
ALMIRANTE TAMANDARÉ;410040005A;PR;Jardim Bonfim;-25,344;-49,28;2025-09-04 23:00:00.0;0,00
ALMIRANTE TAMANDARÉ;410040005A;PR;Jardim Bonfim;-25,344;-49,28;2025-09-05 00:00:00.0;0,00
ALMIRANTE TAMANDARÉ;410040005A;PR;Jardim Bonfim;-25,344;-49,28;2025-09-05 01:00:00.0;0,00
ALMIRANTE TAMANDARÉ;410040005A;PR;Jardim Bonfim;-25,344;-49,28;2025-09-05 02:00:00.0;0,00
ALMIRANTE TAMANDARÉ;410040005A;PR;Jardim Bonfim;-25,344;-49,28;2025-09-05 03:00:00.0;0,00
ALMIRANTE TAMANDARÉ;410040005A;PR;Jardim Bonfim;-25,344;-49,28;2025-09-05 04:00:00.0;0,00
ALMIRANTE TAMANDARÉ;410040005A;PR;Jardim Bonfim;-25,344;-49,28;2025-09-05 05:00:00.0;0,00
ALMIRANTE TAMANDARÉ;410040005A;PR;Jardim Bonfim;-25,344;-49,28;2025-09-05 06:00:00.0;0,00
ALMIRANTE TAMANDARÉ;410040005A;PR;Jardim Bonfim;-25,344;-49,28;2025-09-05 07:00:00.0;0,00
ALMIRANTE TAMANDARÉ;410040005A;PR;Jardim Bonfim;-25,344;-49,28;2025-09-05 08:00:00.0;0,00
ALMIRANTE TAMANDARÉ;410040005A;PR;Jardim Bonfim;-25,344;-49,28;2025-09-05 09:00:00.0;0,00
ALMIRANTE TAMANDARÉ;410040005A;PR;Jardim Bonfim;-25,344;-49,28;2025-09-05 10:00:00.0;0,00
ALMIRANTE TAMANDARÉ;410040005A;PR;Jardim Bonfim;-25,344;-49,28;2025-09-05 11:00:00.0;0,00
ALMIRANTE TAMANDARÉ;410040005A;PR;Jardim Bonfim;-25,344;-49,28;2025-09-05 12:00:00.0;0,00
ALMIRANTE TAMANDARÉ;410040005A;PR;Jardim Bonfim;-25,344;-49,28;2025-09-05 13:00:00.0;0,00
ALMIRANTE TAMANDARÉ;410040005A;PR;Jardim Bonfim;-25,344;-49,28;2025-09-05 14:00:00.0;0,00
ALMIRANTE TAMANDARÉ;410040005A;PR;Jardim Bonfim;-25,344;-49,28;2025-09-05 15:00:00.0;0,00
ALMIRANTE TAMANDARÉ;410040005A;PR;Jardim Bonfim;-25,344;-49,28;2025-09-05 16:00:00.0;0,00
ALMIRANTE TAMANDARÉ;410040005A;PR;Jardim Bonfim;-25,344;-49,28;2025-09-05 17:00:00.0;0,00
ALMIRANTE TAMANDARÉ;410040005A;PR;Jardim Bonfim;-25,344;-49,28;2025-09-05 18:00:00.0;0,00
ALMIRANTE TAMANDARÉ;410040005A;PR;Jardim Bonfim;-25,344;-49,28;2025-09-05 19:00:00.0;0,00
ALMIRANTE TAMANDARÉ;410040005A;PR;Jardim Bonfim;-25,344;-49,28;2025-09-05 20:00:00.0;0,00
ALMIRANTE TAMANDARÉ;410040005A;PR;Jardim Bonfim;-25,344;-49,28;2025-09-05 21:00:00.0;0,00
ALMIRANTE TAMANDARÉ;410040005A;PR;Jardim Bonfim;-25,344;-49,28;2025-09-05 22:00:00.0;0,00
ALMIRANTE TAMANDARÉ;410040005A;PR;Jardim Bonfim;-25,344;-49,28;2025-09-05 23:00:00.0;0,00
ALMIRANTE TAMANDARÉ;410040005A;PR;Jardim Bonfim;-25,344;-49,28;2025-09-06 00:00:00.0;0,00
ALMIRANTE TAMANDARÉ;410040005A;PR;Jardim Bonfim;-25,344;-49,28;2025-09-06 00:20:00.0;0,20
ALMIRANTE TAMANDARÉ;410040005A;PR;Jardim Bonfim;-25,344;-49,28;2025-09-06 00:30:00.0;0,20
ALMIRANTE TAMANDARÉ;410040005A;PR;Jardim Bonfim;-25,344;-49,28;2025-09-06 00:50:00.0;0,20
ALMIRANTE TAMANDARÉ;410040005A;PR;Jardim Bonfim;-25,344;-49,28;2025-09-06 01:00:00.0;0,00
ALMIRANTE TAMANDARÉ;410040005A;PR;Jardim Bonfim;-25,344;-49,28;2025-09-06 01:10:00.0;0,20
ALMIRANTE TAMANDARÉ;410040005A;PR;Jardim Bonfim;-25,344;-49,28;2025-09-06 01:20:00.0;0,20
ALMIRANTE TAMANDARÉ;410040005A;PR;Jardim Bonfim;-25,344;-49,28;2025-09-06 01:30:00.0;0,20
ALMIRANTE TAMANDARÉ;410040005A;PR;Jardim Bonfim;-25,344;-49,28;2025-09-06 02:00:00.0;0,00
ALMIRANTE TAMANDARÉ;410040005A;PR;Jardim Bonfim;-25,344;-49,28;2025-09-06 03:00:00.0;0,00
ALMIRANTE TAMANDARÉ;410040005A;PR;Jardim Bonfim;-25,344;-49,28;2025-09-06 04:00:00.0;0,00
ALMIRANTE TAMANDARÉ;410040005A;PR;Jardim Bonfim;-25,344;-49,28;2025-09-06 05:00:00.0;0,00
ALMIRANTE TAMANDARÉ;410040005A;PR;Jardim Bonfim;-25,344;-49,28;2025-09-06 06:00:00.0;0,00
ALMIRANTE TAMANDARÉ;410040005A;PR;Jardim Bonfim;-25,344;-49,28;2025-09-06 07:00:00.0;0,00
ALMIRANTE TAMANDARÉ;410040005A;PR;Jardim Bonfim;-25,344;-49,28;2025-09-06 08:00:00.0;0,00
ALMIRANTE TAMANDARÉ;410040005A;PR;Jardim Bonfim;-25,344;-49,28;2025-09-06 09:00:00.0;0,00
ALMIRANTE TAMANDARÉ;410040005A;PR;Jardim Bonfim;-25,344;-49,28;2025-09-06 10:00:00.0;0,00
ALMIRANTE TAMANDARÉ;410040005A;PR;Jardim Bonfim;-25,344;-49,28;2025-09-06 11:00:00.0;0,00
ALMIRANTE TAMANDARÉ;410040005A;PR;Jardim Bonfim;-25,344;-49,28;2025-09-06 12:00:00.0;0,00
ALMIRANTE TAMANDARÉ;410040005A;PR;Jardim Bonfim;-25,344;-49,28;2025-09-06 13:00:00.0;0,00
ALMIRANTE TAMANDARÉ;410040005A;PR;Jardim Bonfim;-25,344;-49,28;2025-09-06 14:00:00.0;0,00
ALMIRANTE TAMANDARÉ;410040005A;PR;Jardim Bonfim;-25,344;-49,28;2025-09-06 15:00:00.0;0,00
ALMIRANTE TAMANDARÉ;410040005A;PR;Jardim Bonfim;-25,344;-49,28;2025-09-06 16:00:00.0;0,00
ALMIRANTE TAMANDARÉ;410040005A;PR;Jardim Bonfim;-25,344;-49,28;2025-09-06 17:00:00.0;0,00
ALMIRANTE TAMANDARÉ;410040005A;PR;Jardim Bonfim;-25,344;-49,28;2025-09-06 18:00:00.0;0,00
ALMIRANTE TAMANDARÉ;410040005A;PR;Jardim Bonfim;-25,344;-49,28;2025-09-06 19:00:00.0;0,00
ALMIRANTE TAMANDARÉ;410040005A;PR;Jardim Bonfim;-25,344;-49,28;2025-09-06 20:00:00.0;0,00
ALMIRANTE TAMANDARÉ;410040005A;PR;Jardim Bonfim;-25,344;-49,28;2025-09-06 21:00:00.0;0,00
ALMIRANTE TAMANDARÉ;410040005A;PR;Jardim Bonfim;-25,344;-49,28;2025-09-06 22:00:00.0;0,00
ALMIRANTE TAMANDARÉ;410040005A;PR;Jardim Bonfim;-25,344;-49,28;2025-09-06 23:00:00.0;0,00
ALMIRANTE TAMANDARÉ;410040005A;PR;Jardim Bonfim;-25,344;-49,28;2025-09-07 00:00:00.0;0,00
ALMIRANTE TAMANDARÉ;410040005A;PR;Jardim Bonfim;-25,344;-49,28;2025-09-07 01:00:00.0;0,00
ALMIRANTE TAMANDARÉ;410040005A;PR;Jardim Bonfim;-25,344;-49,28;2025-09-07 02:00:00.0;0,00
ALMIRANTE TAMANDARÉ;410040005A;PR;Jardim Bonfim;-25,344;-49,28;2025-09-07 03:00:00.0;0,00
ALMIRANTE TAMANDARÉ;410040005A;PR;Jardim Bonfim;-25,344;-49,28;2025-09-07 04:00:00.0;0,00
ALMIRANTE TAMANDARÉ;410040005A;PR;Jardim Bonfim;-25,344;-49,28;2025-09-07 05:00:00.0;0,00
ALMIRANTE TAMANDARÉ;410040005A;PR;Jardim Bonfim;-25,344;-49,28;2025-09-07 06:00:00.0;0,00
ALMIRANTE TAMANDARÉ;410040005A;PR;Jardim Bonfim;-25,344;-49,28;2025-09-07 07:00:00.0;0,00
ALMIRANTE TAMANDARÉ;410040005A;PR;Jardim Bonfim;-25,344;-49,28;2025-09-07 08:00:00.0;0,00
ALMIRANTE TAMANDARÉ;410040005A;PR;Jardim Bonfim;-25,344;-49,28;2025-09-07 08:20:00.0;0,39
ALMIRANTE TAMANDARÉ;410040005A;PR;Jardim Bonfim;-25,344;-49,28;2025-09-07 09:00:00.0;0,00
ALMIRANTE TAMANDARÉ;410040005A;PR;Jardim Bonfim;-25,344;-49,28;2025-09-07 10:00:00.0;0,00
ALMIRANTE TAMANDARÉ;410040005A;PR;Jardim Bonfim;-25,344;-49,28;2025-09-07 11:00:00.0;0,00
ALMIRANTE TAMANDARÉ;410040005A;PR;Jardim Bonfim;-25,344;-49,28;2025-09-07 11:40:00.0;0,20
ALMIRANTE TAMANDARÉ;410040005A;PR;Jardim Bonfim;-25,344;-49,28;2025-09-07 12:00:00.0;0,00
ALMIRANTE TAMANDARÉ;410040005A;PR;Jardim Bonfim;-25,344;-49,28;2025-09-07 13:00:00.0;0,00
ALMIRANTE TAMANDARÉ;410040005A;PR;Jardim Bonfim;-25,344;-49,28;2025-09-07 14:00:00.0;0,00
ALMIRANTE TAMANDARÉ;410040005A;PR;Jardim Bonfim;-25,344;-49,28;2025-09-07 15:00:00.0;0,00
ALMIRANTE TAMANDARÉ;410040005A;PR;Jardim Bonfim;-25,344;-49,28;2025-09-07 16:00:00.0;0,00
ALMIRANTE TAMANDARÉ;410040005A;PR;Jardim Bonfim;-25,344;-49,28;2025-09-07 17:00:00.0;0,00
ALMIRANTE TAMANDARÉ;410040005A;PR;Jardim Bonfim;-25,344;-49,28;2025-09-07 18:00:00.0;0,00
ALMIRANTE TAMANDARÉ;410040005A;PR;Jardim Bonfim;-25,344;-49,28;2025-09-07 19:00:00.0;0,00
ALMIRANTE TAMANDARÉ;410040005A;PR;Jardim Bonfim;-25,344;-49,28;2025-09-07 20:00:00.0;0,00
ALMIRANTE TAMANDARÉ;410040005A;PR;Jardim Bonfim;-25,344;-49,28;2025-09-07 21:00:00.0;0,00
ALMIRANTE TAMANDARÉ;410040005A;PR;Jardim Bonfim;-25,344;-49,28;2025-09-07 22:00:00.0;0,00
ALMIRANTE TAMANDARÉ;410040005A;PR;Jardim Bonfim;-25,344;-49,28;2025-09-07 23:00:00.0;0,00
ALMIRANTE TAMANDARÉ;410040005A;PR;Jardim Bonfim;-25,344;-49,28;2025-09-08 00:00:00.0;0,00
ALMIRANTE TAMANDARÉ;410040005A;PR;Jardim Bonfim;-25,344;-49,28;2025-09-08 01:00:00.0;0,00
ALMIRANTE TAMANDARÉ;410040005A;PR;Jardim Bonfim;-25,344;-49,28;2025-09-08 02:00:00.0;0,00
ALMIRANTE TAMANDARÉ;410040005A;PR;Jardim Bonfim;-25,344;-49,28;2025-09-08 03:00:00.0;0,00
ALMIRANTE TAMANDARÉ;410040005A;PR;Jardim Bonfim;-25,344;-49,28;2025-09-08 04:00:00.0;0,00
ALMIRANTE TAMANDARÉ;410040005A;PR;Jardim Bonfim;-25,344;-49,28;2025-09-08 05:00:00.0;0,00
ALMIRANTE TAMANDARÉ;410040005A;PR;Jardim Bonfim;-25,344;-49,28;2025-09-08 06:00:00.0;0,00
ALMIRANTE TAMANDARÉ;410040005A;PR;Jardim Bonfim;-25,344;-49,28;2025-09-08 07:00:00.0;0,00
ALMIRANTE TAMANDARÉ;410040005A;PR;Jardim Bonfim;-25,344;-49,28;2025-09-08 08:00:00.0;0,00
ALMIRANTE TAMANDARÉ;410040005A;PR;Jardim Bonfim;-25,344;-49,28;2025-09-08 09:00:00.0;0,00
ALMIRANTE TAMANDARÉ;410040005A;PR;Jardim Bonfim;-25,344;-49,28;2025-09-08 10:00:00.0;0,00
ALMIRANTE TAMANDARÉ;410040005A;PR;Jardim Bonfim;-25,344;-49,28;2025-09-08 11:00:00.0;0,00
ALMIRANTE TAMANDARÉ;410040005A;PR;Jardim Bonfim;-25,344;-49,28;2025-09-08 12:00:00.0;0,00
ALMIRANTE TAMANDARÉ;410040005A;PR;Jardim Bonfim;-25,344;-49,28;2025-09-08 13:00:00.0;0,00
ALMIRANTE TAMANDARÉ;410040005A;PR;Jardim Bonfim;-25,344;-49,28;2025-09-08 14:00:00.0;0,00
ALMIRANTE TAMANDARÉ;410040005A;PR;Jardim Bonfim;-25,344;-49,28;2025-09-08 15:00:00.0;0,00
ALMIRANTE TAMANDARÉ;410040005A;PR;Jardim Bonfim;-25,344;-49,28;2025-09-08 16:00:00.0;0,00
ALMIRANTE TAMANDARÉ;410040005A;PR;Jardim Bonfim;-25,344;-49,28;2025-09-08 17:00:00.0;0,00
ALMIRANTE TAMANDARÉ;410040005A;PR;Jardim Bonfim;-25,344;-49,28;2025-09-08 18:00:00.0;0,00
ALMIRANTE TAMANDARÉ;410040005A;PR;Jardim Bonfim;-25,344;-49,28;2025-09-08 19:00:00.0;0,00
ALMIRANTE TAMANDARÉ;410040005A;PR;Jardim Bonfim;-25,344;-49,28;2025-09-08 20:00:00.0;0,00
ALMIRANTE TAMANDARÉ;410040005A;PR;Jardim Bonfim;-25,344;-49,28;2025-09-08 21:00:00.0;0,00
ALMIRANTE TAMANDARÉ;410040005A;PR;Jardim Bonfim;-25,344;-49,28;2025-09-08 22:00:00.0;0,00
ALMIRANTE TAMANDARÉ;410040005A;PR;Jardim Bonfim;-25,344;-49,28;2025-09-08 23:10:00.0;0,00
ALMIRANTE TAMANDARÉ;410040005A;PR;Jardim Bonfim;-25,344;-49,28;2025-09-09 00:10:00.0;0,00
ALMIRANTE TAMANDARÉ;410040005A;PR;Jardim Bonfim;-25,344;-49,28;2025-09-09 02:20:00.0;0,00
ALMIRANTE TAMANDARÉ;410040005A;PR;Jardim Bonfim;-25,344;-49,28;2025-09-09 04:10:00.0;0,00
ALMIRANTE TAMANDARÉ;410040005A;PR;Jardim Bonfim;-25,344;-49,28;2025-09-09 05:00:00.0;0,00
ALMIRANTE TAMANDARÉ;410040005A;PR;Jardim Bonfim;-25,344;-49,28;2025-09-09 07:40:00.0;0,00
ALMIRANTE TAMANDARÉ;410040005A;PR;Jardim Bonfim;-25,344;-49,28;2025-09-09 08:10:00.0;0,00
ALMIRANTE TAMANDARÉ;410040005A;PR;Jardim Bonfim;-25,344;-49,28;2025-09-09 09:00:00.0;0,00
ALMIRANTE TAMANDARÉ;410040005A;PR;Jardim Bonfim;-25,344;-49,28;2025-09-09 10:00:00.0;0,20
ALMIRANTE TAMANDARÉ;410040005A;PR;Jardim Bonfim;-25,344;-49,28;2025-09-09 10:10:00.0;0,79
ALMIRANTE TAMANDARÉ;410040005A;PR;Jardim Bonfim;-25,344;-49,28;2025-09-09 10:20:00.0;0,39
ALMIRANTE TAMANDARÉ;410040005A;PR;Jardim Bonfim;-25,344;-49,28;2025-09-09 10:30:00.0;0,79
ALMIRANTE TAMANDARÉ;410040005A;PR;Jardim Bonfim;-25,344;-49,28;2025-09-09 10:40:00.0;0,98
ALMIRANTE TAMANDARÉ;410040005A;PR;Jardim Bonfim;-25,344;-49,28;2025-09-09 10:50:00.0;0,39
ALMIRANTE TAMANDARÉ;410040005A;PR;Jardim Bonfim;-25,344;-49,28;2025-09-09 11:00:00.0;0,39
ALMIRANTE TAMANDARÉ;410040005A;PR;Jardim Bonfim;-25,344;-49,28;2025-09-09 11:10:00.0;0,20
ALMIRANTE TAMANDARÉ;410040005A;PR;Jardim Bonfim;-25,344;-49,28;2025-09-09 11:30:00.0;0,20
ALMIRANTE TAMANDARÉ;410040005A;PR;Jardim Bonfim;-25,344;-49,28;2025-09-09 11:40:00.0;0,20
ALMIRANTE TAMANDARÉ;410040005A;PR;Jardim Bonfim;-25,344;-49,28;2025-09-09 12:00:00.0;0,00
ALMIRANTE TAMANDARÉ;410040005A;PR;Jardim Bonfim;-25,344;-49,28;2025-09-09 13:00:00.0;0,00
ALMIRANTE TAMANDARÉ;410040005A;PR;Jardim Bonfim;-25,344;-49,28;2025-09-09 14:10:00.0;0,00
ALMIRANTE TAMANDARÉ;410040005A;PR;Jardim Bonfim;-25,344;-49,28;2025-09-09 15:00:00.0;0,00
ALMIRANTE TAMANDARÉ;410040005A;PR;Jardim Bonfim;-25,344;-49,28;2025-09-09 16:00:00.0;0,00
ALMIRANTE TAMANDARÉ;410040005A;PR;Jardim Bonfim;-25,344;-49,28;2025-09-09 17:00:00.0;0,00
ALMIRANTE TAMANDARÉ;410040005A;PR;Jardim Bonfim;-25,344;-49,28;2025-09-09 18:00:00.0;0,00
ALMIRANTE TAMANDARÉ;410040005A;PR;Jardim Bonfim;-25,344;-49,28;2025-09-09 19:00:00.0;0,00
ALMIRANTE TAMANDARÉ;410040005A;PR;Jardim Bonfim;-25,344;-49,28;2025-09-09 20:00:00.0;0,00
ALMIRANTE TAMANDARÉ;410040005A;PR;Jardim Bonfim;-25,344;-49,28;2025-09-09 21:00:00.0;0,00
ALMIRANTE TAMANDARÉ;410040005A;PR;Jardim Bonfim;-25,344;-49,28;2025-09-09 22:00:00.0;0,00
ALMIRANTE TAMANDARÉ;410040005A;PR;Jardim Bonfim;-25,344;-49,28;2025-09-09 23:00:00.0;0,00
ALMIRANTE TAMANDARÉ;410040005A;PR;Jardim Bonfim;-25,344;-49,28;2025-09-10 00:00:00.0;0,00
ALMIRANTE TAMANDARÉ;410040005A;PR;Jardim Bonfim;-25,344;-49,28;2025-09-10 01:00:00.0;0,00
ALMIRANTE TAMANDARÉ;410040005A;PR;Jardim Bonfim;-25,344;-49,28;2025-09-10 02:00:00.0;0,00
ALMIRANTE TAMANDARÉ;410040005A;PR;Jardim Bonfim;-25,344;-49,28;2025-09-10 03:00:00.0;0,00
ALMIRANTE TAMANDARÉ;410040005A;PR;Jardim Bonfim;-25,344;-49,28;2025-09-10 04:00:00.0;0,00
ALMIRANTE TAMANDARÉ;410040005A;PR;Jardim Bonfim;-25,344;-49,28;2025-09-10 05:00:00.0;0,00
ALMIRANTE TAMANDARÉ;410040005A;PR;Jardim Bonfim;-25,344;-49,28;2025-09-10 06:00:00.0;0,00
ALMIRANTE TAMANDARÉ;410040005A;PR;Jardim Bonfim;-25,344;-49,28;2025-09-10 07:00:00.0;0,00
ALMIRANTE TAMANDARÉ;410040005A;PR;Jardim Bonfim;-25,344;-49,28;2025-09-10 08:00:00.0;0,00
ALMIRANTE TAMANDARÉ;410040005A;PR;Jardim Bonfim;-25,344;-49,28;2025-09-10 09:00:00.0;0,00
ALMIRANTE TAMANDARÉ;410040005A;PR;Jardim Bonfim;-25,344;-49,28;2025-09-10 10:00:00.0;0,00
ALMIRANTE TAMANDARÉ;410040005A;PR;Jardim Bonfim;-25,344;-49,28;2025-09-10 10:20:00.0;0,20
ALMIRANTE TAMANDARÉ;410040005A;PR;Jardim Bonfim;-25,344;-49,28;2025-09-10 11:00:00.0;0,00
ALMIRANTE TAMANDARÉ;410040005A;PR;Jardim Bonfim;-25,344;-49,28;2025-09-10 12:00:00.0;0,00
ALMIRANTE TAMANDARÉ;410040005A;PR;Jardim Bonfim;-25,344;-49,28;2025-09-10 13:00:00.0;0,00
ALMIRANTE TAMANDARÉ;410040005A;PR;Jardim Bonfim;-25,344;-49,28;2025-09-10 14:00:00.0;0,00
ALMIRANTE TAMANDARÉ;410040005A;PR;Jardim Bonfim;-25,344;-49,28;2025-09-10 15:00:00.0;0,00
ALMIRANTE TAMANDARÉ;410040005A;PR;Jardim Bonfim;-25,344;-49,28;2025-09-10 16:00:00.0;0,00
ALMIRANTE TAMANDARÉ;410040005A;PR;Jardim Bonfim;-25,344;-49,28;2025-09-10 17:00:00.0;0,00
ALMIRANTE TAMANDARÉ;410040005A;PR;Jardim Bonfim;-25,344;-49,28;2025-09-10 18:00:00.0;0,00
ALMIRANTE TAMANDARÉ;410040005A;PR;Jardim Bonfim;-25,344;-49,28;2025-09-10 19:00:00.0;0,00
ALMIRANTE TAMANDARÉ;410040005A;PR;Jardim Bonfim;-25,344;-49,28;2025-09-10 20:00:00.0;0,00
ALMIRANTE TAMANDARÉ;410040005A;PR;Jardim Bonfim;-25,344;-49,28;2025-09-10 21:00:00.0;0,00
ALMIRANTE TAMANDARÉ;410040005A;PR;Jardim Bonfim;-25,344;-49,28;2025-09-10 22:00:00.0;0,00
ALMIRANTE TAMANDARÉ;410040005A;PR;Jardim Bonfim;-25,344;-49,28;2025-09-10 23:00:00.0;0,00
ALMIRANTE TAMANDARÉ;410040005A;PR;Jardim Bonfim;-25,344;-49,28;2025-09-11 00:00:00.0;0,00
ALMIRANTE TAMANDARÉ;410040005A;PR;Jardim Bonfim;-25,344;-49,28;2025-09-11 01:00:00.0;0,00
ALMIRANTE TAMANDARÉ;410040005A;PR;Jardim Bonfim;-25,344;-49,28;2025-09-11 02:00:00.0;0,00
ALMIRANTE TAMANDARÉ;410040005A;PR;Jardim Bonfim;-25,344;-49,28;2025-09-11 03:00:00.0;0,00
ALMIRANTE TAMANDARÉ;410040005A;PR;Jardim Bonfim;-25,344;-49,28;2025-09-11 04:00:00.0;0,00
ALMIRANTE TAMANDARÉ;410040005A;PR;Jardim Bonfim;-25,344;-49,28;2025-09-11 05:00:00.0;0,00
ALMIRANTE TAMANDARÉ;410040005A;PR;Jardim Bonfim;-25,344;-49,28;2025-09-11 06:00:00.0;0,00
ALMIRANTE TAMANDARÉ;410040005A;PR;Jardim Bonfim;-25,344;-49,28;2025-09-11 07:00:00.0;0,00
ALMIRANTE TAMANDARÉ;410040005A;PR;Jardim Bonfim;-25,344;-49,28;2025-09-11 08:00:00.0;0,00
ALMIRANTE TAMANDARÉ;410040005A;PR;Jardim Bonfim;-25,344;-49,28;2025-09-11 09:00:00.0;0,00
ALMIRANTE TAMANDARÉ;410040005A;PR;Jardim Bonfim;-25,344;-49,28;2025-09-11 10:00:00.0;0,00
ALMIRANTE TAMANDARÉ;410040005A;PR;Jardim Bonfim;-25,344;-49,28;2025-09-11 11:00:00.0;0,00
ALMIRANTE TAMANDARÉ;410040005A;PR;Jardim Bonfim;-25,344;-49,28;2025-09-11 12:00:00.0;0,00
ALMIRANTE TAMANDARÉ;410040005A;PR;Jardim Bonfim;-25,344;-49,28;2025-09-11 13:00:00.0;0,00
ALMIRANTE TAMANDARÉ;410040005A;PR;Jardim Bonfim;-25,344;-49,28;2025-09-11 14:00:00.0;0,00
ALMIRANTE TAMANDARÉ;410040005A;PR;Jardim Bonfim;-25,344;-49,28;2025-09-11 15:00:00.0;0,00
ALMIRANTE TAMANDARÉ;410040005A;PR;Jardim Bonfim;-25,344;-49,28;2025-09-11 16:00:00.0;0,00
ALMIRANTE TAMANDARÉ;410040005A;PR;Jardim Bonfim;-25,344;-49,28;2025-09-11 17:00:00.0;0,00
ALMIRANTE TAMANDARÉ;410040005A;PR;Jardim Bonfim;-25,344;-49,28;2025-09-11 18:00:00.0;0,00
ALMIRANTE TAMANDARÉ;410040005A;PR;Jardim Bonfim;-25,344;-49,28;2025-09-11 19:00:00.0;0,00
ALMIRANTE TAMANDARÉ;410040005A;PR;Jardim Bonfim;-25,344;-49,28;2025-09-11 20:00:00.0;0,00
ALMIRANTE TAMANDARÉ;410040005A;PR;Jardim Bonfim;-25,344;-49,28;2025-09-11 21:00:00.0;0,00
ALMIRANTE TAMANDARÉ;410040005A;PR;Jardim Bonfim;-25,344;-49,28;2025-09-11 22:00:00.0;0,00
ALMIRANTE TAMANDARÉ;410040005A;PR;Jardim Bonfim;-25,344;-49,28;2025-09-11 23:00:00.0;0,00
ALMIRANTE TAMANDARÉ;410040005A;PR;Jardim Bonfim;-25,344;-49,28;2025-09-12 00:00:00.0;0,00
ALMIRANTE TAMANDARÉ;410040005A;PR;Jardim Bonfim;-25,344;-49,28;2025-09-12 01:00:00.0;0,00
ALMIRANTE TAMANDARÉ;410040005A;PR;Jardim Bonfim;-25,344;-49,28;2025-09-12 02:00:00.0;0,00
ALMIRANTE TAMANDARÉ;410040005A;PR;Jardim Bonfim;-25,344;-49,28;2025-09-12 03:00:00.0;0,00
ALMIRANTE TAMANDARÉ;410040005A;PR;Jardim Bonfim;-25,344;-49,28;2025-09-12 04:00:00.0;0,00
ALMIRANTE TAMANDARÉ;410040005A;PR;Jardim Bonfim;-25,344;-49,28;2025-09-12 05:00:00.0;0,00
ALMIRANTE TAMANDARÉ;410040005A;PR;Jardim Bonfim;-25,344;-49,28;2025-09-12 06:00:00.0;0,00
ALMIRANTE TAMANDARÉ;410040005A;PR;Jardim Bonfim;-25,344;-49,28;2025-09-12 07:00:00.0;0,00
ALMIRANTE TAMANDARÉ;410040005A;PR;Jardim Bonfim;-25,344;-49,28;2025-09-12 08:00:00.0;0,00
ALMIRANTE TAMANDARÉ;410040005A;PR;Jardim Bonfim;-25,344;-49,28;2025-09-12 09:00:00.0;0,00
ALMIRANTE TAMANDARÉ;410040005A;PR;Jardim Bonfim;-25,344;-49,28;2025-09-12 10:00:00.0;0,00
ALMIRANTE TAMANDARÉ;410040005A;PR;Jardim Bonfim;-25,344;-49,28;2025-09-12 11:00:00.0;0,00
ALMIRANTE TAMANDARÉ;410040005A;PR;Jardim Bonfim;-25,344;-49,28;2025-09-12 12:00:00.0;0,00
ALMIRANTE TAMANDARÉ;410040005A;PR;Jardim Bonfim;-25,344;-49,28;2025-09-12 13:00:00.0;0,00
ALMIRANTE TAMANDARÉ;410040005A;PR;Jardim Bonfim;-25,344;-49,28;2025-09-12 14:00:00.0;0,00
ALMIRANTE TAMANDARÉ;410040005A;PR;Jardim Bonfim;-25,344;-49,28;2025-09-12 15:00:00.0;0,00
ALMIRANTE TAMANDARÉ;410040005A;PR;Jardim Bonfim;-25,344;-49,28;2025-09-12 16:00:00.0;0,00
ALMIRANTE TAMANDARÉ;410040005A;PR;Jardim Bonfim;-25,344;-49,28;2025-09-12 17:00:00.0;0,00
ALMIRANTE TAMANDARÉ;410040005A;PR;Jardim Bonfim;-25,344;-49,28;2025-09-12 18:00:00.0;0,00
ALMIRANTE TAMANDARÉ;410040005A;PR;Jardim Bonfim;-25,344;-49,28;2025-09-12 19:00:00.0;0,00
ALMIRANTE TAMANDARÉ;410040005A;PR;Jardim Bonfim;-25,344;-49,28;2025-09-12 20:00:00.0;0,00
ALMIRANTE TAMANDARÉ;410040005A;PR;Jardim Bonfim;-25,344;-49,28;2025-09-12 21:00:00.0;0,00
ALMIRANTE TAMANDARÉ;410040005A;PR;Jardim Bonfim;-25,344;-49,28;2025-09-12 22:00:00.0;0,00
ALMIRANTE TAMANDARÉ;410040005A;PR;Jardim Bonfim;-25,344;-49,28;2025-09-12 23:00:00.0;0,00
ALMIRANTE TAMANDARÉ;410040005A;PR;Jardim Bonfim;-25,344;-49,28;2025-09-13 00:00:00.0;0,00
ALMIRANTE TAMANDARÉ;410040005A;PR;Jardim Bonfim;-25,344;-49,28;2025-09-13 01:00:00.0;0,00
ALMIRANTE TAMANDARÉ;410040005A;PR;Jardim Bonfim;-25,344;-49,28;2025-09-13 02:00:00.0;0,00
ALMIRANTE TAMANDARÉ;410040005A;PR;Jardim Bonfim;-25,344;-49,28;2025-09-13 03:00:00.0;0,00
ALMIRANTE TAMANDARÉ;410040005A;PR;Jardim Bonfim;-25,344;-49,28;2025-09-13 04:00:00.0;0,00
ALMIRANTE TAMANDARÉ;410040005A;PR;Jardim Bonfim;-25,344;-49,28;2025-09-13 05:00:00.0;0,00
ALMIRANTE TAMANDARÉ;410040005A;PR;Jardim Bonfim;-25,344;-49,28;2025-09-13 06:00:00.0;0,00
ALMIRANTE TAMANDARÉ;410040005A;PR;Jardim Bonfim;-25,344;-49,28;2025-09-13 07:00:00.0;0,00
ALMIRANTE TAMANDARÉ;410040005A;PR;Jardim Bonfim;-25,344;-49,28;2025-09-13 08:00:00.0;0,00
ALMIRANTE TAMANDARÉ;410040005A;PR;Jardim Bonfim;-25,344;-49,28;2025-09-13 09:00:00.0;0,00
ALMIRANTE TAMANDARÉ;410040005A;PR;Jardim Bonfim;-25,344;-49,28;2025-09-13 10:00:00.0;0,00
ALMIRANTE TAMANDARÉ;410040005A;PR;Jardim Bonfim;-25,344;-49,28;2025-09-13 11:00:00.0;0,00
ALMIRANTE TAMANDARÉ;410040005A;PR;Jardim Bonfim;-25,344;-49,28;2025-09-13 12:00:00.0;0,00
ALMIRANTE TAMANDARÉ;410040005A;PR;Jardim Bonfim;-25,344;-49,28;2025-09-13 13:00:00.0;0,00
ALMIRANTE TAMANDARÉ;410040005A;PR;Jardim Bonfim;-25,344;-49,28;2025-09-13 14:00:00.0;0,00
ALMIRANTE TAMANDARÉ;410040005A;PR;Jardim Bonfim;-25,344;-49,28;2025-09-13 15:00:00.0;0,00
ALMIRANTE TAMANDARÉ;410040005A;PR;Jardim Bonfim;-25,344;-49,28;2025-09-13 16:00:00.0;0,00
ALMIRANTE TAMANDARÉ;410040005A;PR;Jardim Bonfim;-25,344;-49,28;2025-09-13 17:00:00.0;0,00
ALMIRANTE TAMANDARÉ;410040005A;PR;Jardim Bonfim;-25,344;-49,28;2025-09-13 18:00:00.0;0,00
ALMIRANTE TAMANDARÉ;410040005A;PR;Jardim Bonfim;-25,344;-49,28;2025-09-13 19:00:00.0;0,00
ALMIRANTE TAMANDARÉ;410040005A;PR;Jardim Bonfim;-25,344;-49,28;2025-09-13 20:00:00.0;0,00
ALMIRANTE TAMANDARÉ;410040005A;PR;Jardim Bonfim;-25,344;-49,28;2025-09-13 21:00:00.0;0,00
ALMIRANTE TAMANDARÉ;410040005A;PR;Jardim Bonfim;-25,344;-49,28;2025-09-13 22:00:00.0;0,00
ALMIRANTE TAMANDARÉ;410040005A;PR;Jardim Bonfim;-25,344;-49,28;2025-09-13 23:00:00.0;0,00
ALMIRANTE TAMANDARÉ;410040005A;PR;Jardim Bonfim;-25,344;-49,28;2025-09-14 00:00:00.0;0,00
ALMIRANTE TAMANDARÉ;410040005A;PR;Jardim Bonfim;-25,344;-49,28;2025-09-14 01:00:00.0;0,00
ALMIRANTE TAMANDARÉ;410040005A;PR;Jardim Bonfim;-25,344;-49,28;2025-09-14 02:00:00.0;0,00
ALMIRANTE TAMANDARÉ;410040005A;PR;Jardim Bonfim;-25,344;-49,28;2025-09-14 03:00:00.0;0,00
ALMIRANTE TAMANDARÉ;410040005A;PR;Jardim Bonfim;-25,344;-49,28;2025-09-14 04:00:00.0;0,00
ALMIRANTE TAMANDARÉ;410040005A;PR;Jardim Bonfim;-25,344;-49,28;2025-09-14 05:00:00.0;0,00
ALMIRANTE TAMANDARÉ;410040005A;PR;Jardim Bonfim;-25,344;-49,28;2025-09-14 06:00:00.0;0,00
ALMIRANTE TAMANDARÉ;410040005A;PR;Jardim Bonfim;-25,344;-49,28;2025-09-14 07:00:00.0;0,00
ALMIRANTE TAMANDARÉ;410040005A;PR;Jardim Bonfim;-25,344;-49,28;2025-09-14 08:00:00.0;0,00
ALMIRANTE TAMANDARÉ;410040005A;PR;Jardim Bonfim;-25,344;-49,28;2025-09-14 09:00:00.0;0,00
ALMIRANTE TAMANDARÉ;410040005A;PR;Jardim Bonfim;-25,344;-49,28;2025-09-14 10:00:00.0;0,00
ALMIRANTE TAMANDARÉ;410040005A;PR;Jardim Bonfim;-25,344;-49,28;2025-09-14 11:00:00.0;0,00
ALMIRANTE TAMANDARÉ;410040005A;PR;Jardim Bonfim;-25,344;-49,28;2025-09-14 12:00:00.0;0,00
ALMIRANTE TAMANDARÉ;410040005A;PR;Jardim Bonfim;-25,344;-49,28;2025-09-14 13:00:00.0;0,00
ALMIRANTE TAMANDARÉ;410040005A;PR;Jardim Bonfim;-25,344;-49,28;2025-09-14 14:00:00.0;0,00
ALMIRANTE TAMANDARÉ;410040005A;PR;Jardim Bonfim;-25,344;-49,28;2025-09-14 15:00:00.0;0,00
ALMIRANTE TAMANDARÉ;410040005A;PR;Jardim Bonfim;-25,344;-49,28;2025-09-14 16:00:00.0;0,00
ALMIRANTE TAMANDARÉ;410040005A;PR;Jardim Bonfim;-25,344;-49,28;2025-09-14 17:00:00.0;0,00
ALMIRANTE TAMANDARÉ;410040005A;PR;Jardim Bonfim;-25,344;-49,28;2025-09-14 18:00:00.0;0,00
ALMIRANTE TAMANDARÉ;410040005A;PR;Jardim Bonfim;-25,344;-49,28;2025-09-14 19:00:00.0;0,00
ALMIRANTE TAMANDARÉ;410040005A;PR;Jardim Bonfim;-25,344;-49,28;2025-09-14 20:00:00.0;0,00
ALMIRANTE TAMANDARÉ;410040005A;PR;Jardim Bonfim;-25,344;-49,28;2025-09-14 21:00:00.0;0,00
ALMIRANTE TAMANDARÉ;410040005A;PR;Jardim Bonfim;-25,344;-49,28;2025-09-14 22:00:00.0;0,00
ALMIRANTE TAMANDARÉ;410040005A;PR;Jardim Bonfim;-25,344;-49,28;2025-09-14 23:00:00.0;0,00
ALMIRANTE TAMANDARÉ;410040005A;PR;Jardim Bonfim;-25,344;-49,28;2025-09-15 00:00:00.0;0,00
ALMIRANTE TAMANDARÉ;410040005A;PR;Jardim Bonfim;-25,344;-49,28;2025-09-15 01:00:00.0;0,00
ALMIRANTE TAMANDARÉ;410040005A;PR;Jardim Bonfim;-25,344;-49,28;2025-09-15 02:00:00.0;0,00
ALMIRANTE TAMANDARÉ;410040005A;PR;Jardim Bonfim;-25,344;-49,28;2025-09-15 03:00:00.0;0,00
ALMIRANTE TAMANDARÉ;410040005A;PR;Jardim Bonfim;-25,344;-49,28;2025-09-15 04:00:00.0;0,00
ALMIRANTE TAMANDARÉ;410040005A;PR;Jardim Bonfim;-25,344;-49,28;2025-09-15 05:00:00.0;0,00
ALMIRANTE TAMANDARÉ;410040005A;PR;Jardim Bonfim;-25,344;-49,28;2025-09-15 06:00:00.0;0,00
ALMIRANTE TAMANDARÉ;410040005A;PR;Jardim Bonfim;-25,344;-49,28;2025-09-15 07:00:00.0;0,00
ALMIRANTE TAMANDARÉ;410040005A;PR;Jardim Bonfim;-25,344;-49,28;2025-09-15 08:00:00.0;0,00
ALMIRANTE TAMANDARÉ;410040005A;PR;Jardim Bonfim;-25,344;-49,28;2025-09-15 09:00:00.0;0,00
ALMIRANTE TAMANDARÉ;410040005A;PR;Jardim Bonfim;-25,344;-49,28;2025-09-15 10:00:00.0;0,00
ALMIRANTE TAMANDARÉ;410040005A;PR;Jardim Bonfim;-25,344;-49,28;2025-09-15 11:00:00.0;0,00
ALMIRANTE TAMANDARÉ;410040005A;PR;Jardim Bonfim;-25,344;-49,28;2025-09-15 12:00:00.0;0,00
ALMIRANTE TAMANDARÉ;410040005A;PR;Jardim Bonfim;-25,344;-49,28;2025-09-15 13:00:00.0;0,00
ALMIRANTE TAMANDARÉ;410040005A;PR;Jardim Bonfim;-25,344;-49,28;2025-09-15 14:00:00.0;0,00
ALMIRANTE TAMANDARÉ;410040005A;PR;Jardim Bonfim;-25,344;-49,28;2025-09-15 15:00:00.0;0,00
ALMIRANTE TAMANDARÉ;410040005A;PR;Jardim Bonfim;-25,344;-49,28;2025-09-15 16:00:00.0;0,00
ALMIRANTE TAMANDARÉ;410040005A;PR;Jardim Bonfim;-25,344;-49,28;2025-09-15 17:00:00.0;0,00
ALMIRANTE TAMANDARÉ;410040005A;PR;Jardim Bonfim;-25,344;-49,28;2025-09-15 18:00:00.0;0,00
ALMIRANTE TAMANDARÉ;410040005A;PR;Jardim Bonfim;-25,344;-49,28;2025-09-15 19:00:00.0;0,00
ALMIRANTE TAMANDARÉ;410040005A;PR;Jardim Bonfim;-25,344;-49,28;2025-09-15 20:00:00.0;0,00
ALMIRANTE TAMANDARÉ;410040005A;PR;Jardim Bonfim;-25,344;-49,28;2025-09-15 21:00:00.0;0,00
ALMIRANTE TAMANDARÉ;410040005A;PR;Jardim Bonfim;-25,344;-49,28;2025-09-15 22:00:00.0;0,00
ALMIRANTE TAMANDARÉ;410040005A;PR;Jardim Bonfim;-25,344;-49,28;2025-09-15 23:00:00.0;0,00
ALMIRANTE TAMANDARÉ;410040005A;PR;Jardim Bonfim;-25,344;-49,28;2025-09-16 00:00:00.0;0,00
ALMIRANTE TAMANDARÉ;410040005A;PR;Jardim Bonfim;-25,344;-49,28;2025-09-16 01:00:00.0;0,00
ALMIRANTE TAMANDARÉ;410040005A;PR;Jardim Bonfim;-25,344;-49,28;2025-09-16 02:00:00.0;0,00
ALMIRANTE TAMANDARÉ;410040005A;PR;Jardim Bonfim;-25,344;-49,28;2025-09-16 03:00:00.0;0,00
ALMIRANTE TAMANDARÉ;410040005A;PR;Jardim Bonfim;-25,344;-49,28;2025-09-16 04:00:00.0;0,00
ALMIRANTE TAMANDARÉ;410040005A;PR;Jardim Bonfim;-25,344;-49,28;2025-09-16 04:40:00.0;0,20
ALMIRANTE TAMANDARÉ;410040005A;PR;Jardim Bonfim;-25,344;-49,28;2025-09-16 04:50:00.0;0,20
ALMIRANTE TAMANDARÉ;410040005A;PR;Jardim Bonfim;-25,344;-49,28;2025-09-16 05:00:00.0;0,20
ALMIRANTE TAMANDARÉ;410040005A;PR;Jardim Bonfim;-25,344;-49,28;2025-09-16 05:50:00.0;0,20
ALMIRANTE TAMANDARÉ;410040005A;PR;Jardim Bonfim;-25,344;-49,28;2025-09-16 06:00:00.0;0,20
ALMIRANTE TAMANDARÉ;410040005A;PR;Jardim Bonfim;-25,344;-49,28;2025-09-16 06:10:00.0;0,39
ALMIRANTE TAMANDARÉ;410040005A;PR;Jardim Bonfim;-25,344;-49,28;2025-09-16 06:20:00.0;0,20
ALMIRANTE TAMANDARÉ;410040005A;PR;Jardim Bonfim;-25,344;-49,28;2025-09-16 06:30:00.0;0,39
ALMIRANTE TAMANDARÉ;410040005A;PR;Jardim Bonfim;-25,344;-49,28;2025-09-16 06:40:00.0;0,39
ALMIRANTE TAMANDARÉ;410040005A;PR;Jardim Bonfim;-25,344;-49,28;2025-09-16 06:50:00.0;0,39
ALMIRANTE TAMANDARÉ;410040005A;PR;Jardim Bonfim;-25,344;-49,28;2025-09-16 07:00:00.0;0,00
ALMIRANTE TAMANDARÉ;410040005A;PR;Jardim Bonfim;-25,344;-49,28;2025-09-16 07:10:00.0;0,20
ALMIRANTE TAMANDARÉ;410040005A;PR;Jardim Bonfim;-25,344;-49,28;2025-09-16 07:30:00.0;0,20
ALMIRANTE TAMANDARÉ;410040005A;PR;Jardim Bonfim;-25,344;-49,28;2025-09-16 08:00:00.0;0,00
ALMIRANTE TAMANDARÉ;410040005A;PR;Jardim Bonfim;-25,344;-49,28;2025-09-16 09:00:00.0;0,00
ALMIRANTE TAMANDARÉ;410040005A;PR;Jardim Bonfim;-25,344;-49,28;2025-09-16 10:00:00.0;0,00
ALMIRANTE TAMANDARÉ;410040005A;PR;Jardim Bonfim;-25,344;-49,28;2025-09-16 11:00:00.0;0,00
ALMIRANTE TAMANDARÉ;410040005A;PR;Jardim Bonfim;-25,344;-49,28;2025-09-16 12:00:00.0;0,00
ALMIRANTE TAMANDARÉ;410040005A;PR;Jardim Bonfim;-25,344;-49,28;2025-09-16 13:00:00.0;0,00
ALMIRANTE TAMANDARÉ;410040005A;PR;Jardim Bonfim;-25,344;-49,28;2025-09-16 14:00:00.0;0,00
ALMIRANTE TAMANDARÉ;410040005A;PR;Jardim Bonfim;-25,344;-49,28;2025-09-16 15:00:00.0;0,00
ALMIRANTE TAMANDARÉ;410040005A;PR;Jardim Bonfim;-25,344;-49,28;2025-09-16 16:00:00.0;0,00
ALMIRANTE TAMANDARÉ;410040005A;PR;Jardim Bonfim;-25,344;-49,28;2025-09-16 17:00:00.0;0,00
ALMIRANTE TAMANDARÉ;410040005A;PR;Jardim Bonfim;-25,344;-49,28;2025-09-16 18:30:00.0;0,00
ALMIRANTE TAMANDARÉ;410040005A;PR;Jardim Bonfim;-25,344;-49,28;2025-09-16 19:00:00.0;0,00
ALMIRANTE TAMANDARÉ;410040005A;PR;Jardim Bonfim;-25,344;-49,28;2025-09-16 21:00:00.0;0,00
ALMIRANTE TAMANDARÉ;410040005A;PR;Jardim Bonfim;-25,344;-49,28;2025-09-17 00:40:00.0;0,00
ALMIRANTE TAMANDARÉ;410040005A;PR;Jardim Bonfim;-25,344;-49,28;2025-09-17 01:20:00.0;0,00
ALMIRANTE TAMANDARÉ;410040005A;PR;Jardim Bonfim;-25,344;-49,28;2025-09-17 02:40:00.0;0,00
ALMIRANTE TAMANDARÉ;410040005A;PR;Jardim Bonfim;-25,344;-49,28;2025-09-17 03:00:00.0;0,00
ALMIRANTE TAMANDARÉ;410040005A;PR;Jardim Bonfim;-25,344;-49,28;2025-09-17 04:00:00.0;0,00
ALMIRANTE TAMANDARÉ;410040005A;PR;Jardim Bonfim;-25,344;-49,28;2025-09-17 05:00:00.0;0,00
ALMIRANTE TAMANDARÉ;410040005A;PR;Jardim Bonfim;-25,344;-49,28;2025-09-17 06:00:00.0;0,00
ALMIRANTE TAMANDARÉ;410040005A;PR;Jardim Bonfim;-25,344;-49,28;2025-09-17 07:00:00.0;0,00
ALMIRANTE TAMANDARÉ;410040005A;PR;Jardim Bonfim;-25,344;-49,28;2025-09-17 08:00:00.0;0,00
ALMIRANTE TAMANDARÉ;410040005A;PR;Jardim Bonfim;-25,344;-49,28;2025-09-17 09:00:00.0;0,00
ALMIRANTE TAMANDARÉ;410040005A;PR;Jardim Bonfim;-25,344;-49,28;2025-09-17 10:00:00.0;0,00
ALMIRANTE TAMANDARÉ;410040005A;PR;Jardim Bonfim;-25,344;-49,28;2025-09-17 11:00:00.0;0,00
ALMIRANTE TAMANDARÉ;410040005A;PR;Jardim Bonfim;-25,344;-49,28;2025-09-17 12:00:00.0;0,00
ALMIRANTE TAMANDARÉ;410040005A;PR;Jardim Bonfim;-25,344;-49,28;2025-09-17 13:00:00.0;0,00
ALMIRANTE TAMANDARÉ;410040005A;PR;Jardim Bonfim;-25,344;-49,28;2025-09-17 14:00:00.0;0,00
ALMIRANTE TAMANDARÉ;410040005A;PR;Jardim Bonfim;-25,344;-49,28;2025-09-17 15:00:00.0;0,00
ALMIRANTE TAMANDARÉ;410040005A;PR;Jardim Bonfim;-25,344;-49,28;2025-09-17 16:00:00.0;0,00
ALMIRANTE TAMANDARÉ;410040005A;PR;Jardim Bonfim;-25,344;-49,28;2025-09-17 17:00:00.0;0,00
ALMIRANTE TAMANDARÉ;410040005A;PR;Jardim Bonfim;-25,344;-49,28;2025-09-17 18:00:00.0;0,00
ALMIRANTE TAMANDARÉ;410040005A;PR;Jardim Bonfim;-25,344;-49,28;2025-09-17 19:00:00.0;0,00
ALMIRANTE TAMANDARÉ;410040005A;PR;Jardim Bonfim;-25,344;-49,28;2025-09-17 20:00:00.0;0,00
ALMIRANTE TAMANDARÉ;410040005A;PR;Jardim Bonfim;-25,344;-49,28;2025-09-17 21:00:00.0;0,00
ALMIRANTE TAMANDARÉ;410040005A;PR;Jardim Bonfim;-25,344;-49,28;2025-09-17 22:00:00.0;0,00
ALMIRANTE TAMANDARÉ;410040005A;PR;Jardim Bonfim;-25,344;-49,28;2025-09-17 23:00:00.0;0,00
ALMIRANTE TAMANDARÉ;410040005A;PR;Jardim Bonfim;-25,344;-49,28;2025-09-18 00:00:00.0;0,00
ALMIRANTE TAMANDARÉ;410040005A;PR;Jardim Bonfim;-25,344;-49,28;2025-09-18 01:00:00.0;0,00
ALMIRANTE TAMANDARÉ;410040005A;PR;Jardim Bonfim;-25,344;-49,28;2025-09-18 02:00:00.0;0,00
ALMIRANTE TAMANDARÉ;410040005A;PR;Jardim Bonfim;-25,344;-49,28;2025-09-18 03:00:00.0;0,00
ALMIRANTE TAMANDARÉ;410040005A;PR;Jardim Bonfim;-25,344;-49,28;2025-09-18 04:00:00.0;0,00
ALMIRANTE TAMANDARÉ;410040005A;PR;Jardim Bonfim;-25,344;-49,28;2025-09-18 05:00:00.0;0,00
ALMIRANTE TAMANDARÉ;410040005A;PR;Jardim Bonfim;-25,344;-49,28;2025-09-18 06:00:00.0;0,00
ALMIRANTE TAMANDARÉ;410040005A;PR;Jardim Bonfim;-25,344;-49,28;2025-09-18 07:00:00.0;0,00
ALMIRANTE TAMANDARÉ;410040005A;PR;Jardim Bonfim;-25,344;-49,28;2025-09-18 08:00:00.0;0,00
ALMIRANTE TAMANDARÉ;410040005A;PR;Jardim Bonfim;-25,344;-49,28;2025-09-18 09:00:00.0;0,00
ALMIRANTE TAMANDARÉ;410040005A;PR;Jardim Bonfim;-25,344;-49,28;2025-09-18 10:00:00.0;0,00
ALMIRANTE TAMANDARÉ;410040005A;PR;Jardim Bonfim;-25,344;-49,28;2025-09-18 11:00:00.0;0,00
ALMIRANTE TAMANDARÉ;410040005A;PR;Jardim Bonfim;-25,344;-49,28;2025-09-18 12:00:00.0;0,00
ALMIRANTE TAMANDARÉ;410040005A;PR;Jardim Bonfim;-25,344;-49,28;2025-09-18 13:00:00.0;0,20
ALMIRANTE TAMANDARÉ;410040005A;PR;Jardim Bonfim;-25,344;-49,28;2025-09-18 14:00:00.0;0,00
ALMIRANTE TAMANDARÉ;410040005A;PR;Jardim Bonfim;-25,344;-49,28;2025-09-18 15:00:00.0;0,00
ALMIRANTE TAMANDARÉ;410040005A;PR;Jardim Bonfim;-25,344;-49,28;2025-09-18 16:00:00.0;0,00
ALMIRANTE TAMANDARÉ;410040005A;PR;Jardim Bonfim;-25,344;-49,28;2025-09-18 17:00:00.0;0,00
ALMIRANTE TAMANDARÉ;410040005A;PR;Jardim Bonfim;-25,344;-49,28;2025-09-18 18:00:00.0;0,00
ALMIRANTE TAMANDARÉ;410040005A;PR;Jardim Bonfim;-25,344;-49,28;2025-09-18 19:00:00.0;0,00
ALMIRANTE TAMANDARÉ;410040005A;PR;Jardim Bonfim;-25,344;-49,28;2025-09-18 20:00:00.0;0,00
ALMIRANTE TAMANDARÉ;410040005A;PR;Jardim Bonfim;-25,344;-49,28;2025-09-18 21:00:00.0;0,00
ALMIRANTE TAMANDARÉ;410040005A;PR;Jardim Bonfim;-25,344;-49,28;2025-09-18 22:00:00.0;0,00
ALMIRANTE TAMANDARÉ;410040005A;PR;Jardim Bonfim;-25,344;-49,28;2025-09-18 23:00:00.0;0,00
ALMIRANTE TAMANDARÉ;410040005A;PR;Jardim Bonfim;-25,344;-49,28;2025-09-19 00:00:00.0;0,00
ALMIRANTE TAMANDARÉ;410040005A;PR;Jardim Bonfim;-25,344;-49,28;2025-09-19 01:00:00.0;0,00
ALMIRANTE TAMANDARÉ;410040005A;PR;Jardim Bonfim;-25,344;-49,28;2025-09-19 02:00:00.0;0,00
ALMIRANTE TAMANDARÉ;410040005A;PR;Jardim Bonfim;-25,344;-49,28;2025-09-19 03:00:00.0;0,00
ALMIRANTE TAMANDARÉ;410040005A;PR;Jardim Bonfim;-25,344;-49,28;2025-09-19 04:00:00.0;0,00
ALMIRANTE TAMANDARÉ;410040005A;PR;Jardim Bonfim;-25,344;-49,28;2025-09-19 05:00:00.0;0,00
ALMIRANTE TAMANDARÉ;410040005A;PR;Jardim Bonfim;-25,344;-49,28;2025-09-19 06:00:00.0;0,00
ALMIRANTE TAMANDARÉ;410040005A;PR;Jardim Bonfim;-25,344;-49,28;2025-09-19 07:00:00.0;0,00
ALMIRANTE TAMANDARÉ;410040005A;PR;Jardim Bonfim;-25,344;-49,28;2025-09-19 08:00:00.0;0,00
ALMIRANTE TAMANDARÉ;410040005A;PR;Jardim Bonfim;-25,344;-49,28;2025-09-19 09:00:00.0;0,00
ALMIRANTE TAMANDARÉ;410040005A;PR;Jardim Bonfim;-25,344;-49,28;2025-09-19 10:00:00.0;0,00
ALMIRANTE TAMANDARÉ;410040005A;PR;Jardim Bonfim;-25,344;-49,28;2025-09-19 11:00:00.0;0,00
ALMIRANTE TAMANDARÉ;410040005A;PR;Jardim Bonfim;-25,344;-49,28;2025-09-19 12:00:00.0;0,00
ALMIRANTE TAMANDARÉ;410040005A;PR;Jardim Bonfim;-25,344;-49,28;2025-09-19 13:00:00.0;0,00
ALMIRANTE TAMANDARÉ;410040005A;PR;Jardim Bonfim;-25,344;-49,28;2025-09-19 14:00:00.0;0,00
ALMIRANTE TAMANDARÉ;410040005A;PR;Jardim Bonfim;-25,344;-49,28;2025-09-19 15:00:00.0;0,00
ALMIRANTE TAMANDARÉ;410040005A;PR;Jardim Bonfim;-25,344;-49,28;2025-09-19 16:00:00.0;0,00
ALMIRANTE TAMANDARÉ;410040005A;PR;Jardim Bonfim;-25,344;-49,28;2025-09-19 17:00:00.0;0,00
ALMIRANTE TAMANDARÉ;410040005A;PR;Jardim Bonfim;-25,344;-49,28;2025-09-19 18:00:00.0;0,00
ALMIRANTE TAMANDARÉ;410040005A;PR;Jardim Bonfim;-25,344;-49,28;2025-09-19 19:00:00.0;0,00
ALMIRANTE TAMANDARÉ;410040005A;PR;Jardim Bonfim;-25,344;-49,28;2025-09-19 20:00:00.0;0,00
ALMIRANTE TAMANDARÉ;410040005A;PR;Jardim Bonfim;-25,344;-49,28;2025-09-19 21:00:00.0;0,00
ALMIRANTE TAMANDARÉ;410040005A;PR;Jardim Bonfim;-25,344;-49,28;2025-09-19 22:00:00.0;0,00
ALMIRANTE TAMANDARÉ;410040005A;PR;Jardim Bonfim;-25,344;-49,28;2025-09-19 23:00:00.0;0,00
ALMIRANTE TAMANDARÉ;410040005A;PR;Jardim Bonfim;-25,344;-49,28;2025-09-20 00:00:00.0;0,00
ALMIRANTE TAMANDARÉ;410040005A;PR;Jardim Bonfim;-25,344;-49,28;2025-09-20 01:00:00.0;0,00
ALMIRANTE TAMANDARÉ;410040005A;PR;Jardim Bonfim;-25,344;-49,28;2025-09-20 02:00:00.0;0,00
ALMIRANTE TAMANDARÉ;410040005A;PR;Jardim Bonfim;-25,344;-49,28;2025-09-20 03:00:00.0;0,00
ALMIRANTE TAMANDARÉ;410040005A;PR;Jardim Bonfim;-25,344;-49,28;2025-09-20 04:00:00.0;0,00
ALMIRANTE TAMANDARÉ;410040005A;PR;Jardim Bonfim;-25,344;-49,28;2025-09-20 05:00:00.0;0,00
ALMIRANTE TAMANDARÉ;410040005A;PR;Jardim Bonfim;-25,344;-49,28;2025-09-20 06:00:00.0;0,00
ALMIRANTE TAMANDARÉ;410040005A;PR;Jardim Bonfim;-25,344;-49,28;2025-09-20 07:00:00.0;0,00
ALMIRANTE TAMANDARÉ;410040005A;PR;Jardim Bonfim;-25,344;-49,28;2025-09-20 08:00:00.0;0,00
ALMIRANTE TAMANDARÉ;410040005A;PR;Jardim Bonfim;-25,344;-49,28;2025-09-20 09:00:00.0;0,00
ALMIRANTE TAMANDARÉ;410040005A;PR;Jardim Bonfim;-25,344;-49,28;2025-09-20 10:00:00.0;0,00
ALMIRANTE TAMANDARÉ;410040005A;PR;Jardim Bonfim;-25,344;-49,28;2025-09-20 11:00:00.0;0,00
ALMIRANTE TAMANDARÉ;410040005A;PR;Jardim Bonfim;-25,344;-49,28;2025-09-20 12:00:00.0;0,00
ALMIRANTE TAMANDARÉ;410040005A;PR;Jardim Bonfim;-25,344;-49,28;2025-09-20 13:00:00.0;0,00
ALMIRANTE TAMANDARÉ;410040005A;PR;Jardim Bonfim;-25,344;-49,28;2025-09-20 14:00:00.0;0,00
ALMIRANTE TAMANDARÉ;410040005A;PR;Jardim Bonfim;-25,344;-49,28;2025-09-20 15:00:00.0;0,00
ALMIRANTE TAMANDARÉ;410040005A;PR;Jardim Bonfim;-25,344;-49,28;2025-09-20 16:00:00.0;0,00
ALMIRANTE TAMANDARÉ;410040005A;PR;Jardim Bonfim;-25,344;-49,28;2025-09-20 17:00:00.0;0,00
ALMIRANTE TAMANDARÉ;410040005A;PR;Jardim Bonfim;-25,344;-49,28;2025-09-20 18:00:00.0;0,00
ALMIRANTE TAMANDARÉ;410040005A;PR;Jardim Bonfim;-25,344;-49,28;2025-09-20 19:00:00.0;0,00
ALMIRANTE TAMANDARÉ;410040005A;PR;Jardim Bonfim;-25,344;-49,28;2025-09-20 20:00:00.0;0,00
ALMIRANTE TAMANDARÉ;410040005A;PR;Jardim Bonfim;-25,344;-49,28;2025-09-20 21:00:00.0;0,00
ALMIRANTE TAMANDARÉ;410040005A;PR;Jardim Bonfim;-25,344;-49,28;2025-09-20 22:00:00.0;0,00
ALMIRANTE TAMANDARÉ;410040005A;PR;Jardim Bonfim;-25,344;-49,28;2025-09-20 23:00:00.0;0,00
ALMIRANTE TAMANDARÉ;410040005A;PR;Jardim Bonfim;-25,344;-49,28;2025-09-20 23:10:00.0;2,76
ALMIRANTE TAMANDARÉ;410040005A;PR;Jardim Bonfim;-25,344;-49,28;2025-09-21 00:00:00.0;0,00
ALMIRANTE TAMANDARÉ;410040005A;PR;Jardim Bonfim;-25,344;-49,28;2025-09-21 00:10:00.0;0,20
ALMIRANTE TAMANDARÉ;410040005A;PR;Jardim Bonfim;-25,344;-49,28;2025-09-21 01:00:00.0;0,00
ALMIRANTE TAMANDARÉ;410040005A;PR;Jardim Bonfim;-25,344;-49,28;2025-09-21 02:00:00.0;0,00
ALMIRANTE TAMANDARÉ;410040005A;PR;Jardim Bonfim;-25,344;-49,28;2025-09-21 03:00:00.0;0,00
ALMIRANTE TAMANDARÉ;410040005A;PR;Jardim Bonfim;-25,344;-49,28;2025-09-21 04:00:00.0;0,00
ALMIRANTE TAMANDARÉ;410040005A;PR;Jardim Bonfim;-25,344;-49,28;2025-09-21 05:00:00.0;0,00
ALMIRANTE TAMANDARÉ;410040005A;PR;Jardim Bonfim;-25,344;-49,28;2025-09-21 06:00:00.0;0,00
ALMIRANTE TAMANDARÉ;410040005A;PR;Jardim Bonfim;-25,344;-49,28;2025-09-21 07:00:00.0;0,00
ALMIRANTE TAMANDARÉ;410040005A;PR;Jardim Bonfim;-25,344;-49,28;2025-09-21 08:00:00.0;0,00
ALMIRANTE TAMANDARÉ;410040005A;PR;Jardim Bonfim;-25,344;-49,28;2025-09-21 09:00:00.0;0,00
ALMIRANTE TAMANDARÉ;410040005A;PR;Jardim Bonfim;-25,344;-49,28;2025-09-21 10:00:00.0;0,00
ALMIRANTE TAMANDARÉ;410040005A;PR;Jardim Bonfim;-25,344;-49,28;2025-09-21 11:00:00.0;0,00
ALMIRANTE TAMANDARÉ;410040005A;PR;Jardim Bonfim;-25,344;-49,28;2025-09-21 12:00:00.0;0,00
ALMIRANTE TAMANDARÉ;410040005A;PR;Jardim Bonfim;-25,344;-49,28;2025-09-21 13:00:00.0;0,00
ALMIRANTE TAMANDARÉ;410040005A;PR;Jardim Bonfim;-25,344;-49,28;2025-09-21 14:00:00.0;0,00
ALMIRANTE TAMANDARÉ;410040005A;PR;Jardim Bonfim;-25,344;-49,28;2025-09-21 15:00:00.0;0,00
ALMIRANTE TAMANDARÉ;410040005A;PR;Jardim Bonfim;-25,344;-49,28;2025-09-21 16:00:00.0;0,00
ALMIRANTE TAMANDARÉ;410040005A;PR;Jardim Bonfim;-25,344;-49,28;2025-09-21 17:00:00.0;0,00
ALMIRANTE TAMANDARÉ;410040005A;PR;Jardim Bonfim;-25,344;-49,28;2025-09-21 18:00:00.0;0,00
ALMIRANTE TAMANDARÉ;410040005A;PR;Jardim Bonfim;-25,344;-49,28;2025-09-21 19:00:00.0;0,00
ALMIRANTE TAMANDARÉ;410040005A;PR;Jardim Bonfim;-25,344;-49,28;2025-09-21 19:40:00.0;0,59
ALMIRANTE TAMANDARÉ;410040005A;PR;Jardim Bonfim;-25,344;-49,28;2025-09-21 19:50:00.0;0,59
ALMIRANTE TAMANDARÉ;410040005A;PR;Jardim Bonfim;-25,344;-49,28;2025-09-21 20:00:00.0;0,39
ALMIRANTE TAMANDARÉ;410040005A;PR;Jardim Bonfim;-25,344;-49,28;2025-09-21 20:10:00.0;0,20
ALMIRANTE TAMANDARÉ;410040005A;PR;Jardim Bonfim;-25,344;-49,28;2025-09-21 20:30:00.0;0,59
ALMIRANTE TAMANDARÉ;410040005A;PR;Jardim Bonfim;-25,344;-49,28;2025-09-21 21:00:00.0;0,00
ALMIRANTE TAMANDARÉ;410040005A;PR;Jardim Bonfim;-25,344;-49,28;2025-09-21 22:00:00.0;0,00
ALMIRANTE TAMANDARÉ;410040005A;PR;Jardim Bonfim;-25,344;-49,28;2025-09-21 23:00:00.0;0,20
ALMIRANTE TAMANDARÉ;410040005A;PR;Jardim Bonfim;-25,344;-49,28;2025-09-22 00:00:00.0;0,00
ALMIRANTE TAMANDARÉ;410040005A;PR;Jardim Bonfim;-25,344;-49,28;2025-09-22 01:00:00.0;0,00
ALMIRANTE TAMANDARÉ;410040005A;PR;Jardim Bonfim;-25,344;-49,28;2025-09-22 02:00:00.0;0,00
ALMIRANTE TAMANDARÉ;410040005A;PR;Jardim Bonfim;-25,344;-49,28;2025-09-22 03:00:00.0;0,00
ALMIRANTE TAMANDARÉ;410040005A;PR;Jardim Bonfim;-25,344;-49,28;2025-09-22 04:00:00.0;0,00
ALMIRANTE TAMANDARÉ;410040005A;PR;Jardim Bonfim;-25,344;-49,28;2025-09-22 05:00:00.0;0,00
ALMIRANTE TAMANDARÉ;410040005A;PR;Jardim Bonfim;-25,344;-49,28;2025-09-22 06:00:00.0;0,00
ALMIRANTE TAMANDARÉ;410040005A;PR;Jardim Bonfim;-25,344;-49,28;2025-09-22 06:20:00.0;0,20
ALMIRANTE TAMANDARÉ;410040005A;PR;Jardim Bonfim;-25,344;-49,28;2025-09-22 07:00:00.0;0,00
ALMIRANTE TAMANDARÉ;410040005A;PR;Jardim Bonfim;-25,344;-49,28;2025-09-22 07:40:00.0;0,20
ALMIRANTE TAMANDARÉ;410040005A;PR;Jardim Bonfim;-25,344;-49,28;2025-09-22 07:50:00.0;0,20
ALMIRANTE TAMANDARÉ;410040005A;PR;Jardim Bonfim;-25,344;-49,28;2025-09-22 08:00:00.0;0,00
ALMIRANTE TAMANDARÉ;410040005A;PR;Jardim Bonfim;-25,344;-49,28;2025-09-22 08:20:00.0;1,57
ALMIRANTE TAMANDARÉ;410040005A;PR;Jardim Bonfim;-25,344;-49,28;2025-09-22 08:30:00.0;6,90
ALMIRANTE TAMANDARÉ;410040005A;PR;Jardim Bonfim;-25,344;-49,28;2025-09-22 08:40:00.0;0,98
ALMIRANTE TAMANDARÉ;410040005A;PR;Jardim Bonfim;-25,344;-49,28;2025-09-22 08:50:00.0;0,20
ALMIRANTE TAMANDARÉ;410040005A;PR;Jardim Bonfim;-25,344;-49,28;2025-09-22 09:50:00.0;0,20
ALMIRANTE TAMANDARÉ;410040005A;PR;Jardim Bonfim;-25,344;-49,28;2025-09-22 10:00:00.0;0,00
ALMIRANTE TAMANDARÉ;410040005A;PR;Jardim Bonfim;-25,344;-49,28;2025-09-22 11:00:00.0;0,20
ALMIRANTE TAMANDARÉ;410040005A;PR;Jardim Bonfim;-25,344;-49,28;2025-09-22 11:10:00.0;0,59
ALMIRANTE TAMANDARÉ;410040005A;PR;Jardim Bonfim;-25,344;-49,28;2025-09-22 11:20:00.0;0,20
ALMIRANTE TAMANDARÉ;410040005A;PR;Jardim Bonfim;-25,344;-49,28;2025-09-22 11:30:00.0;0,20
ALMIRANTE TAMANDARÉ;410040005A;PR;Jardim Bonfim;-25,344;-49,28;2025-09-22 11:40:00.0;0,98
ALMIRANTE TAMANDARÉ;410040005A;PR;Jardim Bonfim;-25,344;-49,28;2025-09-22 11:50:00.0;0,79
ALMIRANTE TAMANDARÉ;410040005A;PR;Jardim Bonfim;-25,344;-49,28;2025-09-22 12:00:00.0;0,79
ALMIRANTE TAMANDARÉ;410040005A;PR;Jardim Bonfim;-25,344;-49,28;2025-09-22 12:10:00.0;0,98
ALMIRANTE TAMANDARÉ;410040005A;PR;Jardim Bonfim;-25,344;-49,28;2025-09-22 12:20:00.0;0,59
ALMIRANTE TAMANDARÉ;410040005A;PR;Jardim Bonfim;-25,344;-49,28;2025-09-22 12:30:00.0;0,59
ALMIRANTE TAMANDARÉ;410040005A;PR;Jardim Bonfim;-25,344;-49,28;2025-09-22 12:40:00.0;0,79
ALMIRANTE TAMANDARÉ;410040005A;PR;Jardim Bonfim;-25,344;-49,28;2025-09-22 12:50:00.0;0,59
ALMIRANTE TAMANDARÉ;410040005A;PR;Jardim Bonfim;-25,344;-49,28;2025-09-22 13:00:00.0;0,79
ALMIRANTE TAMANDARÉ;410040005A;PR;Jardim Bonfim;-25,344;-49,28;2025-09-22 13:10:00.0;0,79
ALMIRANTE TAMANDARÉ;410040005A;PR;Jardim Bonfim;-25,344;-49,28;2025-09-22 13:20:00.0;0,59
ALMIRANTE TAMANDARÉ;410040005A;PR;Jardim Bonfim;-25,344;-49,28;2025-09-22 13:30:00.0;0,79
ALMIRANTE TAMANDARÉ;410040005A;PR;Jardim Bonfim;-25,344;-49,28;2025-09-22 13:40:00.0;0,59
ALMIRANTE TAMANDARÉ;410040005A;PR;Jardim Bonfim;-25,344;-49,28;2025-09-22 13:50:00.0;0,98
ALMIRANTE TAMANDARÉ;410040005A;PR;Jardim Bonfim;-25,344;-49,28;2025-09-22 14:00:00.0;1,18
ALMIRANTE TAMANDARÉ;410040005A;PR;Jardim Bonfim;-25,344;-49,28;2025-09-22 14:10:00.0;1,18
ALMIRANTE TAMANDARÉ;410040005A;PR;Jardim Bonfim;-25,344;-49,28;2025-09-22 14:20:00.0;1,57
ALMIRANTE TAMANDARÉ;410040005A;PR;Jardim Bonfim;-25,344;-49,28;2025-09-22 14:30:00.0;1,18
ALMIRANTE TAMANDARÉ;410040005A;PR;Jardim Bonfim;-25,344;-49,28;2025-09-22 14:40:00.0;0,98
ALMIRANTE TAMANDARÉ;410040005A;PR;Jardim Bonfim;-25,344;-49,28;2025-09-22 14:50:00.0;1,37
ALMIRANTE TAMANDARÉ;410040005A;PR;Jardim Bonfim;-25,344;-49,28;2025-09-22 15:00:00.0;0,79
ALMIRANTE TAMANDARÉ;410040005A;PR;Jardim Bonfim;-25,344;-49,28;2025-09-22 15:10:00.0;0,98
ALMIRANTE TAMANDARÉ;410040005A;PR;Jardim Bonfim;-25,344;-49,28;2025-09-22 15:20:00.0;1,37
ALMIRANTE TAMANDARÉ;410040005A;PR;Jardim Bonfim;-25,344;-49,28;2025-09-22 15:30:00.0;1,77
ALMIRANTE TAMANDARÉ;410040005A;PR;Jardim Bonfim;-25,344;-49,28;2025-09-22 15:40:00.0;0,59
ALMIRANTE TAMANDARÉ;410040005A;PR;Jardim Bonfim;-25,344;-49,28;2025-09-22 15:50:00.0;0,20
ALMIRANTE TAMANDARÉ;410040005A;PR;Jardim Bonfim;-25,344;-49,28;2025-09-22 16:00:00.0;0,20
ALMIRANTE TAMANDARÉ;410040005A;PR;Jardim Bonfim;-25,344;-49,28;2025-09-22 17:00:00.0;0,00
ALMIRANTE TAMANDARÉ;410040005A;PR;Jardim Bonfim;-25,344;-49,28;2025-09-22 18:00:00.0;0,00
ALMIRANTE TAMANDARÉ;410040005A;PR;Jardim Bonfim;-25,344;-49,28;2025-09-22 19:00:00.0;0,00
ALMIRANTE TAMANDARÉ;410040005A;PR;Jardim Bonfim;-25,344;-49,28;2025-09-22 20:00:00.0;0,00
ALMIRANTE TAMANDARÉ;410040005A;PR;Jardim Bonfim;-25,344;-49,28;2025-09-22 21:00:00.0;0,00
ALMIRANTE TAMANDARÉ;410040005A;PR;Jardim Bonfim;-25,344;-49,28;2025-09-22 22:00:00.0;0,00
ALMIRANTE TAMANDARÉ;410040005A;PR;Jardim Bonfim;-25,344;-49,28;2025-09-22 23:00:00.0;0,00
ALMIRANTE TAMANDARÉ;410040005A;PR;Jardim Bonfim;-25,344;-49,28;2025-09-23 00:00:00.0;0,00
ALMIRANTE TAMANDARÉ;410040005A;PR;Jardim Bonfim;-25,344;-49,28;2025-09-23 01:00:00.0;0,00
ALMIRANTE TAMANDARÉ;410040005A;PR;Jardim Bonfim;-25,344;-49,28;2025-09-23 02:00:00.0;0,00
ALMIRANTE TAMANDARÉ;410040005A;PR;Jardim Bonfim;-25,344;-49,28;2025-09-23 03:00:00.0;0,00
ALMIRANTE TAMANDARÉ;410040005A;PR;Jardim Bonfim;-25,344;-49,28;2025-09-23 04:00:00.0;0,00
ALMIRANTE TAMANDARÉ;410040005A;PR;Jardim Bonfim;-25,344;-49,28;2025-09-23 05:00:00.0;0,00
ALMIRANTE TAMANDARÉ;410040005A;PR;Jardim Bonfim;-25,344;-49,28;2025-09-23 06:00:00.0;0,00
ALMIRANTE TAMANDARÉ;410040005A;PR;Jardim Bonfim;-25,344;-49,28;2025-09-23 07:00:00.0;0,00
ALMIRANTE TAMANDARÉ;410040005A;PR;Jardim Bonfim;-25,344;-49,28;2025-09-23 08:00:00.0;0,00
ALMIRANTE TAMANDARÉ;410040005A;PR;Jardim Bonfim;-25,344;-49,28;2025-09-23 09:00:00.0;0,00
ALMIRANTE TAMANDARÉ;410040005A;PR;Jardim Bonfim;-25,344;-49,28;2025-09-23 10:00:00.0;0,00
ALMIRANTE TAMANDARÉ;410040005A;PR;Jardim Bonfim;-25,344;-49,28;2025-09-23 11:00:00.0;0,00
ALMIRANTE TAMANDARÉ;410040005A;PR;Jardim Bonfim;-25,344;-49,28;2025-09-23 12:00:00.0;0,00
ALMIRANTE TAMANDARÉ;410040005A;PR;Jardim Bonfim;-25,344;-49,28;2025-09-23 13:00:00.0;0,00
ALMIRANTE TAMANDARÉ;410040005A;PR;Jardim Bonfim;-25,344;-49,28;2025-09-23 14:00:00.0;0,00
ALMIRANTE TAMANDARÉ;410040005A;PR;Jardim Bonfim;-25,344;-49,28;2025-09-23 15:00:00.0;0,00
ALMIRANTE TAMANDARÉ;410040005A;PR;Jardim Bonfim;-25,344;-49,28;2025-09-23 16:00:00.0;0,00
ALMIRANTE TAMANDARÉ;410040005A;PR;Jardim Bonfim;-25,344;-49,28;2025-09-23 17:00:00.0;0,00
ALMIRANTE TAMANDARÉ;410040005A;PR;Jardim Bonfim;-25,344;-49,28;2025-09-23 18:00:00.0;0,00
ALMIRANTE TAMANDARÉ;410040005A;PR;Jardim Bonfim;-25,344;-49,28;2025-09-23 19:00:00.0;0,00
ALMIRANTE TAMANDARÉ;410040005A;PR;Jardim Bonfim;-25,344;-49,28;2025-09-23 20:00:00.0;0,00
ALMIRANTE TAMANDARÉ;410040005A;PR;Jardim Bonfim;-25,344;-49,28;2025-09-23 21:00:00.0;0,00
ALMIRANTE TAMANDARÉ;410040005A;PR;Jardim Bonfim;-25,344;-49,28;2025-09-23 22:00:00.0;0,00
ALMIRANTE TAMANDARÉ;410040005A;PR;Jardim Bonfim;-25,344;-49,28;2025-09-23 23:00:00.0;0,00
ALMIRANTE TAMANDARÉ;410040005A;PR;Jardim Bonfim;-25,344;-49,28;2025-09-24 00:00:00.0;0,00
ALMIRANTE TAMANDARÉ;410040005A;PR;Jardim Bonfim;-25,344;-49,28;2025-09-24 01:00:00.0;0,00
ALMIRANTE TAMANDARÉ;410040005A;PR;Jardim Bonfim;-25,344;-49,28;2025-09-24 02:00:00.0;0,00
ALMIRANTE TAMANDARÉ;410040005A;PR;Jardim Bonfim;-25,344;-49,28;2025-09-24 03:00:00.0;0,00
ALMIRANTE TAMANDARÉ;410040005A;PR;Jardim Bonfim;-25,344;-49,28;2025-09-24 04:00:00.0;0,00
ALMIRANTE TAMANDARÉ;410040005A;PR;Jardim Bonfim;-25,344;-49,28;2025-09-24 05:00:00.0;0,00
ALMIRANTE TAMANDARÉ;410040005A;PR;Jardim Bonfim;-25,344;-49,28;2025-09-24 06:00:00.0;0,00
ALMIRANTE TAMANDARÉ;410040005A;PR;Jardim Bonfim;-25,344;-49,28;2025-09-24 07:00:00.0;0,00
ALMIRANTE TAMANDARÉ;410040005A;PR;Jardim Bonfim;-25,344;-49,28;2025-09-24 08:00:00.0;0,00
ALMIRANTE TAMANDARÉ;410040005A;PR;Jardim Bonfim;-25,344;-49,28;2025-09-24 09:00:00.0;0,00
ALMIRANTE TAMANDARÉ;410040005A;PR;Jardim Bonfim;-25,344;-49,28;2025-09-24 10:00:00.0;0,00
ALMIRANTE TAMANDARÉ;410040005A;PR;Jardim Bonfim;-25,344;-49,28;2025-09-24 11:00:00.0;0,00
ALMIRANTE TAMANDARÉ;410040005A;PR;Jardim Bonfim;-25,344;-49,28;2025-09-24 12:00:00.0;0,00
ALMIRANTE TAMANDARÉ;410040005A;PR;Jardim Bonfim;-25,344;-49,28;2025-09-24 13:00:00.0;0,00
ALMIRANTE TAMANDARÉ;410040005A;PR;Jardim Bonfim;-25,344;-49,28;2025-09-24 14:00:00.0;0,00
ALMIRANTE TAMANDARÉ;410040005A;PR;Jardim Bonfim;-25,344;-49,28;2025-09-24 15:00:00.0;0,00
ALMIRANTE TAMANDARÉ;410040005A;PR;Jardim Bonfim;-25,344;-49,28;2025-09-24 16:00:00.0;0,00
ALMIRANTE TAMANDARÉ;410040005A;PR;Jardim Bonfim;-25,344;-49,28;2025-09-24 17:00:00.0;0,00
ALMIRANTE TAMANDARÉ;410040005A;PR;Jardim Bonfim;-25,344;-49,28;2025-09-24 18:00:00.0;0,00
ALMIRANTE TAMANDARÉ;410040005A;PR;Jardim Bonfim;-25,344;-49,28;2025-09-24 19:00:00.0;0,00
ALMIRANTE TAMANDARÉ;410040005A;PR;Jardim Bonfim;-25,344;-49,28;2025-09-24 20:00:00.0;0,00
ALMIRANTE TAMANDARÉ;410040005A;PR;Jardim Bonfim;-25,344;-49,28;2025-09-24 21:00:00.0;0,00
ALMIRANTE TAMANDARÉ;410040005A;PR;Jardim Bonfim;-25,344;-49,28;2025-09-24 22:00:00.0;0,00
ALMIRANTE TAMANDARÉ;410040005A;PR;Jardim Bonfim;-25,344;-49,28;2025-09-24 23:00:00.0;0,00
ALMIRANTE TAMANDARÉ;410040005A;PR;Jardim Bonfim;-25,344;-49,28;2025-09-25 00:00:00.0;0,00
ALMIRANTE TAMANDARÉ;410040005A;PR;Jardim Bonfim;-25,344;-49,28;2025-09-25 01:00:00.0;0,00
ALMIRANTE TAMANDARÉ;410040005A;PR;Jardim Bonfim;-25,344;-49,28;2025-09-25 02:00:00.0;0,00
ALMIRANTE TAMANDARÉ;410040005A;PR;Jardim Bonfim;-25,344;-49,28;2025-09-25 03:00:00.0;0,00
ALMIRANTE TAMANDARÉ;410040005A;PR;Jardim Bonfim;-25,344;-49,28;2025-09-25 04:00:00.0;0,00
ALMIRANTE TAMANDARÉ;410040005A;PR;Jardim Bonfim;-25,344;-49,28;2025-09-25 05:00:00.0;0,00
ALMIRANTE TAMANDARÉ;410040005A;PR;Jardim Bonfim;-25,344;-49,28;2025-09-25 06:00:00.0;0,00
ALMIRANTE TAMANDARÉ;410040005A;PR;Jardim Bonfim;-25,344;-49,28;2025-09-25 07:00:00.0;0,00
ALMIRANTE TAMANDARÉ;410040005A;PR;Jardim Bonfim;-25,344;-49,28;2025-09-25 08:00:00.0;0,00
ALMIRANTE TAMANDARÉ;410040005A;PR;Jardim Bonfim;-25,344;-49,28;2025-09-25 08:40:00.0;0,20
ALMIRANTE TAMANDARÉ;410040005A;PR;Jardim Bonfim;-25,344;-49,28;2025-09-25 09:00:00.0;0,00
ALMIRANTE TAMANDARÉ;410040005A;PR;Jardim Bonfim;-25,344;-49,28;2025-09-25 10:00:00.0;0,00
ALMIRANTE TAMANDARÉ;410040005A;PR;Jardim Bonfim;-25,344;-49,28;2025-09-25 11:00:00.0;0,00
ALMIRANTE TAMANDARÉ;410040005A;PR;Jardim Bonfim;-25,344;-49,28;2025-09-25 11:10:00.0;0,20
ALMIRANTE TAMANDARÉ;410040005A;PR;Jardim Bonfim;-25,344;-49,28;2025-09-25 12:00:00.0;0,00
ALMIRANTE TAMANDARÉ;410040005A;PR;Jardim Bonfim;-25,344;-49,28;2025-09-25 13:00:00.0;0,00
ALMIRANTE TAMANDARÉ;410040005A;PR;Jardim Bonfim;-25,344;-49,28;2025-09-25 14:00:00.0;0,00
ALMIRANTE TAMANDARÉ;410040005A;PR;Jardim Bonfim;-25,344;-49,28;2025-09-25 15:00:00.0;0,00
ALMIRANTE TAMANDARÉ;410040005A;PR;Jardim Bonfim;-25,344;-49,28;2025-09-25 16:00:00.0;0,00
ALMIRANTE TAMANDARÉ;410040005A;PR;Jardim Bonfim;-25,344;-49,28;2025-09-25 17:00:00.0;0,00
ALMIRANTE TAMANDARÉ;410040005A;PR;Jardim Bonfim;-25,344;-49,28;2025-09-25 18:00:00.0;0,00
ALMIRANTE TAMANDARÉ;410040005A;PR;Jardim Bonfim;-25,344;-49,28;2025-09-25 19:00:00.0;0,00
ALMIRANTE TAMANDARÉ;410040005A;PR;Jardim Bonfim;-25,344;-49,28;2025-09-25 20:00:00.0;0,20
ALMIRANTE TAMANDARÉ;410040005A;PR;Jardim Bonfim;-25,344;-49,28;2025-09-25 21:00:00.0;0,00
ALMIRANTE TAMANDARÉ;410040005A;PR;Jardim Bonfim;-25,344;-49,28;2025-09-25 21:20:00.0;0,20
ALMIRANTE TAMANDARÉ;410040005A;PR;Jardim Bonfim;-25,344;-49,28;2025-09-25 22:00:00.0;0,00
ALMIRANTE TAMANDARÉ;410040005A;PR;Jardim Bonfim;-25,344;-49,28;2025-09-25 23:00:00.0;0,00
ALMIRANTE TAMANDARÉ;410040005A;PR;Jardim Bonfim;-25,344;-49,28;2025-09-26 00:00:00.0;0,00
ALMIRANTE TAMANDARÉ;410040005A;PR;Jardim Bonfim;-25,344;-49,28;2025-09-26 01:00:00.0;0,00
ALMIRANTE TAMANDARÉ;410040005A;PR;Jardim Bonfim;-25,344;-49,28;2025-09-26 01:20:00.0;0,20
ALMIRANTE TAMANDARÉ;410040005A;PR;Jardim Bonfim;-25,344;-49,28;2025-09-26 02:00:00.0;0,00
ALMIRANTE TAMANDARÉ;410040005A;PR;Jardim Bonfim;-25,344;-49,28;2025-09-26 02:30:00.0;0,20
ALMIRANTE TAMANDARÉ;410040005A;PR;Jardim Bonfim;-25,344;-49,28;2025-09-26 03:00:00.0;0,00
ALMIRANTE TAMANDARÉ;410040005A;PR;Jardim Bonfim;-25,344;-49,28;2025-09-26 03:40:00.0;0,20
ALMIRANTE TAMANDARÉ;410040005A;PR;Jardim Bonfim;-25,344;-49,28;2025-09-26 04:00:00.0;0,00
ALMIRANTE TAMANDARÉ;410040005A;PR;Jardim Bonfim;-25,344;-49,28;2025-09-26 04:50:00.0;0,20
ALMIRANTE TAMANDARÉ;410040005A;PR;Jardim Bonfim;-25,344;-49,28;2025-09-26 05:00:00.0;0,00
ALMIRANTE TAMANDARÉ;410040005A;PR;Jardim Bonfim;-25,344;-49,28;2025-09-26 05:10:00.0;0,20
ALMIRANTE TAMANDARÉ;410040005A;PR;Jardim Bonfim;-25,344;-49,28;2025-09-26 05:50:00.0;0,20
ALMIRANTE TAMANDARÉ;410040005A;PR;Jardim Bonfim;-25,344;-49,28;2025-09-26 06:00:00.0;0,00
ALMIRANTE TAMANDARÉ;410040005A;PR;Jardim Bonfim;-25,344;-49,28;2025-09-26 06:30:00.0;0,20
ALMIRANTE TAMANDARÉ;410040005A;PR;Jardim Bonfim;-25,344;-49,28;2025-09-26 06:40:00.0;0,20
ALMIRANTE TAMANDARÉ;410040005A;PR;Jardim Bonfim;-25,344;-49,28;2025-09-26 07:00:00.0;0,20
ALMIRANTE TAMANDARÉ;410040005A;PR;Jardim Bonfim;-25,344;-49,28;2025-09-26 07:30:00.0;0,40
ALMIRANTE TAMANDARÉ;410040005A;PR;Jardim Bonfim;-25,344;-49,28;2025-09-26 07:50:00.0;0,20
ALMIRANTE TAMANDARÉ;410040005A;PR;Jardim Bonfim;-25,344;-49,28;2025-09-26 08:00:00.0;0,20
ALMIRANTE TAMANDARÉ;410040005A;PR;Jardim Bonfim;-25,344;-49,28;2025-09-26 08:20:00.0;0,20
ALMIRANTE TAMANDARÉ;410040005A;PR;Jardim Bonfim;-25,344;-49,28;2025-09-26 09:00:00.0;0,00
ALMIRANTE TAMANDARÉ;410040005A;PR;Jardim Bonfim;-25,344;-49,28;2025-09-26 09:30:00.0;0,20
ALMIRANTE TAMANDARÉ;410040005A;PR;Jardim Bonfim;-25,344;-49,28;2025-09-26 09:40:00.0;0,20
ALMIRANTE TAMANDARÉ;410040005A;PR;Jardim Bonfim;-25,344;-49,28;2025-09-26 10:00:00.0;0,00
ALMIRANTE TAMANDARÉ;410040005A;PR;Jardim Bonfim;-25,344;-49,28;2025-09-26 11:00:00.0;0,00
ALMIRANTE TAMANDARÉ;410040005A;PR;Jardim Bonfim;-25,344;-49,28;2025-09-26 12:00:00.0;0,00
ALMIRANTE TAMANDARÉ;410040005A;PR;Jardim Bonfim;-25,344;-49,28;2025-09-26 13:00:00.0;0,00
ALMIRANTE TAMANDARÉ;410040005A;PR;Jardim Bonfim;-25,344;-49,28;2025-09-26 14:00:00.0;0,00
ALMIRANTE TAMANDARÉ;410040005A;PR;Jardim Bonfim;-25,344;-49,28;2025-09-26 15:00:00.0;0,00
ALMIRANTE TAMANDARÉ;410040005A;PR;Jardim Bonfim;-25,344;-49,28;2025-09-26 16:00:00.0;0,00
ALMIRANTE TAMANDARÉ;410040005A;PR;Jardim Bonfim;-25,344;-49,28;2025-09-26 17:00:00.0;0,00
ALMIRANTE TAMANDARÉ;410040005A;PR;Jardim Bonfim;-25,344;-49,28;2025-09-26 18:00:00.0;0,00
ALMIRANTE TAMANDARÉ;410040005A;PR;Jardim Bonfim;-25,344;-49,28;2025-09-26 19:00:00.0;0,00
ALMIRANTE TAMANDARÉ;410040005A;PR;Jardim Bonfim;-25,344;-49,28;2025-09-26 20:00:00.0;0,00
ALMIRANTE TAMANDARÉ;410040005A;PR;Jardim Bonfim;-25,344;-49,28;2025-09-26 21:00:00.0;0,00
ALMIRANTE TAMANDARÉ;410040005A;PR;Jardim Bonfim;-25,344;-49,28;2025-09-26 22:00:00.0;0,00
ALMIRANTE TAMANDARÉ;410040005A;PR;Jardim Bonfim;-25,344;-49,28;2025-09-26 23:00:00.0;0,00
ALMIRANTE TAMANDARÉ;410040005A;PR;Jardim Bonfim;-25,344;-49,28;2025-09-27 00:00:00.0;0,00
ALMIRANTE TAMANDARÉ;410040005A;PR;Jardim Bonfim;-25,344;-49,28;2025-09-27 00:10:00.0;0,20
ALMIRANTE TAMANDARÉ;410040005A;PR;Jardim Bonfim;-25,344;-49,28;2025-09-27 01:00:00.0;0,00
ALMIRANTE TAMANDARÉ;410040005A;PR;Jardim Bonfim;-25,344;-49,28;2025-09-27 02:00:00.0;0,00
ALMIRANTE TAMANDARÉ;410040005A;PR;Jardim Bonfim;-25,344;-49,28;2025-09-27 03:00:00.0;0,00
ALMIRANTE TAMANDARÉ;410040005A;PR;Jardim Bonfim;-25,344;-49,28;2025-09-27 04:00:00.0;0,00
ALMIRANTE TAMANDARÉ;410040005A;PR;Jardim Bonfim;-25,344;-49,28;2025-09-27 05:00:00.0;0,00
ALMIRANTE TAMANDARÉ;410040005A;PR;Jardim Bonfim;-25,344;-49,28;2025-09-27 06:00:00.0;0,00
ALMIRANTE TAMANDARÉ;410040005A;PR;Jardim Bonfim;-25,344;-49,28;2025-09-27 07:00:00.0;0,00
ALMIRANTE TAMANDARÉ;410040005A;PR;Jardim Bonfim;-25,344;-49,28;2025-09-27 08:00:00.0;0,00
ALMIRANTE TAMANDARÉ;410040005A;PR;Jardim Bonfim;-25,344;-49,28;2025-09-27 09:00:00.0;0,00
ALMIRANTE TAMANDARÉ;410040005A;PR;Jardim Bonfim;-25,344;-49,28;2025-09-27 10:00:00.0;0,00
ALMIRANTE TAMANDARÉ;410040005A;PR;Jardim Bonfim;-25,344;-49,28;2025-09-27 11:00:00.0;0,00
ALMIRANTE TAMANDARÉ;410040005A;PR;Jardim Bonfim;-25,344;-49,28;2025-09-27 12:00:00.0;0,00
ALMIRANTE TAMANDARÉ;410040005A;PR;Jardim Bonfim;-25,344;-49,28;2025-09-27 13:00:00.0;0,00
ALMIRANTE TAMANDARÉ;410040005A;PR;Jardim Bonfim;-25,344;-49,28;2025-09-27 14:00:00.0;0,00
ALMIRANTE TAMANDARÉ;410040005A;PR;Jardim Bonfim;-25,344;-49,28;2025-09-27 15:00:00.0;0,00
ALMIRANTE TAMANDARÉ;410040005A;PR;Jardim Bonfim;-25,344;-49,28;2025-09-27 16:10:00.0;0,00
ALMIRANTE TAMANDARÉ;410040005A;PR;Jardim Bonfim;-25,344;-49,28;2025-09-27 17:20:00.0;0,00
ALMIRANTE TAMANDARÉ;410040005A;PR;Jardim Bonfim;-25,344;-49,28;2025-09-27 18:10:00.0;0,00
ALMIRANTE TAMANDARÉ;410040005A;PR;Jardim Bonfim;-25,344;-49,28;2025-09-27 19:20:00.0;0,00
ALMIRANTE TAMANDARÉ;410040005A;PR;Jardim Bonfim;-25,344;-49,28;2025-09-27 20:10:00.0;0,00
ALMIRANTE TAMANDARÉ;410040005A;PR;Jardim Bonfim;-25,344;-49,28;2025-09-27 21:30:00.0;0,00
ALMIRANTE TAMANDARÉ;410040005A;PR;Jardim Bonfim;-25,344;-49,28;2025-09-27 22:00:00.0;0,00
ALMIRANTE TAMANDARÉ;410040005A;PR;Jardim Bonfim;-25,344;-49,28;2025-09-27 23:10:00.0;0,00
ALMIRANTE TAMANDARÉ;410040005A;PR;Jardim Bonfim;-25,344;-49,28;2025-09-28 00:00:00.0;0,00
ALMIRANTE TAMANDARÉ;410040005A;PR;Jardim Bonfim;-25,344;-49,28;2025-09-28 03:00:00.0;0,00
ALMIRANTE TAMANDARÉ;410040005A;PR;Jardim Bonfim;-25,344;-49,28;2025-09-28 04:00:00.0;0,00
ALMIRANTE TAMANDARÉ;410040005A;PR;Jardim Bonfim;-25,344;-49,28;2025-09-28 05:00:00.0;0,00
ALMIRANTE TAMANDARÉ;410040005A;PR;Jardim Bonfim;-25,344;-49,28;2025-09-28 06:00:00.0;0,00
ALMIRANTE TAMANDARÉ;410040005A;PR;Jardim Bonfim;-25,344;-49,28;2025-09-28 07:00:00.0;0,00
ALMIRANTE TAMANDARÉ;410040005A;PR;Jardim Bonfim;-25,344;-49,28;2025-09-28 08:00:00.0;0,00
ALMIRANTE TAMANDARÉ;410040005A;PR;Jardim Bonfim;-25,344;-49,28;2025-09-28 09:00:00.0;0,00
ALMIRANTE TAMANDARÉ;410040005A;PR;Jardim Bonfim;-25,344;-49,28;2025-09-28 10:00:00.0;0,00
ALMIRANTE TAMANDARÉ;410040005A;PR;Jardim Bonfim;-25,344;-49,28;2025-09-28 11:00:00.0;0,00
ALMIRANTE TAMANDARÉ;410040005A;PR;Jardim Bonfim;-25,344;-49,28;2025-09-28 12:00:00.0;0,00
ALMIRANTE TAMANDARÉ;410040005A;PR;Jardim Bonfim;-25,344;-49,28;2025-09-28 13:00:00.0;0,00
ALMIRANTE TAMANDARÉ;410040005A;PR;Jardim Bonfim;-25,344;-49,28;2025-09-28 14:00:00.0;0,00
ALMIRANTE TAMANDARÉ;410040005A;PR;Jardim Bonfim;-25,344;-49,28;2025-09-28 15:00:00.0;0,00
ALMIRANTE TAMANDARÉ;410040005A;PR;Jardim Bonfim;-25,344;-49,28;2025-09-28 16:00:00.0;0,00
ALMIRANTE TAMANDARÉ;410040005A;PR;Jardim Bonfim;-25,344;-49,28;2025-09-28 17:00:00.0;0,00
ALMIRANTE TAMANDARÉ;410040005A;PR;Jardim Bonfim;-25,344;-49,28;2025-09-28 18:00:00.0;0,00
ALMIRANTE TAMANDARÉ;410040005A;PR;Jardim Bonfim;-25,344;-49,28;2025-09-28 19:00:00.0;0,00
ALMIRANTE TAMANDARÉ;410040005A;PR;Jardim Bonfim;-25,344;-49,28;2025-09-28 20:00:00.0;0,00
ALMIRANTE TAMANDARÉ;410040005A;PR;Jardim Bonfim;-25,344;-49,28;2025-09-28 21:00:00.0;0,00
ALMIRANTE TAMANDARÉ;410040005A;PR;Jardim Bonfim;-25,344;-49,28;2025-09-28 22:00:00.0;0,00
ALMIRANTE TAMANDARÉ;410040005A;PR;Jardim Bonfim;-25,344;-49,28;2025-09-28 23:00:00.0;0,00
ALMIRANTE TAMANDARÉ;410040005A;PR;Jardim Bonfim;-25,344;-49,28;2025-09-29 00:00:00.0;0,00
ALMIRANTE TAMANDARÉ;410040005A;PR;Jardim Bonfim;-25,344;-49,28;2025-09-29 01:00:00.0;0,00
ALMIRANTE TAMANDARÉ;410040005A;PR;Jardim Bonfim;-25,344;-49,28;2025-09-29 02:00:00.0;0,00
ALMIRANTE TAMANDARÉ;410040005A;PR;Jardim Bonfim;-25,344;-49,28;2025-09-29 03:00:00.0;0,00
ALMIRANTE TAMANDARÉ;410040005A;PR;Jardim Bonfim;-25,344;-49,28;2025-09-29 04:00:00.0;0,00
ALMIRANTE TAMANDARÉ;410040005A;PR;Jardim Bonfim;-25,344;-49,28;2025-09-29 05:00:00.0;0,00
ALMIRANTE TAMANDARÉ;410040005A;PR;Jardim Bonfim;-25,344;-49,28;2025-09-29 06:00:00.0;0,00
ALMIRANTE TAMANDARÉ;410040005A;PR;Jardim Bonfim;-25,344;-49,28;2025-09-29 07:00:00.0;0,00
ALMIRANTE TAMANDARÉ;410040005A;PR;Jardim Bonfim;-25,344;-49,28;2025-09-29 08:00:00.0;0,00
ALMIRANTE TAMANDARÉ;410040005A;PR;Jardim Bonfim;-25,344;-49,28;2025-09-29 09:00:00.0;0,00
ALMIRANTE TAMANDARÉ;410040005A;PR;Jardim Bonfim;-25,344;-49,28;2025-09-29 10:00:00.0;0,00
ALMIRANTE TAMANDARÉ;410040005A;PR;Jardim Bonfim;-25,344;-49,28;2025-09-29 11:00:00.0;0,00
ALMIRANTE TAMANDARÉ;410040005A;PR;Jardim Bonfim;-25,344;-49,28;2025-09-29 12:00:00.0;0,00
ALMIRANTE TAMANDARÉ;410040005A;PR;Jardim Bonfim;-25,344;-49,28;2025-09-29 13:00:00.0;0,00
ALMIRANTE TAMANDARÉ;410040005A;PR;Jardim Bonfim;-25,344;-49,28;2025-09-29 14:00:00.0;0,00
ALMIRANTE TAMANDARÉ;410040005A;PR;Jardim Bonfim;-25,344;-49,28;2025-09-29 15:00:00.0;0,00
ALMIRANTE TAMANDARÉ;410040005A;PR;Jardim Bonfim;-25,344;-49,28;2025-09-29 16:00:00.0;0,00
ALMIRANTE TAMANDARÉ;410040005A;PR;Jardim Bonfim;-25,344;-49,28;2025-09-29 17:00:00.0;0,00
ALMIRANTE TAMANDARÉ;410040005A;PR;Jardim Bonfim;-25,344;-49,28;2025-09-29 18:00:00.0;0,00
ALMIRANTE TAMANDARÉ;410040005A;PR;Jardim Bonfim;-25,344;-49,28;2025-09-29 19:00:00.0;0,00
ALMIRANTE TAMANDARÉ;410040005A;PR;Jardim Bonfim;-25,344;-49,28;2025-09-29 20:00:00.0;0,00
ALMIRANTE TAMANDARÉ;410040005A;PR;Jardim Bonfim;-25,344;-49,28;2025-09-29 21:00:00.0;0,00
ALMIRANTE TAMANDARÉ;410040005A;PR;Jardim Bonfim;-25,344;-49,28;2025-09-29 22:00:00.0;0,00
ALMIRANTE TAMANDARÉ;410040005A;PR;Jardim Bonfim;-25,344;-49,28;2025-09-29 23:00:00.0;0,00
ALMIRANTE TAMANDARÉ;410040005A;PR;Jardim Bonfim;-25,344;-49,28;2025-09-30 00:00:00.0;0,00
ALMIRANTE TAMANDARÉ;410040005A;PR;Jardim Bonfim;-25,344;-49,28;2025-09-30 01:00:00.0;0,00
ALMIRANTE TAMANDARÉ;410040005A;PR;Jardim Bonfim;-25,344;-49,28;2025-09-30 02:00:00.0;0,00
ALMIRANTE TAMANDARÉ;410040005A;PR;Jardim Bonfim;-25,344;-49,28;2025-09-30 03:00:00.0;0,00
ALMIRANTE TAMANDARÉ;410040005A;PR;Jardim Bonfim;-25,344;-49,28;2025-09-30 04:00:00.0;0,00
ALMIRANTE TAMANDARÉ;410040005A;PR;Jardim Bonfim;-25,344;-49,28;2025-09-30 05:00:00.0;0,00
ALMIRANTE TAMANDARÉ;410040005A;PR;Jardim Bonfim;-25,344;-49,28;2025-09-30 06:00:00.0;0,00
ALMIRANTE TAMANDARÉ;410040005A;PR;Jardim Bonfim;-25,344;-49,28;2025-09-30 07:00:00.0;0,00
ALMIRANTE TAMANDARÉ;410040005A;PR;Jardim Bonfim;-25,344;-49,28;2025-09-30 08:00:00.0;0,00
ALMIRANTE TAMANDARÉ;410040005A;PR;Jardim Bonfim;-25,344;-49,28;2025-09-30 08:50:00.0;0,59
ALMIRANTE TAMANDARÉ;410040005A;PR;Jardim Bonfim;-25,344;-49,28;2025-09-30 09:00:00.0;1,18
ALMIRANTE TAMANDARÉ;410040005A;PR;Jardim Bonfim;-25,344;-49,28;2025-09-30 09:10:00.0;0,20
ALMIRANTE TAMANDARÉ;410040005A;PR;Jardim Bonfim;-25,344;-49,28;2025-09-30 10:00:00.0;0,00
ALMIRANTE TAMANDARÉ;410040005A;PR;Jardim Bonfim;-25,344;-49,28;2025-09-30 11:00:00.0;0,00
ALMIRANTE TAMANDARÉ;410040005A;PR;Jardim Bonfim;-25,344;-49,28;2025-09-30 12:00:00.0;0,00
ALMIRANTE TAMANDARÉ;410040005A;PR;Jardim Bonfim;-25,344;-49,28;2025-09-30 13:00:00.0;0,00
ALMIRANTE TAMANDARÉ;410040005A;PR;Jardim Bonfim;-25,344;-49,28;2025-09-30 14:00:00.0;0,00
ALMIRANTE TAMANDARÉ;410040005A;PR;Jardim Bonfim;-25,344;-49,28;2025-09-30 15:00:00.0;0,00
ALMIRANTE TAMANDARÉ;410040005A;PR;Jardim Bonfim;-25,344;-49,28;2025-09-30 16:00:00.0;0,00
ALMIRANTE TAMANDARÉ;410040005A;PR;Jardim Bonfim;-25,344;-49,28;2025-09-30 17:00:00.0;0,00
ALMIRANTE TAMANDARÉ;410040005A;PR;Jardim Bonfim;-25,344;-49,28;2025-09-30 18:00:00.0;0,00
ALMIRANTE TAMANDARÉ;410040005A;PR;Jardim Bonfim;-25,344;-49,28;2025-09-30 19:00:00.0;0,00
ALMIRANTE TAMANDARÉ;410040005A;PR;Jardim Bonfim;-25,344;-49,28;2025-09-30 20:00:00.0;0,00
ALMIRANTE TAMANDARÉ;410040005A;PR;Jardim Bonfim;-25,344;-49,28;2025-09-30 21:00:00.0;0,00
ALMIRANTE TAMANDARÉ;410040005A;PR;Jardim Bonfim;-25,344;-49,28;2025-09-30 22:00:00.0;0,00
ALMIRANTE TAMANDARÉ;410040005A;PR;Jardim Bonfim;-25,344;-49,28;2025-09-30 23:00:00.0;0,00
ALMIRANTE TAMANDARÉ;410040005A;PR;Jardim Bonfim;-25,344;-49,28;2025-09-30 23:50:00.0;1,38
ALMIRANTE TAMANDARÉ;410040006A;PR;Jardim Tanguá;-25,371;-49,308;2025-09-02 16:20:00.0;0,20
ALMIRANTE TAMANDARÉ;410040006A;PR;Jardim Tanguá;-25,371;-49,308;2025-09-02 16:30:00.0;39,65
ALMIRANTE TAMANDARÉ;410040006A;PR;Jardim Tanguá;-25,371;-49,308;2025-09-02 16:40:00.0;0,00
ALMIRANTE TAMANDARÉ;410040006A;PR;Jardim Tanguá;-25,371;-49,308;2025-09-02 18:20:00.0;13,01
ALMIRANTE TAMANDARÉ;410040006A;PR;Jardim Tanguá;-25,371;-49,308;2025-09-02 18:40:00.0;0,20
ALMIRANTE TAMANDARÉ;410040006A;PR;Jardim Tanguá;-25,371;-49,308;2025-09-03 15:00:00.0;13,01
ALMIRANTE TAMANDARÉ;410040006A;PR;Jardim Tanguá;-25,371;-49,308;2025-09-03 16:50:00.0;26,85
ALMIRANTE TAMANDARÉ;410040006A;PR;Jardim Tanguá;-25,371;-49,308;2025-09-03 17:00:00.0;26,85
ALMIRANTE TAMANDARÉ;410040006A;PR;Jardim Tanguá;-25,371;-49,308;2025-09-03 17:10:00.0;0,00
ALMIRANTE TAMANDARÉ;410040006A;PR;Jardim Tanguá;-25,371;-49,308;2025-09-03 17:20:00.0;26,85
ALMIRANTE TAMANDARÉ;410040006A;PR;Jardim Tanguá;-25,371;-49,308;2025-09-03 18:10:00.0;26,85
ALMIRANTE TAMANDARÉ;410040006A;PR;Jardim Tanguá;-25,371;-49,308;2025-09-03 18:20:00.0;0,20
ALMIRANTE TAMANDARÉ;410040006A;PR;Jardim Tanguá;-25,371;-49,308;2025-09-03 18:30:00.0;0,00
ALMIRANTE TAMANDARÉ;410040006A;PR;Jardim Tanguá;-25,371;-49,308;2025-09-03 18:40:00.0;26,85
ALMIRANTE TAMANDARÉ;410040006A;PR;Jardim Tanguá;-25,371;-49,308;2025-09-03 18:50:00.0;0,00
ALMIRANTE TAMANDARÉ;410040006A;PR;Jardim Tanguá;-25,371;-49,308;2025-09-03 19:50:00.0;26,85
ALMIRANTE TAMANDARÉ;410040006A;PR;Jardim Tanguá;-25,371;-49,308;2025-09-05 15:30:00.0;12,20
ALMIRANTE TAMANDARÉ;410040006A;PR;Jardim Tanguá;-25,371;-49,308;2025-09-05 15:40:00.0;0,20
ALMIRANTE TAMANDARÉ;410040006A;PR;Jardim Tanguá;-25,371;-49,308;2025-09-05 16:30:00.0;0,20
ALMIRANTE TAMANDARÉ;410040006A;PR;Jardim Tanguá;-25,371;-49,308;2025-09-05 18:00:00.0;0,00
ALMIRANTE TAMANDARÉ;410040006A;PR;Jardim Tanguá;-25,371;-49,308;2025-09-05 19:00:00.0;0,00
ALMIRANTE TAMANDARÉ;410040006A;PR;Jardim Tanguá;-25,371;-49,308;2025-09-05 20:00:00.0;0,00
ALMIRANTE TAMANDARÉ;410040006A;PR;Jardim Tanguá;-25,371;-49,308;2025-09-05 21:00:00.0;0,00
ALMIRANTE TAMANDARÉ;410040006A;PR;Jardim Tanguá;-25,371;-49,308;2025-09-05 22:00:00.0;0,00
ALMIRANTE TAMANDARÉ;410040006A;PR;Jardim Tanguá;-25,371;-49,308;2025-09-05 23:00:00.0;0,00
ALMIRANTE TAMANDARÉ;410040006A;PR;Jardim Tanguá;-25,371;-49,308;2025-09-05 23:50:00.0;0,20
ALMIRANTE TAMANDARÉ;410040006A;PR;Jardim Tanguá;-25,371;-49,308;2025-09-06 00:00:00.0;0,00
ALMIRANTE TAMANDARÉ;410040006A;PR;Jardim Tanguá;-25,371;-49,308;2025-09-06 00:10:00.0;0,20
ALMIRANTE TAMANDARÉ;410040006A;PR;Jardim Tanguá;-25,371;-49,308;2025-09-06 00:40:00.0;0,20
ALMIRANTE TAMANDARÉ;410040006A;PR;Jardim Tanguá;-25,371;-49,308;2025-09-06 00:50:00.0;0,39
ALMIRANTE TAMANDARÉ;410040006A;PR;Jardim Tanguá;-25,371;-49,308;2025-09-06 01:00:00.0;0,00
ALMIRANTE TAMANDARÉ;410040006A;PR;Jardim Tanguá;-25,371;-49,308;2025-09-06 01:40:00.0;0,20
ALMIRANTE TAMANDARÉ;410040006A;PR;Jardim Tanguá;-25,371;-49,308;2025-09-06 02:00:00.0;0,00
ALMIRANTE TAMANDARÉ;410040006A;PR;Jardim Tanguá;-25,371;-49,308;2025-09-06 03:00:00.0;0,00
ALMIRANTE TAMANDARÉ;410040006A;PR;Jardim Tanguá;-25,371;-49,308;2025-09-06 04:00:00.0;0,00
ALMIRANTE TAMANDARÉ;410040006A;PR;Jardim Tanguá;-25,371;-49,308;2025-09-06 05:00:00.0;0,00
ALMIRANTE TAMANDARÉ;410040006A;PR;Jardim Tanguá;-25,371;-49,308;2025-09-06 06:00:00.0;0,00
ALMIRANTE TAMANDARÉ;410040006A;PR;Jardim Tanguá;-25,371;-49,308;2025-09-06 07:00:00.0;0,00
ALMIRANTE TAMANDARÉ;410040006A;PR;Jardim Tanguá;-25,371;-49,308;2025-09-06 08:00:00.0;0,00
ALMIRANTE TAMANDARÉ;410040006A;PR;Jardim Tanguá;-25,371;-49,308;2025-09-06 09:00:00.0;0,00
ALMIRANTE TAMANDARÉ;410040006A;PR;Jardim Tanguá;-25,371;-49,308;2025-09-06 10:00:00.0;0,00
ALMIRANTE TAMANDARÉ;410040006A;PR;Jardim Tanguá;-25,371;-49,308;2025-09-06 11:00:00.0;0,00
ALMIRANTE TAMANDARÉ;410040006A;PR;Jardim Tanguá;-25,371;-49,308;2025-09-06 12:00:00.0;0,00
ALMIRANTE TAMANDARÉ;410040006A;PR;Jardim Tanguá;-25,371;-49,308;2025-09-06 13:00:00.0;0,00
ALMIRANTE TAMANDARÉ;410040006A;PR;Jardim Tanguá;-25,371;-49,308;2025-09-06 14:00:00.0;0,00
ALMIRANTE TAMANDARÉ;410040006A;PR;Jardim Tanguá;-25,371;-49,308;2025-09-06 15:00:00.0;0,00
ALMIRANTE TAMANDARÉ;410040006A;PR;Jardim Tanguá;-25,371;-49,308;2025-09-06 16:00:00.0;0,00
ALMIRANTE TAMANDARÉ;410040006A;PR;Jardim Tanguá;-25,371;-49,308;2025-09-06 17:00:00.0;0,00
ALMIRANTE TAMANDARÉ;410040006A;PR;Jardim Tanguá;-25,371;-49,308;2025-09-06 18:00:00.0;0,00
ALMIRANTE TAMANDARÉ;410040006A;PR;Jardim Tanguá;-25,371;-49,308;2025-09-06 19:00:00.0;0,00
ALMIRANTE TAMANDARÉ;410040006A;PR;Jardim Tanguá;-25,371;-49,308;2025-09-06 20:00:00.0;0,00
ALMIRANTE TAMANDARÉ;410040006A;PR;Jardim Tanguá;-25,371;-49,308;2025-09-06 21:00:00.0;0,00
ALMIRANTE TAMANDARÉ;410040006A;PR;Jardim Tanguá;-25,371;-49,308;2025-09-06 22:00:00.0;0,00
ALMIRANTE TAMANDARÉ;410040006A;PR;Jardim Tanguá;-25,371;-49,308;2025-09-06 23:00:00.0;0,00
ALMIRANTE TAMANDARÉ;410040006A;PR;Jardim Tanguá;-25,371;-49,308;2025-09-06 23:10:00.0;0,20
ALMIRANTE TAMANDARÉ;410040006A;PR;Jardim Tanguá;-25,371;-49,308;2025-09-06 23:30:00.0;0,20
ALMIRANTE TAMANDARÉ;410040006A;PR;Jardim Tanguá;-25,371;-49,308;2025-09-07 00:00:00.0;0,00
ALMIRANTE TAMANDARÉ;410040006A;PR;Jardim Tanguá;-25,371;-49,308;2025-09-07 01:00:00.0;0,00
ALMIRANTE TAMANDARÉ;410040006A;PR;Jardim Tanguá;-25,371;-49,308;2025-09-07 02:00:00.0;0,00
ALMIRANTE TAMANDARÉ;410040006A;PR;Jardim Tanguá;-25,371;-49,308;2025-09-07 03:00:00.0;0,00
ALMIRANTE TAMANDARÉ;410040006A;PR;Jardim Tanguá;-25,371;-49,308;2025-09-07 04:00:00.0;0,00
ALMIRANTE TAMANDARÉ;410040006A;PR;Jardim Tanguá;-25,371;-49,308;2025-09-07 05:00:00.0;0,00
ALMIRANTE TAMANDARÉ;410040006A;PR;Jardim Tanguá;-25,371;-49,308;2025-09-07 06:00:00.0;0,00
ALMIRANTE TAMANDARÉ;410040006A;PR;Jardim Tanguá;-25,371;-49,308;2025-09-07 07:00:00.0;0,00
ALMIRANTE TAMANDARÉ;410040006A;PR;Jardim Tanguá;-25,371;-49,308;2025-09-07 08:00:00.0;0,00
ALMIRANTE TAMANDARÉ;410040006A;PR;Jardim Tanguá;-25,371;-49,308;2025-09-07 09:00:00.0;0,00
ALMIRANTE TAMANDARÉ;410040006A;PR;Jardim Tanguá;-25,371;-49,308;2025-09-07 10:00:00.0;0,00
ALMIRANTE TAMANDARÉ;410040006A;PR;Jardim Tanguá;-25,371;-49,308;2025-09-07 11:00:00.0;0,00
ALMIRANTE TAMANDARÉ;410040006A;PR;Jardim Tanguá;-25,371;-49,308;2025-09-07 12:00:00.0;0,00
ALMIRANTE TAMANDARÉ;410040006A;PR;Jardim Tanguá;-25,371;-49,308;2025-09-07 13:00:00.0;0,00
ALMIRANTE TAMANDARÉ;410040006A;PR;Jardim Tanguá;-25,371;-49,308;2025-09-07 14:00:00.0;0,00
ALMIRANTE TAMANDARÉ;410040006A;PR;Jardim Tanguá;-25,371;-49,308;2025-09-07 15:00:00.0;0,00
ALMIRANTE TAMANDARÉ;410040006A;PR;Jardim Tanguá;-25,371;-49,308;2025-09-07 16:00:00.0;0,00
ALMIRANTE TAMANDARÉ;410040006A;PR;Jardim Tanguá;-25,371;-49,308;2025-09-07 17:40:00.0;0,00
ALMIRANTE TAMANDARÉ;410040006A;PR;Jardim Tanguá;-25,371;-49,308;2025-09-07 18:10:00.0;0,00
ALMIRANTE TAMANDARÉ;410040006A;PR;Jardim Tanguá;-25,371;-49,308;2025-09-07 19:00:00.0;0,00
ALMIRANTE TAMANDARÉ;410040006A;PR;Jardim Tanguá;-25,371;-49,308;2025-09-07 20:30:00.0;0,00
ALMIRANTE TAMANDARÉ;410040006A;PR;Jardim Tanguá;-25,371;-49,308;2025-09-07 21:00:00.0;0,00
ALMIRANTE TAMANDARÉ;410040006A;PR;Jardim Tanguá;-25,371;-49,308;2025-09-07 22:00:00.0;0,00
ALMIRANTE TAMANDARÉ;410040006A;PR;Jardim Tanguá;-25,371;-49,308;2025-09-07 23:10:00.0;0,00
ALMIRANTE TAMANDARÉ;410040006A;PR;Jardim Tanguá;-25,371;-49,308;2025-09-08 00:30:00.0;0,00
ALMIRANTE TAMANDARÉ;410040006A;PR;Jardim Tanguá;-25,371;-49,308;2025-09-08 01:20:00.0;0,00
ALMIRANTE TAMANDARÉ;410040006A;PR;Jardim Tanguá;-25,371;-49,308;2025-09-08 02:50:00.0;0,00
ALMIRANTE TAMANDARÉ;410040006A;PR;Jardim Tanguá;-25,371;-49,308;2025-09-08 03:00:00.0;0,00
ALMIRANTE TAMANDARÉ;410040006A;PR;Jardim Tanguá;-25,371;-49,308;2025-09-08 04:00:00.0;0,00
ALMIRANTE TAMANDARÉ;410040006A;PR;Jardim Tanguá;-25,371;-49,308;2025-09-08 05:20:00.0;0,00
ALMIRANTE TAMANDARÉ;410040006A;PR;Jardim Tanguá;-25,371;-49,308;2025-09-08 06:20:00.0;0,00
ALMIRANTE TAMANDARÉ;410040006A;PR;Jardim Tanguá;-25,371;-49,308;2025-09-08 07:00:00.0;0,00
ALMIRANTE TAMANDARÉ;410040006A;PR;Jardim Tanguá;-25,371;-49,308;2025-09-08 08:00:00.0;0,00
ALMIRANTE TAMANDARÉ;410040006A;PR;Jardim Tanguá;-25,371;-49,308;2025-09-08 09:00:00.0;0,00
ALMIRANTE TAMANDARÉ;410040006A;PR;Jardim Tanguá;-25,371;-49,308;2025-09-08 10:00:00.0;0,00
ALMIRANTE TAMANDARÉ;410040006A;PR;Jardim Tanguá;-25,371;-49,308;2025-09-08 11:00:00.0;0,00
ALMIRANTE TAMANDARÉ;410040006A;PR;Jardim Tanguá;-25,371;-49,308;2025-09-08 12:00:00.0;0,00
ALMIRANTE TAMANDARÉ;410040006A;PR;Jardim Tanguá;-25,371;-49,308;2025-09-08 13:00:00.0;0,00
ALMIRANTE TAMANDARÉ;410040006A;PR;Jardim Tanguá;-25,371;-49,308;2025-09-08 14:00:00.0;0,00
ALMIRANTE TAMANDARÉ;410040006A;PR;Jardim Tanguá;-25,371;-49,308;2025-09-08 15:00:00.0;0,00
ALMIRANTE TAMANDARÉ;410040006A;PR;Jardim Tanguá;-25,371;-49,308;2025-09-08 16:20:00.0;0,00
ALMIRANTE TAMANDARÉ;410040006A;PR;Jardim Tanguá;-25,371;-49,308;2025-09-08 16:30:00.0;13,43
ALMIRANTE TAMANDARÉ;410040006A;PR;Jardim Tanguá;-25,371;-49,308;2025-09-08 16:50:00.0;13,43
ALMIRANTE TAMANDARÉ;410040006A;PR;Jardim Tanguá;-25,371;-49,308;2025-09-08 17:00:00.0;28,11
ALMIRANTE TAMANDARÉ;410040006A;PR;Jardim Tanguá;-25,371;-49,308;2025-09-08 17:20:00.0;13,43
ALMIRANTE TAMANDARÉ;410040006A;PR;Jardim Tanguá;-25,371;-49,308;2025-09-09 07:50:00.0;0,20
ALMIRANTE TAMANDARÉ;410040006A;PR;Jardim Tanguá;-25,371;-49,308;2025-09-09 08:00:00.0;0,00
ALMIRANTE TAMANDARÉ;410040006A;PR;Jardim Tanguá;-25,371;-49,308;2025-09-09 09:00:00.0;0,00
ALMIRANTE TAMANDARÉ;410040006A;PR;Jardim Tanguá;-25,371;-49,308;2025-09-09 09:50:00.0;0,39
ALMIRANTE TAMANDARÉ;410040006A;PR;Jardim Tanguá;-25,371;-49,308;2025-09-09 10:00:00.0;0,59
ALMIRANTE TAMANDARÉ;410040006A;PR;Jardim Tanguá;-25,371;-49,308;2025-09-09 10:10:00.0;0,59
ALMIRANTE TAMANDARÉ;410040006A;PR;Jardim Tanguá;-25,371;-49,308;2025-09-09 10:20:00.0;0,79
ALMIRANTE TAMANDARÉ;410040006A;PR;Jardim Tanguá;-25,371;-49,308;2025-09-09 10:30:00.0;0,59
ALMIRANTE TAMANDARÉ;410040006A;PR;Jardim Tanguá;-25,371;-49,308;2025-09-09 10:50:00.0;0,20
ALMIRANTE TAMANDARÉ;410040006A;PR;Jardim Tanguá;-25,371;-49,308;2025-09-09 11:00:00.0;0,00
ALMIRANTE TAMANDARÉ;410040006A;PR;Jardim Tanguá;-25,371;-49,308;2025-09-09 11:10:00.0;0,20
ALMIRANTE TAMANDARÉ;410040006A;PR;Jardim Tanguá;-25,371;-49,308;2025-09-09 11:20:00.0;0,20
ALMIRANTE TAMANDARÉ;410040006A;PR;Jardim Tanguá;-25,371;-49,308;2025-09-09 12:00:00.0;0,00
ALMIRANTE TAMANDARÉ;410040006A;PR;Jardim Tanguá;-25,371;-49,308;2025-09-09 13:00:00.0;0,00
ALMIRANTE TAMANDARÉ;410040006A;PR;Jardim Tanguá;-25,371;-49,308;2025-09-09 14:00:00.0;0,00
ALMIRANTE TAMANDARÉ;410040006A;PR;Jardim Tanguá;-25,371;-49,308;2025-09-09 15:00:00.0;0,00
ALMIRANTE TAMANDARÉ;410040006A;PR;Jardim Tanguá;-25,371;-49,308;2025-09-10 19:30:00.0;0,20
ALMIRANTE TAMANDARÉ;410040006A;PR;Jardim Tanguá;-25,371;-49,308;2025-09-10 19:40:00.0;0,00
ALMIRANTE TAMANDARÉ;410040006A;PR;Jardim Tanguá;-25,371;-49,308;2025-09-10 19:50:00.0;14,64
ALMIRANTE TAMANDARÉ;410040006A;PR;Jardim Tanguá;-25,371;-49,308;2025-09-10 20:30:00.0;13,42
ALMIRANTE TAMANDARÉ;410040006A;PR;Jardim Tanguá;-25,371;-49,308;2025-09-15 15:20:00.0;0,20
ALMIRANTE TAMANDARÉ;410040006A;PR;Jardim Tanguá;-25,371;-49,308;2025-09-15 16:30:00.0;0,20
ALMIRANTE TAMANDARÉ;410040006A;PR;Jardim Tanguá;-25,371;-49,308;2025-09-15 18:00:00.0;0,00
ALMIRANTE TAMANDARÉ;410040006A;PR;Jardim Tanguá;-25,371;-49,308;2025-09-16 04:20:00.0;0,20
ALMIRANTE TAMANDARÉ;410040006A;PR;Jardim Tanguá;-25,371;-49,308;2025-09-16 05:00:00.0;0,20
ALMIRANTE TAMANDARÉ;410040006A;PR;Jardim Tanguá;-25,371;-49,308;2025-09-16 05:50:00.0;0,79
ALMIRANTE TAMANDARÉ;410040006A;PR;Jardim Tanguá;-25,371;-49,308;2025-09-16 06:00:00.0;0,20
ALMIRANTE TAMANDARÉ;410040006A;PR;Jardim Tanguá;-25,371;-49,308;2025-09-16 06:10:00.0;0,42
ALMIRANTE TAMANDARÉ;410040006A;PR;Jardim Tanguá;-25,371;-49,308;2025-09-16 06:20:00.0;0,39
ALMIRANTE TAMANDARÉ;410040006A;PR;Jardim Tanguá;-25,371;-49,308;2025-09-16 06:30:00.0;0,39
ALMIRANTE TAMANDARÉ;410040006A;PR;Jardim Tanguá;-25,371;-49,308;2025-09-16 07:00:00.0;0,00
ALMIRANTE TAMANDARÉ;410040006A;PR;Jardim Tanguá;-25,371;-49,308;2025-09-16 07:40:00.0;0,20
ALMIRANTE TAMANDARÉ;410040006A;PR;Jardim Tanguá;-25,371;-49,308;2025-09-16 08:00:00.0;0,00
ALMIRANTE TAMANDARÉ;410040006A;PR;Jardim Tanguá;-25,371;-49,308;2025-09-16 09:00:00.0;0,00
ALMIRANTE TAMANDARÉ;410040006A;PR;Jardim Tanguá;-25,371;-49,308;2025-09-16 10:00:00.0;0,00
ALMIRANTE TAMANDARÉ;410040006A;PR;Jardim Tanguá;-25,371;-49,308;2025-09-16 11:00:00.0;0,00
ALMIRANTE TAMANDARÉ;410040006A;PR;Jardim Tanguá;-25,371;-49,308;2025-09-16 12:00:00.0;0,00
ALMIRANTE TAMANDARÉ;410040006A;PR;Jardim Tanguá;-25,371;-49,308;2025-09-16 13:00:00.0;0,00
ALMIRANTE TAMANDARÉ;410040006A;PR;Jardim Tanguá;-25,371;-49,308;2025-09-16 14:00:00.0;0,00
ALMIRANTE TAMANDARÉ;410040006A;PR;Jardim Tanguá;-25,371;-49,308;2025-09-16 15:00:00.0;0,00
ALMIRANTE TAMANDARÉ;410040006A;PR;Jardim Tanguá;-25,371;-49,308;2025-09-16 16:20:00.0;0,20
ALMIRANTE TAMANDARÉ;410040006A;PR;Jardim Tanguá;-25,371;-49,308;2025-09-16 17:10:00.0;6,71
ALMIRANTE TAMANDARÉ;410040006A;PR;Jardim Tanguá;-25,371;-49,308;2025-09-16 17:20:00.0;40,28
ALMIRANTE TAMANDARÉ;410040006A;PR;Jardim Tanguá;-25,371;-49,308;2025-09-16 17:50:00.0;0,20
ALMIRANTE TAMANDARÉ;410040006A;PR;Jardim Tanguá;-25,371;-49,308;2025-09-18 02:10:00.0;0,20
ALMIRANTE TAMANDARÉ;410040006A;PR;Jardim Tanguá;-25,371;-49,308;2025-09-18 04:00:00.0;0,20
ALMIRANTE TAMANDARÉ;410040006A;PR;Jardim Tanguá;-25,371;-49,308;2025-09-18 06:00:00.0;0,00
ALMIRANTE TAMANDARÉ;410040006A;PR;Jardim Tanguá;-25,371;-49,308;2025-09-18 07:50:00.0;0,00
ALMIRANTE TAMANDARÉ;410040006A;PR;Jardim Tanguá;-25,371;-49,308;2025-09-18 08:20:00.0;0,00
ALMIRANTE TAMANDARÉ;410040006A;PR;Jardim Tanguá;-25,371;-49,308;2025-09-18 09:00:00.0;0,00
ALMIRANTE TAMANDARÉ;410040006A;PR;Jardim Tanguá;-25,371;-49,308;2025-09-18 09:50:00.0;0,20
ALMIRANTE TAMANDARÉ;410040006A;PR;Jardim Tanguá;-25,371;-49,308;2025-09-18 10:00:00.0;0,00
ALMIRANTE TAMANDARÉ;410040006A;PR;Jardim Tanguá;-25,371;-49,308;2025-09-18 11:00:00.0;0,00
ALMIRANTE TAMANDARÉ;410040006A;PR;Jardim Tanguá;-25,371;-49,308;2025-09-18 12:00:00.0;0,00
ALMIRANTE TAMANDARÉ;410040006A;PR;Jardim Tanguá;-25,371;-49,308;2025-09-18 13:00:00.0;0,00
ALMIRANTE TAMANDARÉ;410040006A;PR;Jardim Tanguá;-25,371;-49,308;2025-09-18 14:00:00.0;0,00
ALMIRANTE TAMANDARÉ;410040006A;PR;Jardim Tanguá;-25,371;-49,308;2025-09-18 15:00:00.0;0,00
ALMIRANTE TAMANDARÉ;410040006A;PR;Jardim Tanguá;-25,371;-49,308;2025-09-19 16:50:00.0;6,71
ALMIRANTE TAMANDARÉ;410040006A;PR;Jardim Tanguá;-25,371;-49,308;2025-09-19 17:10:00.0;40,60
ALMIRANTE TAMANDARÉ;410040006A;PR;Jardim Tanguá;-25,371;-49,308;2025-09-19 17:20:00.0;6,72
ALMIRANTE TAMANDARÉ;410040006A;PR;Jardim Tanguá;-25,371;-49,308;2025-09-19 17:40:00.0;0,00
ALMIRANTE TAMANDARÉ;410040006A;PR;Jardim Tanguá;-25,371;-49,308;2025-09-19 21:10:00.0;6,71
ALMIRANTE TAMANDARÉ;410040006A;PR;Jardim Tanguá;-25,371;-49,308;2025-09-21 13:00:00.0;0,20
ALMIRANTE TAMANDARÉ;410040006A;PR;Jardim Tanguá;-25,371;-49,308;2025-09-21 13:10:00.0;0,00
ALMIRANTE TAMANDARÉ;410040006A;PR;Jardim Tanguá;-25,371;-49,308;2025-09-21 17:30:00.0;54,55
ALMIRANTE TAMANDARÉ;410040006A;PR;Jardim Tanguá;-25,371;-49,308;2025-09-21 17:40:00.0;1,68
ALMIRANTE TAMANDARÉ;410040006A;PR;Jardim Tanguá;-25,371;-49,308;2025-09-21 19:20:00.0;2,17
ALMIRANTE TAMANDARÉ;410040006A;PR;Jardim Tanguá;-25,371;-49,308;2025-09-21 19:30:00.0;0,98
ALMIRANTE TAMANDARÉ;410040006A;PR;Jardim Tanguá;-25,371;-49,308;2025-09-21 19:40:00.0;0,20
ALMIRANTE TAMANDARÉ;410040006A;PR;Jardim Tanguá;-25,371;-49,308;2025-09-21 20:00:00.0;0,59
ALMIRANTE TAMANDARÉ;410040006A;PR;Jardim Tanguá;-25,371;-49,308;2025-09-21 20:10:00.0;0,20
ALMIRANTE TAMANDARÉ;410040006A;PR;Jardim Tanguá;-25,371;-49,308;2025-09-21 20:30:00.0;0,20
ALMIRANTE TAMANDARÉ;410040006A;PR;Jardim Tanguá;-25,371;-49,308;2025-09-21 21:00:00.0;0,20
ALMIRANTE TAMANDARÉ;410040006A;PR;Jardim Tanguá;-25,371;-49,308;2025-09-21 22:00:00.0;0,00
ALMIRANTE TAMANDARÉ;410040006A;PR;Jardim Tanguá;-25,371;-49,308;2025-09-21 23:00:00.0;0,00
ALMIRANTE TAMANDARÉ;410040006A;PR;Jardim Tanguá;-25,371;-49,308;2025-09-22 00:00:00.0;0,00
ALMIRANTE TAMANDARÉ;410040006A;PR;Jardim Tanguá;-25,371;-49,308;2025-09-22 01:00:00.0;0,00
ALMIRANTE TAMANDARÉ;410040006A;PR;Jardim Tanguá;-25,371;-49,308;2025-09-22 02:00:00.0;0,00
ALMIRANTE TAMANDARÉ;410040006A;PR;Jardim Tanguá;-25,371;-49,308;2025-09-22 03:00:00.0;0,20
ALMIRANTE TAMANDARÉ;410040006A;PR;Jardim Tanguá;-25,371;-49,308;2025-09-22 04:00:00.0;0,00
ALMIRANTE TAMANDARÉ;410040006A;PR;Jardim Tanguá;-25,371;-49,308;2025-09-22 05:00:00.0;0,00
ALMIRANTE TAMANDARÉ;410040006A;PR;Jardim Tanguá;-25,371;-49,308;2025-09-22 06:00:00.0;0,20
ALMIRANTE TAMANDARÉ;410040006A;PR;Jardim Tanguá;-25,371;-49,308;2025-09-22 06:40:00.0;0,20
ALMIRANTE TAMANDARÉ;410040006A;PR;Jardim Tanguá;-25,371;-49,308;2025-09-22 07:00:00.0;0,00
ALMIRANTE TAMANDARÉ;410040006A;PR;Jardim Tanguá;-25,371;-49,308;2025-09-22 07:10:00.0;2,36
ALMIRANTE TAMANDARÉ;410040006A;PR;Jardim Tanguá;-25,371;-49,308;2025-09-22 07:40:00.0;0,20
ALMIRANTE TAMANDARÉ;410040006A;PR;Jardim Tanguá;-25,371;-49,308;2025-09-22 08:00:00.0;3,35
ALMIRANTE TAMANDARÉ;410040006A;PR;Jardim Tanguá;-25,371;-49,308;2025-09-22 08:10:00.0;3,94
ALMIRANTE TAMANDARÉ;410040006A;PR;Jardim Tanguá;-25,371;-49,308;2025-09-22 08:20:00.0;0,39
ALMIRANTE TAMANDARÉ;410040006A;PR;Jardim Tanguá;-25,371;-49,308;2025-09-22 08:40:00.0;0,20
ALMIRANTE TAMANDARÉ;410040006A;PR;Jardim Tanguá;-25,371;-49,308;2025-09-22 09:00:00.0;0,00
ALMIRANTE TAMANDARÉ;410040006A;PR;Jardim Tanguá;-25,371;-49,308;2025-09-22 10:00:00.0;0,00
ALMIRANTE TAMANDARÉ;410040006A;PR;Jardim Tanguá;-25,371;-49,308;2025-09-22 10:10:00.0;0,20
ALMIRANTE TAMANDARÉ;410040006A;PR;Jardim Tanguá;-25,371;-49,308;2025-09-22 10:40:00.0;0,20
ALMIRANTE TAMANDARÉ;410040006A;PR;Jardim Tanguá;-25,371;-49,308;2025-09-22 10:50:00.0;0,20
ALMIRANTE TAMANDARÉ;410040006A;PR;Jardim Tanguá;-25,371;-49,308;2025-09-22 11:00:00.0;0,20
ALMIRANTE TAMANDARÉ;410040006A;PR;Jardim Tanguá;-25,371;-49,308;2025-09-22 11:10:00.0;0,59
ALMIRANTE TAMANDARÉ;410040006A;PR;Jardim Tanguá;-25,371;-49,308;2025-09-22 11:20:00.0;0,98
ALMIRANTE TAMANDARÉ;410040006A;PR;Jardim Tanguá;-25,371;-49,308;2025-09-22 11:30:00.0;0,98
ALMIRANTE TAMANDARÉ;410040006A;PR;Jardim Tanguá;-25,371;-49,308;2025-09-22 11:40:00.0;0,79
ALMIRANTE TAMANDARÉ;410040006A;PR;Jardim Tanguá;-25,371;-49,308;2025-09-22 11:50:00.0;0,59
ALMIRANTE TAMANDARÉ;410040006A;PR;Jardim Tanguá;-25,371;-49,308;2025-09-22 12:00:00.0;0,79
ALMIRANTE TAMANDARÉ;410040006A;PR;Jardim Tanguá;-25,371;-49,308;2025-09-22 12:10:00.0;0,79
ALMIRANTE TAMANDARÉ;410040006A;PR;Jardim Tanguá;-25,371;-49,308;2025-09-22 12:20:00.0;0,39
ALMIRANTE TAMANDARÉ;410040006A;PR;Jardim Tanguá;-25,371;-49,308;2025-09-22 12:30:00.0;0,79
ALMIRANTE TAMANDARÉ;410040006A;PR;Jardim Tanguá;-25,371;-49,308;2025-09-22 12:40:00.0;0,79
ALMIRANTE TAMANDARÉ;410040006A;PR;Jardim Tanguá;-25,371;-49,308;2025-09-22 12:50:00.0;0,98
ALMIRANTE TAMANDARÉ;410040006A;PR;Jardim Tanguá;-25,371;-49,308;2025-09-22 13:00:00.0;0,39
ALMIRANTE TAMANDARÉ;410040006A;PR;Jardim Tanguá;-25,371;-49,308;2025-09-22 13:10:00.0;0,79
ALMIRANTE TAMANDARÉ;410040006A;PR;Jardim Tanguá;-25,371;-49,308;2025-09-22 13:20:00.0;0,98
ALMIRANTE TAMANDARÉ;410040006A;PR;Jardim Tanguá;-25,371;-49,308;2025-09-22 13:30:00.0;0,98
ALMIRANTE TAMANDARÉ;410040006A;PR;Jardim Tanguá;-25,371;-49,308;2025-09-22 13:40:00.0;0,98
ALMIRANTE TAMANDARÉ;410040006A;PR;Jardim Tanguá;-25,371;-49,308;2025-09-22 13:50:00.0;1,77
ALMIRANTE TAMANDARÉ;410040006A;PR;Jardim Tanguá;-25,371;-49,308;2025-09-22 14:00:00.0;1,18
ALMIRANTE TAMANDARÉ;410040006A;PR;Jardim Tanguá;-25,371;-49,308;2025-09-22 14:10:00.0;1,37
ALMIRANTE TAMANDARÉ;410040006A;PR;Jardim Tanguá;-25,371;-49,308;2025-09-22 14:20:00.0;0,98
ALMIRANTE TAMANDARÉ;410040006A;PR;Jardim Tanguá;-25,371;-49,308;2025-09-22 14:30:00.0;0,98
ALMIRANTE TAMANDARÉ;410040006A;PR;Jardim Tanguá;-25,371;-49,308;2025-09-22 14:40:00.0;0,98
ALMIRANTE TAMANDARÉ;410040006A;PR;Jardim Tanguá;-25,371;-49,308;2025-09-22 14:50:00.0;1,18
ALMIRANTE TAMANDARÉ;410040006A;PR;Jardim Tanguá;-25,371;-49,308;2025-09-22 15:00:00.0;3,15
ALMIRANTE TAMANDARÉ;410040006A;PR;Jardim Tanguá;-25,371;-49,308;2025-09-22 15:10:00.0;1,18
ALMIRANTE TAMANDARÉ;410040006A;PR;Jardim Tanguá;-25,371;-49,308;2025-09-22 15:20:00.0;0,59
ALMIRANTE TAMANDARÉ;410040006A;PR;Jardim Tanguá;-25,371;-49,308;2025-09-22 15:30:00.0;0,20
ALMIRANTE TAMANDARÉ;410040006A;PR;Jardim Tanguá;-25,371;-49,308;2025-09-22 16:00:00.0;0,00
ALMIRANTE TAMANDARÉ;410040006A;PR;Jardim Tanguá;-25,371;-49,308;2025-09-22 17:00:00.0;0,00
ALMIRANTE TAMANDARÉ;410040006A;PR;Jardim Tanguá;-25,371;-49,308;2025-09-22 17:10:00.0;0,20
ALMIRANTE TAMANDARÉ;410040006A;PR;Jardim Tanguá;-25,371;-49,308;2025-09-22 18:00:00.0;0,00
ALMIRANTE TAMANDARÉ;410040006A;PR;Jardim Tanguá;-25,371;-49,308;2025-09-22 19:00:00.0;0,00
ALMIRANTE TAMANDARÉ;410040006A;PR;Jardim Tanguá;-25,371;-49,308;2025-09-22 20:00:00.0;0,00
ALMIRANTE TAMANDARÉ;410040006A;PR;Jardim Tanguá;-25,371;-49,308;2025-09-22 21:00:00.0;0,00
ALMIRANTE TAMANDARÉ;410040006A;PR;Jardim Tanguá;-25,371;-49,308;2025-09-22 22:00:00.0;0,00
ALMIRANTE TAMANDARÉ;410040006A;PR;Jardim Tanguá;-25,371;-49,308;2025-09-22 23:00:00.0;0,00
ALMIRANTE TAMANDARÉ;410040006A;PR;Jardim Tanguá;-25,371;-49,308;2025-09-23 00:00:00.0;0,00
ALMIRANTE TAMANDARÉ;410040006A;PR;Jardim Tanguá;-25,371;-49,308;2025-09-23 01:00:00.0;0,00
ALMIRANTE TAMANDARÉ;410040006A;PR;Jardim Tanguá;-25,371;-49,308;2025-09-23 02:00:00.0;0,00
ALMIRANTE TAMANDARÉ;410040006A;PR;Jardim Tanguá;-25,371;-49,308;2025-09-23 03:00:00.0;0,00
ALMIRANTE TAMANDARÉ;410040006A;PR;Jardim Tanguá;-25,371;-49,308;2025-09-23 04:00:00.0;0,00
ALMIRANTE TAMANDARÉ;410040006A;PR;Jardim Tanguá;-25,371;-49,308;2025-09-23 05:00:00.0;0,00
ALMIRANTE TAMANDARÉ;410040006A;PR;Jardim Tanguá;-25,371;-49,308;2025-09-23 06:00:00.0;0,00
ALMIRANTE TAMANDARÉ;410040006A;PR;Jardim Tanguá;-25,371;-49,308;2025-09-23 07:00:00.0;0,00
ALMIRANTE TAMANDARÉ;410040006A;PR;Jardim Tanguá;-25,371;-49,308;2025-09-23 08:00:00.0;0,00
ALMIRANTE TAMANDARÉ;410040006A;PR;Jardim Tanguá;-25,371;-49,308;2025-09-23 09:00:00.0;0,00
ALMIRANTE TAMANDARÉ;410040006A;PR;Jardim Tanguá;-25,371;-49,308;2025-09-23 10:00:00.0;0,00
ALMIRANTE TAMANDARÉ;410040006A;PR;Jardim Tanguá;-25,371;-49,308;2025-09-23 11:00:00.0;0,00
ALMIRANTE TAMANDARÉ;410040006A;PR;Jardim Tanguá;-25,371;-49,308;2025-09-23 12:00:00.0;0,00
ALMIRANTE TAMANDARÉ;410040006A;PR;Jardim Tanguá;-25,371;-49,308;2025-09-23 13:00:00.0;0,00
ALMIRANTE TAMANDARÉ;410040006A;PR;Jardim Tanguá;-25,371;-49,308;2025-09-23 14:00:00.0;0,00
ALMIRANTE TAMANDARÉ;410040006A;PR;Jardim Tanguá;-25,371;-49,308;2025-09-23 15:00:00.0;0,00
ALMIRANTE TAMANDARÉ;410040006A;PR;Jardim Tanguá;-25,371;-49,308;2025-09-25 10:30:00.0;0,20
ALMIRANTE TAMANDARÉ;410040006A;PR;Jardim Tanguá;-25,371;-49,308;2025-09-25 10:50:00.0;0,20
ALMIRANTE TAMANDARÉ;410040006A;PR;Jardim Tanguá;-25,371;-49,308;2025-09-25 11:00:00.0;0,00
ALMIRANTE TAMANDARÉ;410040006A;PR;Jardim Tanguá;-25,371;-49,308;2025-09-25 12:00:00.0;0,00
ALMIRANTE TAMANDARÉ;410040006A;PR;Jardim Tanguá;-25,371;-49,308;2025-09-25 13:00:00.0;0,00
ALMIRANTE TAMANDARÉ;410040006A;PR;Jardim Tanguá;-25,371;-49,308;2025-09-25 14:00:00.0;0,00
ALMIRANTE TAMANDARÉ;410040006A;PR;Jardim Tanguá;-25,371;-49,308;2025-09-25 14:20:00.0;0,20
ALMIRANTE TAMANDARÉ;410040006A;PR;Jardim Tanguá;-25,371;-49,308;2025-09-25 15:00:00.0;0,00
ALMIRANTE TAMANDARÉ;410040006A;PR;Jardim Tanguá;-25,371;-49,308;2025-09-25 16:00:00.0;0,00
ALMIRANTE TAMANDARÉ;410040006A;PR;Jardim Tanguá;-25,371;-49,308;2025-09-25 17:00:00.0;0,00
ALMIRANTE TAMANDARÉ;410040006A;PR;Jardim Tanguá;-25,371;-49,308;2025-09-25 18:00:00.0;0,00
ALMIRANTE TAMANDARÉ;410040006A;PR;Jardim Tanguá;-25,371;-49,308;2025-09-25 19:00:00.0;0,00
ALMIRANTE TAMANDARÉ;410040006A;PR;Jardim Tanguá;-25,371;-49,308;2025-09-25 20:00:00.0;0,00
ALMIRANTE TAMANDARÉ;410040006A;PR;Jardim Tanguá;-25,371;-49,308;2025-09-25 21:00:00.0;0,00
ALMIRANTE TAMANDARÉ;410040006A;PR;Jardim Tanguá;-25,371;-49,308;2025-09-25 22:00:00.0;0,00
ALMIRANTE TAMANDARÉ;410040006A;PR;Jardim Tanguá;-25,371;-49,308;2025-09-25 23:00:00.0;0,00
ALMIRANTE TAMANDARÉ;410040006A;PR;Jardim Tanguá;-25,371;-49,308;2025-09-26 00:00:00.0;0,00
ALMIRANTE TAMANDARÉ;410040006A;PR;Jardim Tanguá;-25,371;-49,308;2025-09-26 01:00:00.0;0,00
ALMIRANTE TAMANDARÉ;410040006A;PR;Jardim Tanguá;-25,371;-49,308;2025-09-26 01:20:00.0;0,20
ALMIRANTE TAMANDARÉ;410040006A;PR;Jardim Tanguá;-25,371;-49,308;2025-09-26 02:00:00.0;0,00
ALMIRANTE TAMANDARÉ;410040006A;PR;Jardim Tanguá;-25,371;-49,308;2025-09-26 03:00:00.0;0,00
ALMIRANTE TAMANDARÉ;410040006A;PR;Jardim Tanguá;-25,371;-49,308;2025-09-26 03:40:00.0;0,20
ALMIRANTE TAMANDARÉ;410040006A;PR;Jardim Tanguá;-25,371;-49,308;2025-09-26 04:00:00.0;0,00
ALMIRANTE TAMANDARÉ;410040006A;PR;Jardim Tanguá;-25,371;-49,308;2025-09-26 04:50:00.0;0,20
ALMIRANTE TAMANDARÉ;410040006A;PR;Jardim Tanguá;-25,371;-49,308;2025-09-26 05:30:00.0;0,20
ALMIRANTE TAMANDARÉ;410040006A;PR;Jardim Tanguá;-25,371;-49,308;2025-09-26 06:00:00.0;0,00
ALMIRANTE TAMANDARÉ;410040006A;PR;Jardim Tanguá;-25,371;-49,308;2025-09-26 06:20:00.0;0,20
ALMIRANTE TAMANDARÉ;410040006A;PR;Jardim Tanguá;-25,371;-49,308;2025-09-26 07:00:00.0;0,00
ALMIRANTE TAMANDARÉ;410040006A;PR;Jardim Tanguá;-25,371;-49,308;2025-09-26 07:10:00.0;0,20
ALMIRANTE TAMANDARÉ;410040006A;PR;Jardim Tanguá;-25,371;-49,308;2025-09-26 07:20:00.0;0,20
ALMIRANTE TAMANDARÉ;410040006A;PR;Jardim Tanguá;-25,371;-49,308;2025-09-26 07:50:00.0;0,20
ALMIRANTE TAMANDARÉ;410040006A;PR;Jardim Tanguá;-25,371;-49,308;2025-09-26 08:00:00.0;0,00
ALMIRANTE TAMANDARÉ;410040006A;PR;Jardim Tanguá;-25,371;-49,308;2025-09-26 09:00:00.0;0,20
ALMIRANTE TAMANDARÉ;410040006A;PR;Jardim Tanguá;-25,371;-49,308;2025-09-26 09:40:00.0;0,20
ALMIRANTE TAMANDARÉ;410040006A;PR;Jardim Tanguá;-25,371;-49,308;2025-09-26 10:00:00.0;0,00
ALMIRANTE TAMANDARÉ;410040006A;PR;Jardim Tanguá;-25,371;-49,308;2025-09-26 10:10:00.0;0,20
ALMIRANTE TAMANDARÉ;410040006A;PR;Jardim Tanguá;-25,371;-49,308;2025-09-26 11:00:00.0;0,00
ALMIRANTE TAMANDARÉ;410040006A;PR;Jardim Tanguá;-25,371;-49,308;2025-09-26 12:00:00.0;0,00
ALMIRANTE TAMANDARÉ;410040006A;PR;Jardim Tanguá;-25,371;-49,308;2025-09-26 13:00:00.0;0,00
ALMIRANTE TAMANDARÉ;410040006A;PR;Jardim Tanguá;-25,371;-49,308;2025-09-26 14:00:00.0;0,00
ALMIRANTE TAMANDARÉ;410040006A;PR;Jardim Tanguá;-25,371;-49,308;2025-09-26 15:00:00.0;0,00
ALMIRANTE TAMANDARÉ;410040006A;PR;Jardim Tanguá;-25,371;-49,308;2025-09-26 16:00:00.0;0,00
ALMIRANTE TAMANDARÉ;410040006A;PR;Jardim Tanguá;-25,371;-49,308;2025-09-26 17:00:00.0;0,00
ALMIRANTE TAMANDARÉ;410040006A;PR;Jardim Tanguá;-25,371;-49,308;2025-09-26 18:00:00.0;0,00
ALMIRANTE TAMANDARÉ;410040006A;PR;Jardim Tanguá;-25,371;-49,308;2025-09-26 19:00:00.0;0,00
ALMIRANTE TAMANDARÉ;410040006A;PR;Jardim Tanguá;-25,371;-49,308;2025-09-26 20:00:00.0;0,00
ALMIRANTE TAMANDARÉ;410040006A;PR;Jardim Tanguá;-25,371;-49,308;2025-09-26 21:00:00.0;0,00
ALMIRANTE TAMANDARÉ;410040006A;PR;Jardim Tanguá;-25,371;-49,308;2025-09-26 22:00:00.0;0,00
ALMIRANTE TAMANDARÉ;410040006A;PR;Jardim Tanguá;-25,371;-49,308;2025-09-26 22:40:00.0;0,20
ALMIRANTE TAMANDARÉ;410040006A;PR;Jardim Tanguá;-25,371;-49,308;2025-09-26 23:00:00.0;0,00
ALMIRANTE TAMANDARÉ;410040006A;PR;Jardim Tanguá;-25,371;-49,308;2025-09-27 00:00:00.0;0,00
ALMIRANTE TAMANDARÉ;410040006A;PR;Jardim Tanguá;-25,371;-49,308;2025-09-27 01:00:00.0;0,00
ALMIRANTE TAMANDARÉ;410040006A;PR;Jardim Tanguá;-25,371;-49,308;2025-09-27 02:00:00.0;0,00
ALMIRANTE TAMANDARÉ;410040006A;PR;Jardim Tanguá;-25,371;-49,308;2025-09-27 03:00:00.0;0,00
ALMIRANTE TAMANDARÉ;410040006A;PR;Jardim Tanguá;-25,371;-49,308;2025-09-27 04:00:00.0;0,00
ALMIRANTE TAMANDARÉ;410040006A;PR;Jardim Tanguá;-25,371;-49,308;2025-09-27 05:00:00.0;0,00
ALMIRANTE TAMANDARÉ;410040006A;PR;Jardim Tanguá;-25,371;-49,308;2025-09-27 06:00:00.0;0,00
ALMIRANTE TAMANDARÉ;410040006A;PR;Jardim Tanguá;-25,371;-49,308;2025-09-27 07:00:00.0;0,00
ALMIRANTE TAMANDARÉ;410040006A;PR;Jardim Tanguá;-25,371;-49,308;2025-09-27 08:00:00.0;0,00
ALMIRANTE TAMANDARÉ;410040006A;PR;Jardim Tanguá;-25,371;-49,308;2025-09-27 09:00:00.0;0,00
ALMIRANTE TAMANDARÉ;410040006A;PR;Jardim Tanguá;-25,371;-49,308;2025-09-27 10:00:00.0;0,00
ALMIRANTE TAMANDARÉ;410040006A;PR;Jardim Tanguá;-25,371;-49,308;2025-09-27 11:00:00.0;0,00
ALMIRANTE TAMANDARÉ;410040006A;PR;Jardim Tanguá;-25,371;-49,308;2025-09-27 12:00:00.0;0,00
ALMIRANTE TAMANDARÉ;410040006A;PR;Jardim Tanguá;-25,371;-49,308;2025-09-27 13:00:00.0;0,00
ALMIRANTE TAMANDARÉ;410040006A;PR;Jardim Tanguá;-25,371;-49,308;2025-09-27 14:00:00.0;0,00
ALMIRANTE TAMANDARÉ;410040006A;PR;Jardim Tanguá;-25,371;-49,308;2025-09-27 15:00:00.0;0,00
ALMIRANTE TAMANDARÉ;410040006A;PR;Jardim Tanguá;-25,371;-49,308;2025-09-27 15:40:00.0;13,43
ALMIRANTE TAMANDARÉ;410040006A;PR;Jardim Tanguá;-25,371;-49,308;2025-09-27 15:50:00.0;0,20
ALMIRANTE TAMANDARÉ;410040006A;PR;Jardim Tanguá;-25,371;-49,308;2025-09-27 16:10:00.0;0,20
ALMIRANTE TAMANDARÉ;410040006A;PR;Jardim Tanguá;-25,371;-49,308;2025-09-27 18:00:00.0;0,00
ALMIRANTE TAMANDARÉ;410040006A;PR;Jardim Tanguá;-25,371;-49,308;2025-09-27 19:00:00.0;0,00
ALMIRANTE TAMANDARÉ;410040006A;PR;Jardim Tanguá;-25,371;-49,308;2025-09-27 20:00:00.0;0,00
ALMIRANTE TAMANDARÉ;410040006A;PR;Jardim Tanguá;-25,371;-49,308;2025-09-27 21:00:00.0;0,00
ALMIRANTE TAMANDARÉ;410040006A;PR;Jardim Tanguá;-25,371;-49,308;2025-09-27 22:00:00.0;0,00
ALMIRANTE TAMANDARÉ;410040006A;PR;Jardim Tanguá;-25,371;-49,308;2025-09-27 23:00:00.0;0,00
ALMIRANTE TAMANDARÉ;410040006A;PR;Jardim Tanguá;-25,371;-49,308;2025-09-28 00:00:00.0;0,00
ALMIRANTE TAMANDARÉ;410040006A;PR;Jardim Tanguá;-25,371;-49,308;2025-09-28 01:00:00.0;0,00
ALMIRANTE TAMANDARÉ;410040006A;PR;Jardim Tanguá;-25,371;-49,308;2025-09-28 02:00:00.0;0,00
ALMIRANTE TAMANDARÉ;410040006A;PR;Jardim Tanguá;-25,371;-49,308;2025-09-28 03:00:00.0;0,00
ALMIRANTE TAMANDARÉ;410040006A;PR;Jardim Tanguá;-25,371;-49,308;2025-09-28 04:00:00.0;0,00
ALMIRANTE TAMANDARÉ;410040006A;PR;Jardim Tanguá;-25,371;-49,308;2025-09-28 05:00:00.0;0,00
ALMIRANTE TAMANDARÉ;410040006A;PR;Jardim Tanguá;-25,371;-49,308;2025-09-28 06:00:00.0;0,00
ALMIRANTE TAMANDARÉ;410040006A;PR;Jardim Tanguá;-25,371;-49,308;2025-09-28 07:00:00.0;0,00
ALMIRANTE TAMANDARÉ;410040006A;PR;Jardim Tanguá;-25,371;-49,308;2025-09-28 08:00:00.0;0,00
ALMIRANTE TAMANDARÉ;410040006A;PR;Jardim Tanguá;-25,371;-49,308;2025-09-28 09:00:00.0;0,00
ALMIRANTE TAMANDARÉ;410040006A;PR;Jardim Tanguá;-25,371;-49,308;2025-09-28 10:00:00.0;0,00
ALMIRANTE TAMANDARÉ;410040006A;PR;Jardim Tanguá;-25,371;-49,308;2025-09-28 11:00:00.0;0,00
ALMIRANTE TAMANDARÉ;410040006A;PR;Jardim Tanguá;-25,371;-49,308;2025-09-28 12:00:00.0;0,00
ALMIRANTE TAMANDARÉ;410040006A;PR;Jardim Tanguá;-25,371;-49,308;2025-09-28 13:00:00.0;0,00
ALMIRANTE TAMANDARÉ;410040006A;PR;Jardim Tanguá;-25,371;-49,308;2025-09-28 14:00:00.0;0,00
ALMIRANTE TAMANDARÉ;410040006A;PR;Jardim Tanguá;-25,371;-49,308;2025-09-28 15:00:00.0;0,00
ALMIRANTE TAMANDARÉ;410040006A;PR;Jardim Tanguá;-25,371;-49,308;2025-09-28 16:00:00.0;0,00
ALMIRANTE TAMANDARÉ;410040006A;PR;Jardim Tanguá;-25,371;-49,308;2025-09-28 17:00:00.0;0,00
ALMIRANTE TAMANDARÉ;410040006A;PR;Jardim Tanguá;-25,371;-49,308;2025-09-28 18:00:00.0;0,00
ALMIRANTE TAMANDARÉ;410040006A;PR;Jardim Tanguá;-25,371;-49,308;2025-09-28 19:00:00.0;0,00
ALMIRANTE TAMANDARÉ;410040006A;PR;Jardim Tanguá;-25,371;-49,308;2025-09-28 20:00:00.0;0,00
ALMIRANTE TAMANDARÉ;410040006A;PR;Jardim Tanguá;-25,371;-49,308;2025-09-28 21:00:00.0;0,00
ALMIRANTE TAMANDARÉ;410040006A;PR;Jardim Tanguá;-25,371;-49,308;2025-09-28 22:00:00.0;0,00
ALMIRANTE TAMANDARÉ;410040006A;PR;Jardim Tanguá;-25,371;-49,308;2025-09-28 23:00:00.0;0,00
ALMIRANTE TAMANDARÉ;410040006A;PR;Jardim Tanguá;-25,371;-49,308;2025-09-29 00:00:00.0;0,00
ALMIRANTE TAMANDARÉ;410040006A;PR;Jardim Tanguá;-25,371;-49,308;2025-09-29 01:00:00.0;0,00
ALMIRANTE TAMANDARÉ;410040006A;PR;Jardim Tanguá;-25,371;-49,308;2025-09-29 02:00:00.0;0,00
ALMIRANTE TAMANDARÉ;410040006A;PR;Jardim Tanguá;-25,371;-49,308;2025-09-29 03:00:00.0;0,00
ALMIRANTE TAMANDARÉ;410040006A;PR;Jardim Tanguá;-25,371;-49,308;2025-09-29 04:00:00.0;0,00
ALMIRANTE TAMANDARÉ;410040006A;PR;Jardim Tanguá;-25,371;-49,308;2025-09-29 05:00:00.0;0,00
ALMIRANTE TAMANDARÉ;410040006A;PR;Jardim Tanguá;-25,371;-49,308;2025-09-29 06:00:00.0;0,00
ALMIRANTE TAMANDARÉ;410040006A;PR;Jardim Tanguá;-25,371;-49,308;2025-09-29 07:00:00.0;0,00
ALMIRANTE TAMANDARÉ;410040006A;PR;Jardim Tanguá;-25,371;-49,308;2025-09-29 08:00:00.0;0,00
ALMIRANTE TAMANDARÉ;410040006A;PR;Jardim Tanguá;-25,371;-49,308;2025-09-29 09:00:00.0;0,00
ALMIRANTE TAMANDARÉ;410040006A;PR;Jardim Tanguá;-25,371;-49,308;2025-09-29 10:00:00.0;0,00
ALMIRANTE TAMANDARÉ;410040006A;PR;Jardim Tanguá;-25,371;-49,308;2025-09-29 11:00:00.0;0,00
ALMIRANTE TAMANDARÉ;410040006A;PR;Jardim Tanguá;-25,371;-49,308;2025-09-29 12:00:00.0;0,00
ALMIRANTE TAMANDARÉ;410040006A;PR;Jardim Tanguá;-25,371;-49,308;2025-09-30 08:30:00.0;0,20
ALMIRANTE TAMANDARÉ;410040006A;PR;Jardim Tanguá;-25,371;-49,308;2025-09-30 08:40:00.0;0,79
ALMIRANTE TAMANDARÉ;410040006A;PR;Jardim Tanguá;-25,371;-49,308;2025-09-30 09:00:00.0;0,20
ALMIRANTE TAMANDARÉ;410040006A;PR;Jardim Tanguá;-25,371;-49,308;2025-09-30 10:00:00.0;0,00
ALMIRANTE TAMANDARÉ;410040006A;PR;Jardim Tanguá;-25,371;-49,308;2025-09-30 11:00:00.0;0,00
ALMIRANTE TAMANDARÉ;410040006A;PR;Jardim Tanguá;-25,371;-49,308;2025-09-30 12:00:00.0;0,00
ALMIRANTE TAMANDARÉ;410040006A;PR;Jardim Tanguá;-25,371;-49,308;2025-09-30 13:00:00.0;0,00
ALMIRANTE TAMANDARÉ;410040006A;PR;Jardim Tanguá;-25,371;-49,308;2025-09-30 13:30:00.0;114,55
ALMIRANTE TAMANDARÉ;410040006A;PR;Jardim Tanguá;-25,371;-49,308;2025-09-30 23:40:00.0;0,98
ALMIRANTE TAMANDARÉ;410040006A;PR;Jardim Tanguá;-25,371;-49,308;2025-09-30 23:50:00.0;0,79
