municipio;codEstacao;uf;nomeEstacao;latitude;longitude;datahora;valorMedida
CAMPO LARGO;410420401A;PR;Ferraria;-25,439368;-49,455266;2025-09-01 15:50:00.0;4,20
CAMPO LARGO;410420401A;PR;Ferraria;-25,439368;-49,455266;2025-09-07 20:50:00.0;0,60
CAMPO LARGO;410420401A;PR;Ferraria;-25,439368;-49,455266;2025-09-09 20:30:00.0;0,20
CAMPO LARGO;410420401A;PR;Ferraria;-25,439368;-49,455266;2025-09-09 21:00:00.0;0,20
CAMPO LARGO;410420401A;PR;Ferraria;-25,439368;-49,455266;2025-09-10 00:00:00.0;0,00
CAMPO LARGO;410420401A;PR;Ferraria;-25,439368;-49,455266;2025-09-10 01:00:00.0;0,00
CAMPO LARGO;410420401A;PR;Ferraria;-25,439368;-49,455266;2025-09-10 02:00:00.0;0,00
CAMPO LARGO;410420401A;PR;Ferraria;-25,439368;-49,455266;2025-09-10 03:00:00.0;0,00
CAMPO LARGO;410420401A;PR;Ferraria;-25,439368;-49,455266;2025-09-10 04:00:00.0;0,00
CAMPO LARGO;410420401A;PR;Ferraria;-25,439368;-49,455266;2025-09-10 05:00:00.0;0,00
CAMPO LARGO;410420401A;PR;Ferraria;-25,439368;-49,455266;2025-09-10 06:00:00.0;0,00
CAMPO LARGO;410420401A;PR;Ferraria;-25,439368;-49,455266;2025-09-10 07:00:00.0;0,00
CAMPO LARGO;410420401A;PR;Ferraria;-25,439368;-49,455266;2025-09-10 08:00:00.0;0,00
CAMPO LARGO;410420401A;PR;Ferraria;-25,439368;-49,455266;2025-09-10 09:00:00.0;0,00
CAMPO LARGO;410420401A;PR;Ferraria;-25,439368;-49,455266;2025-09-10 10:00:00.0;0,00
CAMPO LARGO;410420401A;PR;Ferraria;-25,439368;-49,455266;2025-09-10 11:00:00.0;0,00
CAMPO LARGO;410420401A;PR;Ferraria;-25,439368;-49,455266;2025-09-10 12:00:00.0;0,00
CAMPO LARGO;410420401A;PR;Ferraria;-25,439368;-49,455266;2025-09-10 13:00:00.0;0,00
CAMPO LARGO;410420401A;PR;Ferraria;-25,439368;-49,455266;2025-09-10 14:00:00.0;0,00
CAMPO LARGO;410420401A;PR;Ferraria;-25,439368;-49,455266;2025-09-10 15:00:00.0;0,00
CAMPO LARGO;410420401A;PR;Ferraria;-25,439368;-49,455266;2025-09-10 16:00:00.0;0,00
CAMPO LARGO;410420401A;PR;Ferraria;-25,439368;-49,455266;2025-09-10 17:00:00.0;0,00
CAMPO LARGO;410420401A;PR;Ferraria;-25,439368;-49,455266;2025-09-10 18:00:00.0;0,00
CAMPO LARGO;410420401A;PR;Ferraria;-25,439368;-49,455266;2025-09-10 19:00:00.0;0,00
CAMPO LARGO;410420401A;PR;Ferraria;-25,439368;-49,455266;2025-09-10 20:00:00.0;0,00
CAMPO LARGO;410420401A;PR;Ferraria;-25,439368;-49,455266;2025-09-10 21:00:00.0;0,00
CAMPO LARGO;410420401A;PR;Ferraria;-25,439368;-49,455266;2025-09-10 22:00:00.0;0,00
CAMPO LARGO;410420401A;PR;Ferraria;-25,439368;-49,455266;2025-09-10 23:00:00.0;0,00
CAMPO LARGO;410420401A;PR;Ferraria;-25,439368;-49,455266;2025-09-11 00:00:00.0;0,00
CAMPO LARGO;410420401A;PR;Ferraria;-25,439368;-49,455266;2025-09-11 01:00:00.0;0,00
CAMPO LARGO;410420401A;PR;Ferraria;-25,439368;-49,455266;2025-09-11 02:00:00.0;0,00
CAMPO LARGO;410420401A;PR;Ferraria;-25,439368;-49,455266;2025-09-11 03:00:00.0;0,00
CAMPO LARGO;410420401A;PR;Ferraria;-25,439368;-49,455266;2025-09-11 04:00:00.0;0,00
CAMPO LARGO;410420401A;PR;Ferraria;-25,439368;-49,455266;2025-09-11 05:00:00.0;0,00
CAMPO LARGO;410420401A;PR;Ferraria;-25,439368;-49,455266;2025-09-11 06:00:00.0;0,00
CAMPO LARGO;410420401A;PR;Ferraria;-25,439368;-49,455266;2025-09-11 07:00:00.0;0,00
CAMPO LARGO;410420401A;PR;Ferraria;-25,439368;-49,455266;2025-09-11 08:00:00.0;0,00
CAMPO LARGO;410420401A;PR;Ferraria;-25,439368;-49,455266;2025-09-11 09:00:00.0;0,00
CAMPO LARGO;410420401A;PR;Ferraria;-25,439368;-49,455266;2025-09-11 10:00:00.0;0,00
CAMPO LARGO;410420401A;PR;Ferraria;-25,439368;-49,455266;2025-09-11 11:00:00.0;0,00
CAMPO LARGO;410420401A;PR;Ferraria;-25,439368;-49,455266;2025-09-11 12:00:00.0;0,00
CAMPO LARGO;410420401A;PR;Ferraria;-25,439368;-49,455266;2025-09-11 13:00:00.0;0,00
CAMPO LARGO;410420401A;PR;Ferraria;-25,439368;-49,455266;2025-09-11 14:00:00.0;0,00
CAMPO LARGO;410420401A;PR;Ferraria;-25,439368;-49,455266;2025-09-11 15:00:00.0;0,00
CAMPO LARGO;410420401A;PR;Ferraria;-25,439368;-49,455266;2025-09-11 16:00:00.0;0,00
CAMPO LARGO;410420401A;PR;Ferraria;-25,439368;-49,455266;2025-09-11 17:00:00.0;0,00
CAMPO LARGO;410420401A;PR;Ferraria;-25,439368;-49,455266;2025-09-11 18:00:00.0;0,00
CAMPO LARGO;410420401A;PR;Ferraria;-25,439368;-49,455266;2025-09-11 19:00:00.0;0,00
CAMPO LARGO;410420401A;PR;Ferraria;-25,439368;-49,455266;2025-09-11 20:00:00.0;0,00
CAMPO LARGO;410420401A;PR;Ferraria;-25,439368;-49,455266;2025-09-11 21:00:00.0;0,00
CAMPO LARGO;410420401A;PR;Ferraria;-25,439368;-49,455266;2025-09-11 22:00:00.0;0,00
CAMPO LARGO;410420401A;PR;Ferraria;-25,439368;-49,455266;2025-09-11 23:00:00.0;0,00
CAMPO LARGO;410420401A;PR;Ferraria;-25,439368;-49,455266;2025-09-12 00:00:00.0;0,00
CAMPO LARGO;410420401A;PR;Ferraria;-25,439368;-49,455266;2025-09-12 01:00:00.0;0,00
CAMPO LARGO;410420401A;PR;Ferraria;-25,439368;-49,455266;2025-09-12 02:00:00.0;0,00
CAMPO LARGO;410420401A;PR;Ferraria;-25,439368;-49,455266;2025-09-12 03:00:00.0;0,00
CAMPO LARGO;410420401A;PR;Ferraria;-25,439368;-49,455266;2025-09-12 04:00:00.0;0,00
CAMPO LARGO;410420401A;PR;Ferraria;-25,439368;-49,455266;2025-09-12 05:00:00.0;0,00
CAMPO LARGO;410420401A;PR;Ferraria;-25,439368;-49,455266;2025-09-12 06:00:00.0;0,00
CAMPO LARGO;410420401A;PR;Ferraria;-25,439368;-49,455266;2025-09-12 07:00:00.0;0,00
CAMPO LARGO;410420401A;PR;Ferraria;-25,439368;-49,455266;2025-09-12 08:00:00.0;0,00
CAMPO LARGO;410420401A;PR;Ferraria;-25,439368;-49,455266;2025-09-12 09:00:00.0;0,00
CAMPO LARGO;410420401A;PR;Ferraria;-25,439368;-49,455266;2025-09-12 10:00:00.0;0,00
CAMPO LARGO;410420401A;PR;Ferraria;-25,439368;-49,455266;2025-09-12 11:00:00.0;0,00
CAMPO LARGO;410420401A;PR;Ferraria;-25,439368;-49,455266;2025-09-12 12:00:00.0;0,00
CAMPO LARGO;410420401A;PR;Ferraria;-25,439368;-49,455266;2025-09-12 13:00:00.0;0,00
CAMPO LARGO;410420401A;PR;Ferraria;-25,439368;-49,455266;2025-09-12 14:00:00.0;0,00
CAMPO LARGO;410420401A;PR;Ferraria;-25,439368;-49,455266;2025-09-12 15:00:00.0;0,00
CAMPO LARGO;410420401A;PR;Ferraria;-25,439368;-49,455266;2025-09-12 16:00:00.0;0,00
CAMPO LARGO;410420401A;PR;Ferraria;-25,439368;-49,455266;2025-09-12 17:00:00.0;0,00
CAMPO LARGO;410420401A;PR;Ferraria;-25,439368;-49,455266;2025-09-12 18:00:00.0;0,00
CAMPO LARGO;410420401A;PR;Ferraria;-25,439368;-49,455266;2025-09-12 19:00:00.0;0,00
CAMPO LARGO;410420401A;PR;Ferraria;-25,439368;-49,455266;2025-09-12 20:00:00.0;0,00
CAMPO LARGO;410420401A;PR;Ferraria;-25,439368;-49,455266;2025-09-12 21:00:00.0;0,00
CAMPO LARGO;410420401A;PR;Ferraria;-25,439368;-49,455266;2025-09-12 22:00:00.0;0,00
CAMPO LARGO;410420401A;PR;Ferraria;-25,439368;-49,455266;2025-09-12 23:00:00.0;0,00
CAMPO LARGO;410420401A;PR;Ferraria;-25,439368;-49,455266;2025-09-13 00:00:00.0;0,00
CAMPO LARGO;410420401A;PR;Ferraria;-25,439368;-49,455266;2025-09-13 01:00:00.0;0,00
CAMPO LARGO;410420401A;PR;Ferraria;-25,439368;-49,455266;2025-09-13 02:00:00.0;0,00
CAMPO LARGO;410420401A;PR;Ferraria;-25,439368;-49,455266;2025-09-13 03:00:00.0;0,00
CAMPO LARGO;410420401A;PR;Ferraria;-25,439368;-49,455266;2025-09-13 04:00:00.0;0,00
CAMPO LARGO;410420401A;PR;Ferraria;-25,439368;-49,455266;2025-09-13 05:00:00.0;0,00
CAMPO LARGO;410420401A;PR;Ferraria;-25,439368;-49,455266;2025-09-13 06:00:00.0;0,00
CAMPO LARGO;410420401A;PR;Ferraria;-25,439368;-49,455266;2025-09-13 07:00:00.0;0,00
CAMPO LARGO;410420401A;PR;Ferraria;-25,439368;-49,455266;2025-09-13 08:00:00.0;0,00
CAMPO LARGO;410420401A;PR;Ferraria;-25,439368;-49,455266;2025-09-13 09:00:00.0;0,00
CAMPO LARGO;410420401A;PR;Ferraria;-25,439368;-49,455266;2025-09-13 10:00:00.0;0,00
CAMPO LARGO;410420401A;PR;Ferraria;-25,439368;-49,455266;2025-09-13 11:00:00.0;0,00
CAMPO LARGO;410420401A;PR;Ferraria;-25,439368;-49,455266;2025-09-13 12:00:00.0;0,00
CAMPO LARGO;410420401A;PR;Ferraria;-25,439368;-49,455266;2025-09-13 13:00:00.0;0,00
CAMPO LARGO;410420401A;PR;Ferraria;-25,439368;-49,455266;2025-09-13 14:00:00.0;0,00
CAMPO LARGO;410420401A;PR;Ferraria;-25,439368;-49,455266;2025-09-13 15:00:00.0;0,00
CAMPO LARGO;410420401A;PR;Ferraria;-25,439368;-49,455266;2025-09-13 16:00:00.0;0,00
CAMPO LARGO;410420401A;PR;Ferraria;-25,439368;-49,455266;2025-09-13 17:00:00.0;0,00
CAMPO LARGO;410420401A;PR;Ferraria;-25,439368;-49,455266;2025-09-13 18:00:00.0;0,00
CAMPO LARGO;410420401A;PR;Ferraria;-25,439368;-49,455266;2025-09-13 19:00:00.0;0,00
CAMPO LARGO;410420401A;PR;Ferraria;-25,439368;-49,455266;2025-09-13 20:00:00.0;0,00
CAMPO LARGO;410420401A;PR;Ferraria;-25,439368;-49,455266;2025-09-13 21:00:00.0;0,00
CAMPO LARGO;410420401A;PR;Ferraria;-25,439368;-49,455266;2025-09-13 22:00:00.0;0,00
CAMPO LARGO;410420401A;PR;Ferraria;-25,439368;-49,455266;2025-09-13 23:00:00.0;0,00
CAMPO LARGO;410420401A;PR;Ferraria;-25,439368;-49,455266;2025-09-14 00:00:00.0;0,00
CAMPO LARGO;410420401A;PR;Ferraria;-25,439368;-49,455266;2025-09-14 01:00:00.0;0,00
CAMPO LARGO;410420401A;PR;Ferraria;-25,439368;-49,455266;2025-09-14 02:00:00.0;0,00
CAMPO LARGO;410420401A;PR;Ferraria;-25,439368;-49,455266;2025-09-14 03:00:00.0;0,00
CAMPO LARGO;410420401A;PR;Ferraria;-25,439368;-49,455266;2025-09-14 04:00:00.0;0,00
CAMPO LARGO;410420401A;PR;Ferraria;-25,439368;-49,455266;2025-09-14 05:00:00.0;0,00
CAMPO LARGO;410420401A;PR;Ferraria;-25,439368;-49,455266;2025-09-14 06:00:00.0;0,00
CAMPO LARGO;410420401A;PR;Ferraria;-25,439368;-49,455266;2025-09-14 07:00:00.0;0,00
CAMPO LARGO;410420401A;PR;Ferraria;-25,439368;-49,455266;2025-09-14 08:00:00.0;0,00
CAMPO LARGO;410420401A;PR;Ferraria;-25,439368;-49,455266;2025-09-14 09:00:00.0;0,00
CAMPO LARGO;410420401A;PR;Ferraria;-25,439368;-49,455266;2025-09-14 10:00:00.0;0,00
CAMPO LARGO;410420401A;PR;Ferraria;-25,439368;-49,455266;2025-09-14 11:00:00.0;0,00
CAMPO LARGO;410420401A;PR;Ferraria;-25,439368;-49,455266;2025-09-14 12:00:00.0;0,00
CAMPO LARGO;410420401A;PR;Ferraria;-25,439368;-49,455266;2025-09-14 13:00:00.0;0,00
CAMPO LARGO;410420401A;PR;Ferraria;-25,439368;-49,455266;2025-09-14 14:00:00.0;0,00
CAMPO LARGO;410420401A;PR;Ferraria;-25,439368;-49,455266;2025-09-14 15:00:00.0;0,00
CAMPO LARGO;410420401A;PR;Ferraria;-25,439368;-49,455266;2025-09-14 16:00:00.0;0,00
CAMPO LARGO;410420401A;PR;Ferraria;-25,439368;-49,455266;2025-09-14 17:00:00.0;0,00
CAMPO LARGO;410420401A;PR;Ferraria;-25,439368;-49,455266;2025-09-14 18:00:00.0;0,00
CAMPO LARGO;410420401A;PR;Ferraria;-25,439368;-49,455266;2025-09-14 19:00:00.0;0,00
CAMPO LARGO;410420401A;PR;Ferraria;-25,439368;-49,455266;2025-09-14 20:00:00.0;0,00
CAMPO LARGO;410420401A;PR;Ferraria;-25,439368;-49,455266;2025-09-14 21:00:00.0;0,00
CAMPO LARGO;410420401A;PR;Ferraria;-25,439368;-49,455266;2025-09-14 22:00:00.0;0,00
CAMPO LARGO;410420401A;PR;Ferraria;-25,439368;-49,455266;2025-09-14 23:00:00.0;0,00
CAMPO LARGO;410420401A;PR;Ferraria;-25,439368;-49,455266;2025-09-15 00:00:00.0;0,00
CAMPO LARGO;410420401A;PR;Ferraria;-25,439368;-49,455266;2025-09-15 01:00:00.0;0,00
CAMPO LARGO;410420401A;PR;Ferraria;-25,439368;-49,455266;2025-09-15 02:00:00.0;0,00
CAMPO LARGO;410420401A;PR;Ferraria;-25,439368;-49,455266;2025-09-15 03:00:00.0;0,00
CAMPO LARGO;410420401A;PR;Ferraria;-25,439368;-49,455266;2025-09-15 04:00:00.0;0,00
CAMPO LARGO;410420401A;PR;Ferraria;-25,439368;-49,455266;2025-09-15 05:00:00.0;0,00
CAMPO LARGO;410420401A;PR;Ferraria;-25,439368;-49,455266;2025-09-15 06:00:00.0;0,00
CAMPO LARGO;410420401A;PR;Ferraria;-25,439368;-49,455266;2025-09-15 07:00:00.0;0,00
CAMPO LARGO;410420401A;PR;Ferraria;-25,439368;-49,455266;2025-09-15 08:00:00.0;0,00
CAMPO LARGO;410420401A;PR;Ferraria;-25,439368;-49,455266;2025-09-15 09:00:00.0;0,00
CAMPO LARGO;410420401A;PR;Ferraria;-25,439368;-49,455266;2025-09-15 10:00:00.0;0,00
CAMPO LARGO;410420401A;PR;Ferraria;-25,439368;-49,455266;2025-09-15 11:00:00.0;0,00
CAMPO LARGO;410420401A;PR;Ferraria;-25,439368;-49,455266;2025-09-15 12:00:00.0;0,00
CAMPO LARGO;410420401A;PR;Ferraria;-25,439368;-49,455266;2025-09-15 13:00:00.0;0,00
CAMPO LARGO;410420401A;PR;Ferraria;-25,439368;-49,455266;2025-09-15 14:00:00.0;0,00
CAMPO LARGO;410420401A;PR;Ferraria;-25,439368;-49,455266;2025-09-15 15:00:00.0;0,00
CAMPO LARGO;410420401A;PR;Ferraria;-25,439368;-49,455266;2025-09-15 16:00:00.0;0,00
CAMPO LARGO;410420401A;PR;Ferraria;-25,439368;-49,455266;2025-09-15 17:00:00.0;0,00
CAMPO LARGO;410420401A;PR;Ferraria;-25,439368;-49,455266;2025-09-15 18:00:00.0;0,00
CAMPO LARGO;410420401A;PR;Ferraria;-25,439368;-49,455266;2025-09-15 19:00:00.0;0,00
CAMPO LARGO;410420401A;PR;Ferraria;-25,439368;-49,455266;2025-09-15 20:00:00.0;0,00
CAMPO LARGO;410420401A;PR;Ferraria;-25,439368;-49,455266;2025-09-15 21:00:00.0;0,00
CAMPO LARGO;410420401A;PR;Ferraria;-25,439368;-49,455266;2025-09-15 22:00:00.0;0,00
CAMPO LARGO;410420401A;PR;Ferraria;-25,439368;-49,455266;2025-09-15 23:00:00.0;0,00
CAMPO LARGO;410420401A;PR;Ferraria;-25,439368;-49,455266;2025-09-16 00:00:00.0;0,00
CAMPO LARGO;410420401A;PR;Ferraria;-25,439368;-49,455266;2025-09-16 01:00:00.0;0,00
CAMPO LARGO;410420401A;PR;Ferraria;-25,439368;-49,455266;2025-09-16 02:00:00.0;0,00
CAMPO LARGO;410420401A;PR;Ferraria;-25,439368;-49,455266;2025-09-16 03:00:00.0;0,00
CAMPO LARGO;410420401A;PR;Ferraria;-25,439368;-49,455266;2025-09-16 03:20:00.0;0,20
CAMPO LARGO;410420401A;PR;Ferraria;-25,439368;-49,455266;2025-09-16 04:20:00.0;0,20
CAMPO LARGO;410420401A;PR;Ferraria;-25,439368;-49,455266;2025-09-16 04:30:00.0;0,20
CAMPO LARGO;410420401A;PR;Ferraria;-25,439368;-49,455266;2025-09-16 05:30:00.0;0,20
CAMPO LARGO;410420401A;PR;Ferraria;-25,439368;-49,455266;2025-09-16 05:40:00.0;0,60
CAMPO LARGO;410420401A;PR;Ferraria;-25,439368;-49,455266;2025-09-16 05:50:00.0;0,40
CAMPO LARGO;410420401A;PR;Ferraria;-25,439368;-49,455266;2025-09-16 06:00:00.0;0,80
CAMPO LARGO;410420401A;PR;Ferraria;-25,439368;-49,455266;2025-09-16 06:10:00.0;0,40
CAMPO LARGO;410420401A;PR;Ferraria;-25,439368;-49,455266;2025-09-16 06:20:00.0;0,20
CAMPO LARGO;410420401A;PR;Ferraria;-25,439368;-49,455266;2025-09-16 06:30:00.0;0,40
CAMPO LARGO;410420401A;PR;Ferraria;-25,439368;-49,455266;2025-09-16 08:00:00.0;0,00
CAMPO LARGO;410420401A;PR;Ferraria;-25,439368;-49,455266;2025-09-16 09:00:00.0;0,00
CAMPO LARGO;410420401A;PR;Ferraria;-25,439368;-49,455266;2025-09-16 10:00:00.0;0,00
CAMPO LARGO;410420401A;PR;Ferraria;-25,439368;-49,455266;2025-09-16 11:00:00.0;0,00
CAMPO LARGO;410420401A;PR;Ferraria;-25,439368;-49,455266;2025-09-16 12:00:00.0;0,00
CAMPO LARGO;410420401A;PR;Ferraria;-25,439368;-49,455266;2025-09-16 13:00:00.0;0,00
CAMPO LARGO;410420401A;PR;Ferraria;-25,439368;-49,455266;2025-09-16 14:00:00.0;0,00
CAMPO LARGO;410420401A;PR;Ferraria;-25,439368;-49,455266;2025-09-16 15:00:00.0;0,00
CAMPO LARGO;410420401A;PR;Ferraria;-25,439368;-49,455266;2025-09-16 16:00:00.0;0,00
CAMPO LARGO;410420401A;PR;Ferraria;-25,439368;-49,455266;2025-09-16 17:00:00.0;0,00
CAMPO LARGO;410420401A;PR;Ferraria;-25,439368;-49,455266;2025-09-16 18:00:00.0;0,00
CAMPO LARGO;410420401A;PR;Ferraria;-25,439368;-49,455266;2025-09-16 19:00:00.0;0,00
CAMPO LARGO;410420401A;PR;Ferraria;-25,439368;-49,455266;2025-09-16 20:00:00.0;0,00
CAMPO LARGO;410420401A;PR;Ferraria;-25,439368;-49,455266;2025-09-16 21:00:00.0;0,00
CAMPO LARGO;410420401A;PR;Ferraria;-25,439368;-49,455266;2025-09-16 22:00:00.0;0,00
CAMPO LARGO;410420401A;PR;Ferraria;-25,439368;-49,455266;2025-09-16 23:00:00.0;0,00
CAMPO LARGO;410420401A;PR;Ferraria;-25,439368;-49,455266;2025-09-17 00:00:00.0;0,00
CAMPO LARGO;410420401A;PR;Ferraria;-25,439368;-49,455266;2025-09-17 01:00:00.0;0,00
CAMPO LARGO;410420401A;PR;Ferraria;-25,439368;-49,455266;2025-09-17 02:00:00.0;0,00
CAMPO LARGO;410420401A;PR;Ferraria;-25,439368;-49,455266;2025-09-17 03:00:00.0;0,00
CAMPO LARGO;410420401A;PR;Ferraria;-25,439368;-49,455266;2025-09-17 04:00:00.0;0,00
CAMPO LARGO;410420401A;PR;Ferraria;-25,439368;-49,455266;2025-09-17 05:00:00.0;0,00
CAMPO LARGO;410420401A;PR;Ferraria;-25,439368;-49,455266;2025-09-17 06:00:00.0;0,00
CAMPO LARGO;410420401A;PR;Ferraria;-25,439368;-49,455266;2025-09-17 07:00:00.0;0,00
CAMPO LARGO;410420401A;PR;Ferraria;-25,439368;-49,455266;2025-09-17 08:00:00.0;0,00
CAMPO LARGO;410420401A;PR;Ferraria;-25,439368;-49,455266;2025-09-17 09:00:00.0;0,00
CAMPO LARGO;410420401A;PR;Ferraria;-25,439368;-49,455266;2025-09-17 10:00:00.0;0,00
CAMPO LARGO;410420401A;PR;Ferraria;-25,439368;-49,455266;2025-09-17 11:00:00.0;0,00
CAMPO LARGO;410420401A;PR;Ferraria;-25,439368;-49,455266;2025-09-17 12:00:00.0;0,00
CAMPO LARGO;410420401A;PR;Ferraria;-25,439368;-49,455266;2025-09-17 13:00:00.0;0,00
CAMPO LARGO;410420401A;PR;Ferraria;-25,439368;-49,455266;2025-09-17 14:00:00.0;0,00
CAMPO LARGO;410420401A;PR;Ferraria;-25,439368;-49,455266;2025-09-17 15:00:00.0;0,00
CAMPO LARGO;410420401A;PR;Ferraria;-25,439368;-49,455266;2025-09-17 16:00:00.0;0,00
CAMPO LARGO;410420401A;PR;Ferraria;-25,439368;-49,455266;2025-09-17 17:00:00.0;0,00
CAMPO LARGO;410420401A;PR;Ferraria;-25,439368;-49,455266;2025-09-17 18:00:00.0;0,00
CAMPO LARGO;410420401A;PR;Ferraria;-25,439368;-49,455266;2025-09-17 19:00:00.0;0,00
CAMPO LARGO;410420401A;PR;Ferraria;-25,439368;-49,455266;2025-09-17 20:00:00.0;0,00
CAMPO LARGO;410420401A;PR;Ferraria;-25,439368;-49,455266;2025-09-17 21:00:00.0;0,00
CAMPO LARGO;410420401A;PR;Ferraria;-25,439368;-49,455266;2025-09-17 22:00:00.0;0,00
CAMPO LARGO;410420401A;PR;Ferraria;-25,439368;-49,455266;2025-09-17 23:00:00.0;0,00
CAMPO LARGO;410420401A;PR;Ferraria;-25,439368;-49,455266;2025-09-18 00:00:00.0;0,00
CAMPO LARGO;410420401A;PR;Ferraria;-25,439368;-49,455266;2025-09-18 01:00:00.0;0,00
CAMPO LARGO;410420401A;PR;Ferraria;-25,439368;-49,455266;2025-09-18 02:00:00.0;0,00
CAMPO LARGO;410420401A;PR;Ferraria;-25,439368;-49,455266;2025-09-18 03:00:00.0;0,00
CAMPO LARGO;410420401A;PR;Ferraria;-25,439368;-49,455266;2025-09-18 04:00:00.0;0,00
CAMPO LARGO;410420401A;PR;Ferraria;-25,439368;-49,455266;2025-09-18 05:00:00.0;0,00
CAMPO LARGO;410420401A;PR;Ferraria;-25,439368;-49,455266;2025-09-18 06:00:00.0;0,00
CAMPO LARGO;410420401A;PR;Ferraria;-25,439368;-49,455266;2025-09-18 07:00:00.0;0,00
CAMPO LARGO;410420401A;PR;Ferraria;-25,439368;-49,455266;2025-09-18 08:00:00.0;0,00
CAMPO LARGO;410420401A;PR;Ferraria;-25,439368;-49,455266;2025-09-18 09:00:00.0;0,00
CAMPO LARGO;410420401A;PR;Ferraria;-25,439368;-49,455266;2025-09-18 10:00:00.0;0,00
CAMPO LARGO;410420401A;PR;Ferraria;-25,439368;-49,455266;2025-09-18 11:00:00.0;0,00
CAMPO LARGO;410420401A;PR;Ferraria;-25,439368;-49,455266;2025-09-18 12:00:00.0;0,00
CAMPO LARGO;410420401A;PR;Ferraria;-25,439368;-49,455266;2025-09-18 13:00:00.0;0,00
CAMPO LARGO;410420401A;PR;Ferraria;-25,439368;-49,455266;2025-09-18 14:00:00.0;0,00
CAMPO LARGO;410420401A;PR;Ferraria;-25,439368;-49,455266;2025-09-18 15:00:00.0;0,00
CAMPO LARGO;410420401A;PR;Ferraria;-25,439368;-49,455266;2025-09-18 16:00:00.0;0,00
CAMPO LARGO;410420401A;PR;Ferraria;-25,439368;-49,455266;2025-09-18 17:00:00.0;0,00
CAMPO LARGO;410420401A;PR;Ferraria;-25,439368;-49,455266;2025-09-18 18:00:00.0;0,00
CAMPO LARGO;410420401A;PR;Ferraria;-25,439368;-49,455266;2025-09-18 19:00:00.0;0,00
CAMPO LARGO;410420401A;PR;Ferraria;-25,439368;-49,455266;2025-09-18 20:00:00.0;0,00
CAMPO LARGO;410420401A;PR;Ferraria;-25,439368;-49,455266;2025-09-18 21:00:00.0;0,00
CAMPO LARGO;410420401A;PR;Ferraria;-25,439368;-49,455266;2025-09-18 22:00:00.0;0,00
CAMPO LARGO;410420401A;PR;Ferraria;-25,439368;-49,455266;2025-09-18 23:00:00.0;0,00
CAMPO LARGO;410420401A;PR;Ferraria;-25,439368;-49,455266;2025-09-19 00:00:00.0;0,00
CAMPO LARGO;410420401A;PR;Ferraria;-25,439368;-49,455266;2025-09-19 01:00:00.0;0,00
CAMPO LARGO;410420401A;PR;Ferraria;-25,439368;-49,455266;2025-09-19 02:00:00.0;0,00
CAMPO LARGO;410420401A;PR;Ferraria;-25,439368;-49,455266;2025-09-19 03:00:00.0;0,00
CAMPO LARGO;410420401A;PR;Ferraria;-25,439368;-49,455266;2025-09-19 04:00:00.0;0,00
CAMPO LARGO;410420401A;PR;Ferraria;-25,439368;-49,455266;2025-09-19 05:00:00.0;0,00
CAMPO LARGO;410420401A;PR;Ferraria;-25,439368;-49,455266;2025-09-19 06:00:00.0;0,00
CAMPO LARGO;410420401A;PR;Ferraria;-25,439368;-49,455266;2025-09-19 07:00:00.0;0,00
CAMPO LARGO;410420401A;PR;Ferraria;-25,439368;-49,455266;2025-09-19 08:00:00.0;0,00
CAMPO LARGO;410420401A;PR;Ferraria;-25,439368;-49,455266;2025-09-19 09:00:00.0;0,00
CAMPO LARGO;410420401A;PR;Ferraria;-25,439368;-49,455266;2025-09-19 10:00:00.0;0,00
CAMPO LARGO;410420401A;PR;Ferraria;-25,439368;-49,455266;2025-09-19 11:00:00.0;0,00
CAMPO LARGO;410420401A;PR;Ferraria;-25,439368;-49,455266;2025-09-19 12:00:00.0;0,00
CAMPO LARGO;410420401A;PR;Ferraria;-25,439368;-49,455266;2025-09-19 13:00:00.0;0,00
CAMPO LARGO;410420401A;PR;Ferraria;-25,439368;-49,455266;2025-09-19 14:00:00.0;0,00
CAMPO LARGO;410420401A;PR;Ferraria;-25,439368;-49,455266;2025-09-19 15:00:00.0;0,00
CAMPO LARGO;410420401A;PR;Ferraria;-25,439368;-49,455266;2025-09-19 16:00:00.0;0,00
CAMPO LARGO;410420401A;PR;Ferraria;-25,439368;-49,455266;2025-09-19 17:00:00.0;0,00
CAMPO LARGO;410420401A;PR;Ferraria;-25,439368;-49,455266;2025-09-19 18:00:00.0;0,00
CAMPO LARGO;410420401A;PR;Ferraria;-25,439368;-49,455266;2025-09-19 19:00:00.0;0,00
CAMPO LARGO;410420401A;PR;Ferraria;-25,439368;-49,455266;2025-09-19 20:00:00.0;0,00
CAMPO LARGO;410420401A;PR;Ferraria;-25,439368;-49,455266;2025-09-19 21:00:00.0;0,00
CAMPO LARGO;410420401A;PR;Ferraria;-25,439368;-49,455266;2025-09-19 22:00:00.0;0,00
CAMPO LARGO;410420401A;PR;Ferraria;-25,439368;-49,455266;2025-09-19 23:00:00.0;0,00
CAMPO LARGO;410420401A;PR;Ferraria;-25,439368;-49,455266;2025-09-20 00:00:00.0;0,00
CAMPO LARGO;410420401A;PR;Ferraria;-25,439368;-49,455266;2025-09-20 01:00:00.0;0,00
CAMPO LARGO;410420401A;PR;Ferraria;-25,439368;-49,455266;2025-09-20 02:00:00.0;0,00
CAMPO LARGO;410420401A;PR;Ferraria;-25,439368;-49,455266;2025-09-20 03:00:00.0;0,00
CAMPO LARGO;410420401A;PR;Ferraria;-25,439368;-49,455266;2025-09-20 04:00:00.0;0,00
CAMPO LARGO;410420401A;PR;Ferraria;-25,439368;-49,455266;2025-09-20 05:00:00.0;0,00
CAMPO LARGO;410420401A;PR;Ferraria;-25,439368;-49,455266;2025-09-20 06:00:00.0;0,00
CAMPO LARGO;410420401A;PR;Ferraria;-25,439368;-49,455266;2025-09-20 07:00:00.0;0,00
CAMPO LARGO;410420401A;PR;Ferraria;-25,439368;-49,455266;2025-09-20 08:00:00.0;0,00
CAMPO LARGO;410420401A;PR;Ferraria;-25,439368;-49,455266;2025-09-20 09:00:00.0;0,00
CAMPO LARGO;410420401A;PR;Ferraria;-25,439368;-49,455266;2025-09-20 10:00:00.0;0,00
CAMPO LARGO;410420401A;PR;Ferraria;-25,439368;-49,455266;2025-09-20 11:00:00.0;0,00
CAMPO LARGO;410420401A;PR;Ferraria;-25,439368;-49,455266;2025-09-20 12:00:00.0;0,00
CAMPO LARGO;410420401A;PR;Ferraria;-25,439368;-49,455266;2025-09-20 13:00:00.0;0,00
CAMPO LARGO;410420401A;PR;Ferraria;-25,439368;-49,455266;2025-09-20 14:00:00.0;0,00
CAMPO LARGO;410420401A;PR;Ferraria;-25,439368;-49,455266;2025-09-20 15:00:00.0;0,00
CAMPO LARGO;410420401A;PR;Ferraria;-25,439368;-49,455266;2025-09-20 16:00:00.0;0,00
CAMPO LARGO;410420401A;PR;Ferraria;-25,439368;-49,455266;2025-09-20 17:00:00.0;0,00
CAMPO LARGO;410420401A;PR;Ferraria;-25,439368;-49,455266;2025-09-20 18:00:00.0;0,00
CAMPO LARGO;410420401A;PR;Ferraria;-25,439368;-49,455266;2025-09-20 19:00:00.0;0,00
CAMPO LARGO;410420401A;PR;Ferraria;-25,439368;-49,455266;2025-09-20 20:00:00.0;0,00
CAMPO LARGO;410420401A;PR;Ferraria;-25,439368;-49,455266;2025-09-20 21:00:00.0;0,00
CAMPO LARGO;410420401A;PR;Ferraria;-25,439368;-49,455266;2025-09-20 22:00:00.0;0,00
CAMPO LARGO;410420401A;PR;Ferraria;-25,439368;-49,455266;2025-09-20 23:00:00.0;0,00
CAMPO LARGO;410420401A;PR;Ferraria;-25,439368;-49,455266;2025-09-20 23:50:00.0;0,20
CAMPO LARGO;410420401A;PR;Ferraria;-25,439368;-49,455266;2025-09-21 01:00:00.0;0,00
CAMPO LARGO;410420401A;PR;Ferraria;-25,439368;-49,455266;2025-09-21 02:00:00.0;0,00
CAMPO LARGO;410420401A;PR;Ferraria;-25,439368;-49,455266;2025-09-21 03:00:00.0;0,00
CAMPO LARGO;410420401A;PR;Ferraria;-25,439368;-49,455266;2025-09-21 04:00:00.0;0,00
CAMPO LARGO;410420401A;PR;Ferraria;-25,439368;-49,455266;2025-09-21 05:00:00.0;0,00
CAMPO LARGO;410420401A;PR;Ferraria;-25,439368;-49,455266;2025-09-21 06:00:00.0;0,00
CAMPO LARGO;410420401A;PR;Ferraria;-25,439368;-49,455266;2025-09-21 07:00:00.0;0,00
CAMPO LARGO;410420401A;PR;Ferraria;-25,439368;-49,455266;2025-09-21 08:00:00.0;0,00
CAMPO LARGO;410420401A;PR;Ferraria;-25,439368;-49,455266;2025-09-21 09:00:00.0;0,00
CAMPO LARGO;410420401A;PR;Ferraria;-25,439368;-49,455266;2025-09-21 10:00:00.0;0,00
CAMPO LARGO;410420401A;PR;Ferraria;-25,439368;-49,455266;2025-09-21 11:00:00.0;0,00
CAMPO LARGO;410420401A;PR;Ferraria;-25,439368;-49,455266;2025-09-21 12:00:00.0;0,00
CAMPO LARGO;410420401A;PR;Ferraria;-25,439368;-49,455266;2025-09-21 13:00:00.0;0,00
CAMPO LARGO;410420401A;PR;Ferraria;-25,439368;-49,455266;2025-09-21 14:00:00.0;0,00
CAMPO LARGO;410420401A;PR;Ferraria;-25,439368;-49,455266;2025-09-21 15:00:00.0;0,00
CAMPO LARGO;410420401A;PR;Ferraria;-25,439368;-49,455266;2025-09-21 16:00:00.0;0,00
CAMPO LARGO;410420401A;PR;Ferraria;-25,439368;-49,455266;2025-09-21 17:00:00.0;0,00
CAMPO LARGO;410420401A;PR;Ferraria;-25,439368;-49,455266;2025-09-21 18:00:00.0;7,80
CAMPO LARGO;410420401A;PR;Ferraria;-25,439368;-49,455266;2025-09-21 18:10:00.0;5,40
CAMPO LARGO;410420401A;PR;Ferraria;-25,439368;-49,455266;2025-09-21 18:20:00.0;0,80
CAMPO LARGO;410420401A;PR;Ferraria;-25,439368;-49,455266;2025-09-21 19:00:00.0;0,20
CAMPO LARGO;410420401A;PR;Ferraria;-25,439368;-49,455266;2025-09-21 19:10:00.0;0,80
CAMPO LARGO;410420401A;PR;Ferraria;-25,439368;-49,455266;2025-09-21 19:20:00.0;1,60
CAMPO LARGO;410420401A;PR;Ferraria;-25,439368;-49,455266;2025-09-21 19:30:00.0;0,60
CAMPO LARGO;410420401A;PR;Ferraria;-25,439368;-49,455266;2025-09-21 20:00:00.0;0,40
CAMPO LARGO;410420401A;PR;Ferraria;-25,439368;-49,455266;2025-09-21 20:40:00.0;0,20
CAMPO LARGO;410420401A;PR;Ferraria;-25,439368;-49,455266;2025-09-21 22:00:00.0;0,00
CAMPO LARGO;410420401A;PR;Ferraria;-25,439368;-49,455266;2025-09-21 22:20:00.0;0,20
CAMPO LARGO;410420401A;PR;Ferraria;-25,439368;-49,455266;2025-09-22 00:00:00.0;0,00
CAMPO LARGO;410420401A;PR;Ferraria;-25,439368;-49,455266;2025-09-22 01:00:00.0;0,00
CAMPO LARGO;410420401A;PR;Ferraria;-25,439368;-49,455266;2025-09-22 01:20:00.0;0,20
CAMPO LARGO;410420401A;PR;Ferraria;-25,439368;-49,455266;2025-09-22 03:00:00.0;0,00
CAMPO LARGO;410420401A;PR;Ferraria;-25,439368;-49,455266;2025-09-22 04:00:00.0;0,00
CAMPO LARGO;410420401A;PR;Ferraria;-25,439368;-49,455266;2025-09-22 05:00:00.0;0,00
CAMPO LARGO;410420401A;PR;Ferraria;-25,439368;-49,455266;2025-09-22 05:10:00.0;0,20
CAMPO LARGO;410420401A;PR;Ferraria;-25,439368;-49,455266;2025-09-22 06:00:00.0;0,60
CAMPO LARGO;410420401A;PR;Ferraria;-25,439368;-49,455266;2025-09-22 06:40:00.0;0,20
CAMPO LARGO;410420401A;PR;Ferraria;-25,439368;-49,455266;2025-09-22 06:50:00.0;1,20
CAMPO LARGO;410420401A;PR;Ferraria;-25,439368;-49,455266;2025-09-22 07:00:00.0;0,40
CAMPO LARGO;410420401A;PR;Ferraria;-25,439368;-49,455266;2025-09-22 07:50:00.0;3,60
CAMPO LARGO;410420401A;PR;Ferraria;-25,439368;-49,455266;2025-09-22 08:00:00.0;3,60
CAMPO LARGO;410420401A;PR;Ferraria;-25,439368;-49,455266;2025-09-22 08:10:00.0;0,20
CAMPO LARGO;410420401A;PR;Ferraria;-25,439368;-49,455266;2025-09-22 08:30:00.0;0,20
CAMPO LARGO;410420401A;PR;Ferraria;-25,439368;-49,455266;2025-09-22 08:40:00.0;0,40
CAMPO LARGO;410420401A;PR;Ferraria;-25,439368;-49,455266;2025-09-22 08:50:00.0;0,20
CAMPO LARGO;410420401A;PR;Ferraria;-25,439368;-49,455266;2025-09-22 09:40:00.0;0,20
CAMPO LARGO;410420401A;PR;Ferraria;-25,439368;-49,455266;2025-09-22 10:10:00.0;0,40
CAMPO LARGO;410420401A;PR;Ferraria;-25,439368;-49,455266;2025-09-22 10:20:00.0;0,40
CAMPO LARGO;410420401A;PR;Ferraria;-25,439368;-49,455266;2025-09-22 10:40:00.0;0,20
CAMPO LARGO;410420401A;PR;Ferraria;-25,439368;-49,455266;2025-09-22 10:50:00.0;0,20
CAMPO LARGO;410420401A;PR;Ferraria;-25,439368;-49,455266;2025-09-22 11:00:00.0;0,40
CAMPO LARGO;410420401A;PR;Ferraria;-25,439368;-49,455266;2025-09-22 11:10:00.0;1,00
CAMPO LARGO;410420401A;PR;Ferraria;-25,439368;-49,455266;2025-09-22 11:20:00.0;1,20
CAMPO LARGO;410420401A;PR;Ferraria;-25,439368;-49,455266;2025-09-22 11:30:00.0;0,80
CAMPO LARGO;410420401A;PR;Ferraria;-25,439368;-49,455266;2025-09-22 11:40:00.0;1,00
CAMPO LARGO;410420401A;PR;Ferraria;-25,439368;-49,455266;2025-09-22 11:50:00.0;0,60
CAMPO LARGO;410420401A;PR;Ferraria;-25,439368;-49,455266;2025-09-22 12:00:00.0;1,00
CAMPO LARGO;410420401A;PR;Ferraria;-25,439368;-49,455266;2025-09-22 12:10:00.0;0,80
CAMPO LARGO;410420401A;PR;Ferraria;-25,439368;-49,455266;2025-09-22 12:20:00.0;1,00
CAMPO LARGO;410420401A;PR;Ferraria;-25,439368;-49,455266;2025-09-22 12:30:00.0;1,00
CAMPO LARGO;410420401A;PR;Ferraria;-25,439368;-49,455266;2025-09-22 12:40:00.0;0,80
CAMPO LARGO;410420401A;PR;Ferraria;-25,439368;-49,455266;2025-09-22 12:50:00.0;0,40
CAMPO LARGO;410420401A;PR;Ferraria;-25,439368;-49,455266;2025-09-22 13:00:00.0;0,80
CAMPO LARGO;410420401A;PR;Ferraria;-25,439368;-49,455266;2025-09-22 13:10:00.0;0,80
CAMPO LARGO;410420401A;PR;Ferraria;-25,439368;-49,455266;2025-09-22 13:20:00.0;1,00
CAMPO LARGO;410420401A;PR;Ferraria;-25,439368;-49,455266;2025-09-22 13:30:00.0;1,00
CAMPO LARGO;410420401A;PR;Ferraria;-25,439368;-49,455266;2025-09-22 13:40:00.0;1,40
CAMPO LARGO;410420401A;PR;Ferraria;-25,439368;-49,455266;2025-09-22 13:50:00.0;1,40
CAMPO LARGO;410420401A;PR;Ferraria;-25,439368;-49,455266;2025-09-22 14:00:00.0;1,40
CAMPO LARGO;410420401A;PR;Ferraria;-25,439368;-49,455266;2025-09-22 14:10:00.0;1,80
CAMPO LARGO;410420401A;PR;Ferraria;-25,439368;-49,455266;2025-09-22 14:20:00.0;1,80
CAMPO LARGO;410420401A;PR;Ferraria;-25,439368;-49,455266;2025-09-22 14:30:00.0;1,60
CAMPO LARGO;410420401A;PR;Ferraria;-25,439368;-49,455266;2025-09-22 14:40:00.0;2,40
CAMPO LARGO;410420401A;PR;Ferraria;-25,439368;-49,455266;2025-09-22 14:50:00.0;2,20
CAMPO LARGO;410420401A;PR;Ferraria;-25,439368;-49,455266;2025-09-22 15:00:00.0;1,40
CAMPO LARGO;410420401A;PR;Ferraria;-25,439368;-49,455266;2025-09-22 15:10:00.0;1,00
CAMPO LARGO;410420401A;PR;Ferraria;-25,439368;-49,455266;2025-09-22 15:20:00.0;0,20
CAMPO LARGO;410420401A;PR;Ferraria;-25,439368;-49,455266;2025-09-22 17:00:00.0;0,00
CAMPO LARGO;410420401A;PR;Ferraria;-25,439368;-49,455266;2025-09-22 18:00:00.0;0,00
CAMPO LARGO;410420401A;PR;Ferraria;-25,439368;-49,455266;2025-09-22 19:00:00.0;0,00
CAMPO LARGO;410420401A;PR;Ferraria;-25,439368;-49,455266;2025-09-22 20:00:00.0;0,00
CAMPO LARGO;410420401A;PR;Ferraria;-25,439368;-49,455266;2025-09-22 21:00:00.0;0,00
CAMPO LARGO;410420401A;PR;Ferraria;-25,439368;-49,455266;2025-09-22 22:00:00.0;0,00
CAMPO LARGO;410420401A;PR;Ferraria;-25,439368;-49,455266;2025-09-22 23:00:00.0;0,00
CAMPO LARGO;410420401A;PR;Ferraria;-25,439368;-49,455266;2025-09-23 00:00:00.0;0,00
CAMPO LARGO;410420401A;PR;Ferraria;-25,439368;-49,455266;2025-09-23 01:00:00.0;0,00
CAMPO LARGO;410420401A;PR;Ferraria;-25,439368;-49,455266;2025-09-23 02:00:00.0;0,00
CAMPO LARGO;410420401A;PR;Ferraria;-25,439368;-49,455266;2025-09-23 03:00:00.0;0,00
CAMPO LARGO;410420401A;PR;Ferraria;-25,439368;-49,455266;2025-09-23 04:00:00.0;0,00
CAMPO LARGO;410420401A;PR;Ferraria;-25,439368;-49,455266;2025-09-23 05:00:00.0;0,00
CAMPO LARGO;410420401A;PR;Ferraria;-25,439368;-49,455266;2025-09-23 06:00:00.0;0,00
CAMPO LARGO;410420401A;PR;Ferraria;-25,439368;-49,455266;2025-09-23 07:00:00.0;0,00
CAMPO LARGO;410420401A;PR;Ferraria;-25,439368;-49,455266;2025-09-23 08:00:00.0;0,00
CAMPO LARGO;410420401A;PR;Ferraria;-25,439368;-49,455266;2025-09-23 09:00:00.0;0,00
CAMPO LARGO;410420401A;PR;Ferraria;-25,439368;-49,455266;2025-09-23 09:30:00.0;0,20
CAMPO LARGO;410420401A;PR;Ferraria;-25,439368;-49,455266;2025-09-23 11:00:00.0;0,00
CAMPO LARGO;410420401A;PR;Ferraria;-25,439368;-49,455266;2025-09-23 12:00:00.0;0,00
CAMPO LARGO;410420401A;PR;Ferraria;-25,439368;-49,455266;2025-09-23 13:00:00.0;0,00
CAMPO LARGO;410420401A;PR;Ferraria;-25,439368;-49,455266;2025-09-23 14:00:00.0;0,00
CAMPO LARGO;410420401A;PR;Ferraria;-25,439368;-49,455266;2025-09-23 15:00:00.0;0,00
CAMPO LARGO;410420401A;PR;Ferraria;-25,439368;-49,455266;2025-09-23 16:00:00.0;0,00
CAMPO LARGO;410420401A;PR;Ferraria;-25,439368;-49,455266;2025-09-23 17:00:00.0;0,00
CAMPO LARGO;410420401A;PR;Ferraria;-25,439368;-49,455266;2025-09-23 18:00:00.0;0,00
CAMPO LARGO;410420401A;PR;Ferraria;-25,439368;-49,455266;2025-09-23 19:00:00.0;0,00
CAMPO LARGO;410420401A;PR;Ferraria;-25,439368;-49,455266;2025-09-23 20:00:00.0;0,00
CAMPO LARGO;410420401A;PR;Ferraria;-25,439368;-49,455266;2025-09-23 21:00:00.0;0,00
CAMPO LARGO;410420401A;PR;Ferraria;-25,439368;-49,455266;2025-09-23 22:00:00.0;0,00
CAMPO LARGO;410420401A;PR;Ferraria;-25,439368;-49,455266;2025-09-23 23:00:00.0;0,00
CAMPO LARGO;410420401A;PR;Ferraria;-25,439368;-49,455266;2025-09-24 00:00:00.0;0,00
CAMPO LARGO;410420401A;PR;Ferraria;-25,439368;-49,455266;2025-09-24 01:00:00.0;0,00
CAMPO LARGO;410420401A;PR;Ferraria;-25,439368;-49,455266;2025-09-24 02:00:00.0;0,00
CAMPO LARGO;410420401A;PR;Ferraria;-25,439368;-49,455266;2025-09-24 03:00:00.0;0,00
CAMPO LARGO;410420401A;PR;Ferraria;-25,439368;-49,455266;2025-09-24 04:00:00.0;0,00
CAMPO LARGO;410420401A;PR;Ferraria;-25,439368;-49,455266;2025-09-24 05:00:00.0;0,00
CAMPO LARGO;410420401A;PR;Ferraria;-25,439368;-49,455266;2025-09-24 06:00:00.0;0,00
CAMPO LARGO;410420401A;PR;Ferraria;-25,439368;-49,455266;2025-09-24 07:00:00.0;0,00
CAMPO LARGO;410420401A;PR;Ferraria;-25,439368;-49,455266;2025-09-24 08:00:00.0;0,00
CAMPO LARGO;410420401A;PR;Ferraria;-25,439368;-49,455266;2025-09-24 09:00:00.0;0,00
CAMPO LARGO;410420401A;PR;Ferraria;-25,439368;-49,455266;2025-09-24 10:00:00.0;0,00
CAMPO LARGO;410420401A;PR;Ferraria;-25,439368;-49,455266;2025-09-24 11:00:00.0;0,00
CAMPO LARGO;410420401A;PR;Ferraria;-25,439368;-49,455266;2025-09-24 12:00:00.0;0,00
CAMPO LARGO;410420401A;PR;Ferraria;-25,439368;-49,455266;2025-09-24 13:00:00.0;0,00
CAMPO LARGO;410420401A;PR;Ferraria;-25,439368;-49,455266;2025-09-24 14:00:00.0;0,00
CAMPO LARGO;410420401A;PR;Ferraria;-25,439368;-49,455266;2025-09-24 15:00:00.0;0,00
CAMPO LARGO;410420401A;PR;Ferraria;-25,439368;-49,455266;2025-09-24 16:00:00.0;0,00
CAMPO LARGO;410420401A;PR;Ferraria;-25,439368;-49,455266;2025-09-24 17:00:00.0;0,00
CAMPO LARGO;410420401A;PR;Ferraria;-25,439368;-49,455266;2025-09-24 18:00:00.0;0,00
CAMPO LARGO;410420401A;PR;Ferraria;-25,439368;-49,455266;2025-09-24 19:00:00.0;0,00
CAMPO LARGO;410420401A;PR;Ferraria;-25,439368;-49,455266;2025-09-24 20:00:00.0;0,00
CAMPO LARGO;410420401A;PR;Ferraria;-25,439368;-49,455266;2025-09-24 21:00:00.0;0,00
CAMPO LARGO;410420401A;PR;Ferraria;-25,439368;-49,455266;2025-09-24 22:00:00.0;0,00
CAMPO LARGO;410420401A;PR;Ferraria;-25,439368;-49,455266;2025-09-24 23:00:00.0;0,00
CAMPO LARGO;410420401A;PR;Ferraria;-25,439368;-49,455266;2025-09-25 00:00:00.0;0,00
CAMPO LARGO;410420401A;PR;Ferraria;-25,439368;-49,455266;2025-09-25 01:00:00.0;0,00
CAMPO LARGO;410420401A;PR;Ferraria;-25,439368;-49,455266;2025-09-25 02:00:00.0;0,00
CAMPO LARGO;410420401A;PR;Ferraria;-25,439368;-49,455266;2025-09-25 03:00:00.0;0,00
CAMPO LARGO;410420401A;PR;Ferraria;-25,439368;-49,455266;2025-09-25 04:00:00.0;0,00
CAMPO LARGO;410420401A;PR;Ferraria;-25,439368;-49,455266;2025-09-25 05:00:00.0;0,00
CAMPO LARGO;410420401A;PR;Ferraria;-25,439368;-49,455266;2025-09-25 06:00:00.0;0,00
CAMPO LARGO;410420401A;PR;Ferraria;-25,439368;-49,455266;2025-09-25 07:00:00.0;0,00
CAMPO LARGO;410420401A;PR;Ferraria;-25,439368;-49,455266;2025-09-25 08:00:00.0;0,00
CAMPO LARGO;410420401A;PR;Ferraria;-25,439368;-49,455266;2025-09-25 09:00:00.0;0,00
CAMPO LARGO;410420401A;PR;Ferraria;-25,439368;-49,455266;2025-09-25 10:00:00.0;0,00
CAMPO LARGO;410420401A;PR;Ferraria;-25,439368;-49,455266;2025-09-25 11:00:00.0;0,00
CAMPO LARGO;410420401A;PR;Ferraria;-25,439368;-49,455266;2025-09-25 11:20:00.0;0,20
CAMPO LARGO;410420401A;PR;Ferraria;-25,439368;-49,455266;2025-09-25 12:40:00.0;0,20
CAMPO LARGO;410420401A;PR;Ferraria;-25,439368;-49,455266;2025-09-25 14:00:00.0;0,00
CAMPO LARGO;410420401A;PR;Ferraria;-25,439368;-49,455266;2025-09-25 15:00:00.0;0,00
CAMPO LARGO;410420401A;PR;Ferraria;-25,439368;-49,455266;2025-09-25 16:00:00.0;0,00
CAMPO LARGO;410420401A;PR;Ferraria;-25,439368;-49,455266;2025-09-25 17:00:00.0;0,00
CAMPO LARGO;410420401A;PR;Ferraria;-25,439368;-49,455266;2025-09-25 18:00:00.0;0,00
CAMPO LARGO;410420401A;PR;Ferraria;-25,439368;-49,455266;2025-09-25 19:00:00.0;0,00
CAMPO LARGO;410420401A;PR;Ferraria;-25,439368;-49,455266;2025-09-25 20:00:00.0;0,00
CAMPO LARGO;410420401A;PR;Ferraria;-25,439368;-49,455266;2025-09-25 21:00:00.0;0,00
CAMPO LARGO;410420401A;PR;Ferraria;-25,439368;-49,455266;2025-09-25 21:50:00.0;0,20
CAMPO LARGO;410420401A;PR;Ferraria;-25,439368;-49,455266;2025-09-25 23:00:00.0;0,40
CAMPO LARGO;410420401A;PR;Ferraria;-25,439368;-49,455266;2025-09-26 01:00:00.0;0,00
CAMPO LARGO;410420401A;PR;Ferraria;-25,439368;-49,455266;2025-09-26 02:00:00.0;0,20
CAMPO LARGO;410420401A;PR;Ferraria;-25,439368;-49,455266;2025-09-26 02:10:00.0;0,20
CAMPO LARGO;410420401A;PR;Ferraria;-25,439368;-49,455266;2025-09-26 03:50:00.0;0,20
CAMPO LARGO;410420401A;PR;Ferraria;-25,439368;-49,455266;2025-09-26 05:00:00.0;0,00
CAMPO LARGO;410420401A;PR;Ferraria;-25,439368;-49,455266;2025-09-26 06:00:00.0;0,00
CAMPO LARGO;410420401A;PR;Ferraria;-25,439368;-49,455266;2025-09-26 06:40:00.0;0,40
CAMPO LARGO;410420401A;PR;Ferraria;-25,439368;-49,455266;2025-09-26 08:00:00.0;0,00
CAMPO LARGO;410420401A;PR;Ferraria;-25,439368;-49,455266;2025-09-26 09:00:00.0;0,00
CAMPO LARGO;410420401A;PR;Ferraria;-25,439368;-49,455266;2025-09-26 09:30:00.0;0,20
CAMPO LARGO;410420401A;PR;Ferraria;-25,439368;-49,455266;2025-09-26 11:00:00.0;0,00
CAMPO LARGO;410420401A;PR;Ferraria;-25,439368;-49,455266;2025-09-26 12:00:00.0;0,00
CAMPO LARGO;410420401A;PR;Ferraria;-25,439368;-49,455266;2025-09-26 13:00:00.0;0,00
CAMPO LARGO;410420401A;PR;Ferraria;-25,439368;-49,455266;2025-09-26 13:10:00.0;0,20
CAMPO LARGO;410420401A;PR;Ferraria;-25,439368;-49,455266;2025-09-26 15:00:00.0;0,00
CAMPO LARGO;410420401A;PR;Ferraria;-25,439368;-49,455266;2025-09-26 16:00:00.0;0,00
CAMPO LARGO;410420401A;PR;Ferraria;-25,439368;-49,455266;2025-09-26 17:00:00.0;0,00
CAMPO LARGO;410420401A;PR;Ferraria;-25,439368;-49,455266;2025-09-26 18:00:00.0;0,00
CAMPO LARGO;410420401A;PR;Ferraria;-25,439368;-49,455266;2025-09-26 19:00:00.0;0,00
CAMPO LARGO;410420401A;PR;Ferraria;-25,439368;-49,455266;2025-09-26 20:00:00.0;0,00
CAMPO LARGO;410420401A;PR;Ferraria;-25,439368;-49,455266;2025-09-26 21:00:00.0;0,00
CAMPO LARGO;410420401A;PR;Ferraria;-25,439368;-49,455266;2025-09-26 22:00:00.0;0,00
CAMPO LARGO;410420401A;PR;Ferraria;-25,439368;-49,455266;2025-09-26 23:00:00.0;0,00
CAMPO LARGO;410420401A;PR;Ferraria;-25,439368;-49,455266;2025-09-27 00:00:00.0;0,00
CAMPO LARGO;410420401A;PR;Ferraria;-25,439368;-49,455266;2025-09-27 01:00:00.0;0,00
CAMPO LARGO;410420401A;PR;Ferraria;-25,439368;-49,455266;2025-09-27 02:00:00.0;0,00
CAMPO LARGO;410420401A;PR;Ferraria;-25,439368;-49,455266;2025-09-27 03:00:00.0;0,00
CAMPO LARGO;410420401A;PR;Ferraria;-25,439368;-49,455266;2025-09-27 04:00:00.0;0,00
CAMPO LARGO;410420401A;PR;Ferraria;-25,439368;-49,455266;2025-09-27 05:00:00.0;0,00
CAMPO LARGO;410420401A;PR;Ferraria;-25,439368;-49,455266;2025-09-27 06:00:00.0;0,00
CAMPO LARGO;410420401A;PR;Ferraria;-25,439368;-49,455266;2025-09-27 07:00:00.0;0,00
CAMPO LARGO;410420401A;PR;Ferraria;-25,439368;-49,455266;2025-09-27 08:00:00.0;0,00
CAMPO LARGO;410420401A;PR;Ferraria;-25,439368;-49,455266;2025-09-27 09:00:00.0;0,00
CAMPO LARGO;410420401A;PR;Ferraria;-25,439368;-49,455266;2025-09-27 10:00:00.0;0,00
CAMPO LARGO;410420401A;PR;Ferraria;-25,439368;-49,455266;2025-09-27 11:00:00.0;0,00
CAMPO LARGO;410420401A;PR;Ferraria;-25,439368;-49,455266;2025-09-27 12:00:00.0;0,00
CAMPO LARGO;410420401A;PR;Ferraria;-25,439368;-49,455266;2025-09-27 13:00:00.0;0,00
CAMPO LARGO;410420401A;PR;Ferraria;-25,439368;-49,455266;2025-09-27 14:00:00.0;0,00
CAMPO LARGO;410420401A;PR;Ferraria;-25,439368;-49,455266;2025-09-27 15:00:00.0;0,00
CAMPO LARGO;410420401A;PR;Ferraria;-25,439368;-49,455266;2025-09-27 16:00:00.0;0,00
CAMPO LARGO;410420401A;PR;Ferraria;-25,439368;-49,455266;2025-09-27 17:00:00.0;0,00
CAMPO LARGO;410420401A;PR;Ferraria;-25,439368;-49,455266;2025-09-27 18:00:00.0;0,00
CAMPO LARGO;410420401A;PR;Ferraria;-25,439368;-49,455266;2025-09-27 19:00:00.0;0,00
CAMPO LARGO;410420401A;PR;Ferraria;-25,439368;-49,455266;2025-09-27 20:00:00.0;0,00
CAMPO LARGO;410420401A;PR;Ferraria;-25,439368;-49,455266;2025-09-27 21:00:00.0;0,00
CAMPO LARGO;410420401A;PR;Ferraria;-25,439368;-49,455266;2025-09-27 22:00:00.0;0,00
CAMPO LARGO;410420401A;PR;Ferraria;-25,439368;-49,455266;2025-09-27 23:00:00.0;0,00
CAMPO LARGO;410420401A;PR;Ferraria;-25,439368;-49,455266;2025-09-28 00:00:00.0;0,00
CAMPO LARGO;410420401A;PR;Ferraria;-25,439368;-49,455266;2025-09-28 01:00:00.0;0,00
CAMPO LARGO;410420401A;PR;Ferraria;-25,439368;-49,455266;2025-09-28 02:00:00.0;0,00
CAMPO LARGO;410420401A;PR;Ferraria;-25,439368;-49,455266;2025-09-28 03:00:00.0;0,00
CAMPO LARGO;410420401A;PR;Ferraria;-25,439368;-49,455266;2025-09-28 04:00:00.0;0,00
CAMPO LARGO;410420401A;PR;Ferraria;-25,439368;-49,455266;2025-09-28 05:00:00.0;0,00
CAMPO LARGO;410420401A;PR;Ferraria;-25,439368;-49,455266;2025-09-28 06:00:00.0;0,00
CAMPO LARGO;410420401A;PR;Ferraria;-25,439368;-49,455266;2025-09-28 07:00:00.0;0,00
CAMPO LARGO;410420401A;PR;Ferraria;-25,439368;-49,455266;2025-09-28 08:00:00.0;0,00
CAMPO LARGO;410420401A;PR;Ferraria;-25,439368;-49,455266;2025-09-28 09:00:00.0;0,00
CAMPO LARGO;410420401A;PR;Ferraria;-25,439368;-49,455266;2025-09-28 10:00:00.0;0,00
CAMPO LARGO;410420401A;PR;Ferraria;-25,439368;-49,455266;2025-09-28 11:00:00.0;0,00
CAMPO LARGO;410420401A;PR;Ferraria;-25,439368;-49,455266;2025-09-28 12:00:00.0;0,00
CAMPO LARGO;410420401A;PR;Ferraria;-25,439368;-49,455266;2025-09-28 13:00:00.0;0,00
CAMPO LARGO;410420401A;PR;Ferraria;-25,439368;-49,455266;2025-09-28 14:00:00.0;0,00
CAMPO LARGO;410420401A;PR;Ferraria;-25,439368;-49,455266;2025-09-28 15:00:00.0;0,00
CAMPO LARGO;410420401A;PR;Ferraria;-25,439368;-49,455266;2025-09-28 16:00:00.0;0,00
CAMPO LARGO;410420401A;PR;Ferraria;-25,439368;-49,455266;2025-09-28 17:00:00.0;0,00
CAMPO LARGO;410420401A;PR;Ferraria;-25,439368;-49,455266;2025-09-28 18:00:00.0;0,00
CAMPO LARGO;410420401A;PR;Ferraria;-25,439368;-49,455266;2025-09-28 19:00:00.0;0,00
CAMPO LARGO;410420401A;PR;Ferraria;-25,439368;-49,455266;2025-09-28 20:00:00.0;0,00
CAMPO LARGO;410420401A;PR;Ferraria;-25,439368;-49,455266;2025-09-28 21:00:00.0;0,00
CAMPO LARGO;410420401A;PR;Ferraria;-25,439368;-49,455266;2025-09-28 22:00:00.0;0,00
CAMPO LARGO;410420401A;PR;Ferraria;-25,439368;-49,455266;2025-09-28 23:00:00.0;0,00
CAMPO LARGO;410420401A;PR;Ferraria;-25,439368;-49,455266;2025-09-29 00:00:00.0;0,00
CAMPO LARGO;410420401A;PR;Ferraria;-25,439368;-49,455266;2025-09-29 01:00:00.0;0,00
CAMPO LARGO;410420401A;PR;Ferraria;-25,439368;-49,455266;2025-09-29 02:00:00.0;0,00
CAMPO LARGO;410420401A;PR;Ferraria;-25,439368;-49,455266;2025-09-29 03:00:00.0;0,00
CAMPO LARGO;410420401A;PR;Ferraria;-25,439368;-49,455266;2025-09-29 04:00:00.0;0,00
CAMPO LARGO;410420401A;PR;Ferraria;-25,439368;-49,455266;2025-09-29 05:00:00.0;0,00
CAMPO LARGO;410420401A;PR;Ferraria;-25,439368;-49,455266;2025-09-29 06:00:00.0;0,00
CAMPO LARGO;410420401A;PR;Ferraria;-25,439368;-49,455266;2025-09-29 07:00:00.0;0,00
CAMPO LARGO;410420401A;PR;Ferraria;-25,439368;-49,455266;2025-09-29 08:00:00.0;0,00
CAMPO LARGO;410420401A;PR;Ferraria;-25,439368;-49,455266;2025-09-29 09:00:00.0;0,00
CAMPO LARGO;410420401A;PR;Ferraria;-25,439368;-49,455266;2025-09-29 10:00:00.0;0,00
CAMPO LARGO;410420401A;PR;Ferraria;-25,439368;-49,455266;2025-09-29 11:00:00.0;0,00
CAMPO LARGO;410420401A;PR;Ferraria;-25,439368;-49,455266;2025-09-29 12:00:00.0;0,00
CAMPO LARGO;410420401A;PR;Ferraria;-25,439368;-49,455266;2025-09-29 13:00:00.0;0,00
CAMPO LARGO;410420401A;PR;Ferraria;-25,439368;-49,455266;2025-09-29 14:00:00.0;0,00
CAMPO LARGO;410420401A;PR;Ferraria;-25,439368;-49,455266;2025-09-29 15:00:00.0;0,00
CAMPO LARGO;410420401A;PR;Ferraria;-25,439368;-49,455266;2025-09-29 16:00:00.0;0,00
CAMPO LARGO;410420401A;PR;Ferraria;-25,439368;-49,455266;2025-09-29 17:00:00.0;0,00
CAMPO LARGO;410420401A;PR;Ferraria;-25,439368;-49,455266;2025-09-29 18:00:00.0;0,00
CAMPO LARGO;410420401A;PR;Ferraria;-25,439368;-49,455266;2025-09-29 19:00:00.0;0,00
CAMPO LARGO;410420401A;PR;Ferraria;-25,439368;-49,455266;2025-09-29 20:00:00.0;0,00
CAMPO LARGO;410420401A;PR;Ferraria;-25,439368;-49,455266;2025-09-29 21:00:00.0;0,00
CAMPO LARGO;410420401A;PR;Ferraria;-25,439368;-49,455266;2025-09-29 22:00:00.0;0,00
CAMPO LARGO;410420401A;PR;Ferraria;-25,439368;-49,455266;2025-09-29 23:00:00.0;0,00
CAMPO LARGO;410420401A;PR;Ferraria;-25,439368;-49,455266;2025-09-30 00:00:00.0;0,00
CAMPO LARGO;410420401A;PR;Ferraria;-25,439368;-49,455266;2025-09-30 01:00:00.0;0,00
CAMPO LARGO;410420401A;PR;Ferraria;-25,439368;-49,455266;2025-09-30 02:00:00.0;0,00
CAMPO LARGO;410420401A;PR;Ferraria;-25,439368;-49,455266;2025-09-30 03:00:00.0;0,00
CAMPO LARGO;410420401A;PR;Ferraria;-25,439368;-49,455266;2025-09-30 04:00:00.0;0,00
CAMPO LARGO;410420401A;PR;Ferraria;-25,439368;-49,455266;2025-09-30 05:00:00.0;0,00
CAMPO LARGO;410420401A;PR;Ferraria;-25,439368;-49,455266;2025-09-30 06:00:00.0;0,00
CAMPO LARGO;410420401A;PR;Ferraria;-25,439368;-49,455266;2025-09-30 07:00:00.0;0,00
CAMPO LARGO;410420401A;PR;Ferraria;-25,439368;-49,455266;2025-09-30 08:00:00.0;0,00
CAMPO LARGO;410420401A;PR;Ferraria;-25,439368;-49,455266;2025-09-30 08:10:00.0;2,20
CAMPO LARGO;410420401A;PR;Ferraria;-25,439368;-49,455266;2025-09-30 08:20:00.0;1,40
CAMPO LARGO;410420401A;PR;Ferraria;-25,439368;-49,455266;2025-09-30 08:30:00.0;1,40
CAMPO LARGO;410420401A;PR;Ferraria;-25,439368;-49,455266;2025-09-30 08:40:00.0;0,20
CAMPO LARGO;410420401A;PR;Ferraria;-25,439368;-49,455266;2025-09-30 09:10:00.0;0,20
CAMPO LARGO;410420401A;PR;Ferraria;-25,439368;-49,455266;2025-09-30 11:00:00.0;0,00
CAMPO LARGO;410420401A;PR;Ferraria;-25,439368;-49,455266;2025-09-30 12:00:00.0;0,00
CAMPO LARGO;410420401A;PR;Ferraria;-25,439368;-49,455266;2025-09-30 13:00:00.0;0,00
CAMPO LARGO;410420401A;PR;Ferraria;-25,439368;-49,455266;2025-09-30 14:00:00.0;0,00
CAMPO LARGO;410420401A;PR;Ferraria;-25,439368;-49,455266;2025-09-30 15:00:00.0;0,00
CAMPO LARGO;410420401A;PR;Ferraria;-25,439368;-49,455266;2025-09-30 16:00:00.0;0,00
CAMPO LARGO;410420401A;PR;Ferraria;-25,439368;-49,455266;2025-09-30 17:00:00.0;0,00
CAMPO LARGO;410420401A;PR;Ferraria;-25,439368;-49,455266;2025-09-30 18:00:00.0;0,00
CAMPO LARGO;410420401A;PR;Ferraria;-25,439368;-49,455266;2025-09-30 19:00:00.0;0,00
CAMPO LARGO;410420401A;PR;Ferraria;-25,439368;-49,455266;2025-09-30 20:00:00.0;0,00
CAMPO LARGO;410420401A;PR;Ferraria;-25,439368;-49,455266;2025-09-30 21:00:00.0;0,00
CAMPO LARGO;410420401A;PR;Ferraria;-25,439368;-49,455266;2025-09-30 22:00:00.0;0,00
CAMPO LARGO;410420401A;PR;Ferraria;-25,439368;-49,455266;2025-09-30 22:10:00.0;0,20
CAMPO LARGO;410420401A;PR;Ferraria;-25,439368;-49,455266;2025-09-30 22:20:00.0;0,20
CAMPO LARGO;410420401A;PR;Ferraria;-25,439368;-49,455266;2025-09-30 22:40:00.0;0,20
CAMPO LARGO;410420401A;PR;Ferraria;-25,439368;-49,455266;2025-09-30 22:50:00.0;0,20
CAMPO LARGO;410420401A;PR;Ferraria;-25,439368;-49,455266;2025-09-30 23:00:00.0;0,60
CAMPO LARGO;410420401A;PR;Ferraria;-25,439368;-49,455266;2025-09-30 23:10:00.0;0,40
CAMPO LARGO;410420401A;PR;Ferraria;-25,439368;-49,455266;2025-09-30 23:20:00.0;2,20
CAMPO LARGO;410420401A;PR;Ferraria;-25,439368;-49,455266;2025-09-30 23:30:00.0;2,80
CAMPO LARGO;410420401A;PR;Ferraria;-25,439368;-49,455266;2025-09-30 23:40:00.0;0,60
CAMPO LARGO;410420401A;PR;Ferraria;-25,439368;-49,455266;2025-09-30 23:50:00.0;0,40
CAMPO LARGO;410420402A;PR;Vila Andreas;-25,44889;-49,55519;2025-09-01 00:00:00.0;0,00
CAMPO LARGO;410420402A;PR;Vila Andreas;-25,44889;-49,55519;2025-09-01 01:00:00.0;0,00
CAMPO LARGO;410420402A;PR;Vila Andreas;-25,44889;-49,55519;2025-09-01 02:00:00.0;0,00
CAMPO LARGO;410420402A;PR;Vila Andreas;-25,44889;-49,55519;2025-09-01 03:00:00.0;0,00
CAMPO LARGO;410420402A;PR;Vila Andreas;-25,44889;-49,55519;2025-09-01 04:00:00.0;0,00
CAMPO LARGO;410420402A;PR;Vila Andreas;-25,44889;-49,55519;2025-09-01 05:00:00.0;0,00
CAMPO LARGO;410420402A;PR;Vila Andreas;-25,44889;-49,55519;2025-09-01 06:00:00.0;0,00
CAMPO LARGO;410420402A;PR;Vila Andreas;-25,44889;-49,55519;2025-09-01 07:00:00.0;0,00
CAMPO LARGO;410420402A;PR;Vila Andreas;-25,44889;-49,55519;2025-09-01 08:00:00.0;0,00
CAMPO LARGO;410420402A;PR;Vila Andreas;-25,44889;-49,55519;2025-09-01 09:00:00.0;0,00
CAMPO LARGO;410420402A;PR;Vila Andreas;-25,44889;-49,55519;2025-09-01 10:00:00.0;0,00
CAMPO LARGO;410420402A;PR;Vila Andreas;-25,44889;-49,55519;2025-09-01 11:00:00.0;0,00
CAMPO LARGO;410420402A;PR;Vila Andreas;-25,44889;-49,55519;2025-09-01 12:00:00.0;0,00
CAMPO LARGO;410420402A;PR;Vila Andreas;-25,44889;-49,55519;2025-09-01 13:00:00.0;0,00
CAMPO LARGO;410420402A;PR;Vila Andreas;-25,44889;-49,55519;2025-09-01 14:00:00.0;0,00
CAMPO LARGO;410420402A;PR;Vila Andreas;-25,44889;-49,55519;2025-09-01 15:00:00.0;0,00
CAMPO LARGO;410420402A;PR;Vila Andreas;-25,44889;-49,55519;2025-09-01 16:00:00.0;0,00
CAMPO LARGO;410420402A;PR;Vila Andreas;-25,44889;-49,55519;2025-09-01 17:00:00.0;0,00
CAMPO LARGO;410420402A;PR;Vila Andreas;-25,44889;-49,55519;2025-09-01 18:00:00.0;0,00
CAMPO LARGO;410420402A;PR;Vila Andreas;-25,44889;-49,55519;2025-09-01 19:00:00.0;0,00
CAMPO LARGO;410420402A;PR;Vila Andreas;-25,44889;-49,55519;2025-09-01 20:00:00.0;0,00
CAMPO LARGO;410420402A;PR;Vila Andreas;-25,44889;-49,55519;2025-09-01 21:00:00.0;0,00
CAMPO LARGO;410420402A;PR;Vila Andreas;-25,44889;-49,55519;2025-09-01 22:00:00.0;0,00
CAMPO LARGO;410420402A;PR;Vila Andreas;-25,44889;-49,55519;2025-09-01 23:00:00.0;0,00
CAMPO LARGO;410420402A;PR;Vila Andreas;-25,44889;-49,55519;2025-09-02 00:00:00.0;0,00
CAMPO LARGO;410420402A;PR;Vila Andreas;-25,44889;-49,55519;2025-09-02 01:00:00.0;0,00
CAMPO LARGO;410420402A;PR;Vila Andreas;-25,44889;-49,55519;2025-09-02 02:00:00.0;0,00
CAMPO LARGO;410420402A;PR;Vila Andreas;-25,44889;-49,55519;2025-09-02 03:00:00.0;0,00
CAMPO LARGO;410420402A;PR;Vila Andreas;-25,44889;-49,55519;2025-09-02 04:00:00.0;0,00
CAMPO LARGO;410420402A;PR;Vila Andreas;-25,44889;-49,55519;2025-09-02 05:00:00.0;0,00
CAMPO LARGO;410420402A;PR;Vila Andreas;-25,44889;-49,55519;2025-09-02 06:00:00.0;0,00
CAMPO LARGO;410420402A;PR;Vila Andreas;-25,44889;-49,55519;2025-09-02 07:00:00.0;0,00
CAMPO LARGO;410420402A;PR;Vila Andreas;-25,44889;-49,55519;2025-09-02 08:00:00.0;0,00
CAMPO LARGO;410420402A;PR;Vila Andreas;-25,44889;-49,55519;2025-09-02 09:00:00.0;0,00
CAMPO LARGO;410420402A;PR;Vila Andreas;-25,44889;-49,55519;2025-09-02 10:00:00.0;0,00
CAMPO LARGO;410420402A;PR;Vila Andreas;-25,44889;-49,55519;2025-09-02 11:00:00.0;0,00
CAMPO LARGO;410420402A;PR;Vila Andreas;-25,44889;-49,55519;2025-09-02 12:00:00.0;0,00
CAMPO LARGO;410420402A;PR;Vila Andreas;-25,44889;-49,55519;2025-09-02 13:00:00.0;0,00
CAMPO LARGO;410420402A;PR;Vila Andreas;-25,44889;-49,55519;2025-09-02 14:00:00.0;0,00
CAMPO LARGO;410420402A;PR;Vila Andreas;-25,44889;-49,55519;2025-09-02 15:00:00.0;0,00
CAMPO LARGO;410420402A;PR;Vila Andreas;-25,44889;-49,55519;2025-09-02 16:40:00.0;0,00
CAMPO LARGO;410420402A;PR;Vila Andreas;-25,44889;-49,55519;2025-09-02 17:00:00.0;0,00
CAMPO LARGO;410420402A;PR;Vila Andreas;-25,44889;-49,55519;2025-09-02 18:00:00.0;0,00
CAMPO LARGO;410420402A;PR;Vila Andreas;-25,44889;-49,55519;2025-09-02 19:10:00.0;0,00
CAMPO LARGO;410420402A;PR;Vila Andreas;-25,44889;-49,55519;2025-09-02 20:00:00.0;0,00
CAMPO LARGO;410420402A;PR;Vila Andreas;-25,44889;-49,55519;2025-09-02 21:00:00.0;0,00
CAMPO LARGO;410420402A;PR;Vila Andreas;-25,44889;-49,55519;2025-09-02 22:00:00.0;0,00
CAMPO LARGO;410420402A;PR;Vila Andreas;-25,44889;-49,55519;2025-09-02 23:00:00.0;0,00
CAMPO LARGO;410420402A;PR;Vila Andreas;-25,44889;-49,55519;2025-09-03 00:00:00.0;0,00
CAMPO LARGO;410420402A;PR;Vila Andreas;-25,44889;-49,55519;2025-09-03 01:00:00.0;0,00
CAMPO LARGO;410420402A;PR;Vila Andreas;-25,44889;-49,55519;2025-09-03 02:00:00.0;0,00
CAMPO LARGO;410420402A;PR;Vila Andreas;-25,44889;-49,55519;2025-09-03 03:00:00.0;0,00
CAMPO LARGO;410420402A;PR;Vila Andreas;-25,44889;-49,55519;2025-09-03 04:00:00.0;0,00
CAMPO LARGO;410420402A;PR;Vila Andreas;-25,44889;-49,55519;2025-09-03 05:00:00.0;0,00
CAMPO LARGO;410420402A;PR;Vila Andreas;-25,44889;-49,55519;2025-09-03 06:00:00.0;0,00
CAMPO LARGO;410420402A;PR;Vila Andreas;-25,44889;-49,55519;2025-09-03 07:00:00.0;0,00
CAMPO LARGO;410420402A;PR;Vila Andreas;-25,44889;-49,55519;2025-09-03 08:00:00.0;0,00
CAMPO LARGO;410420402A;PR;Vila Andreas;-25,44889;-49,55519;2025-09-03 09:00:00.0;0,00
CAMPO LARGO;410420402A;PR;Vila Andreas;-25,44889;-49,55519;2025-09-03 10:00:00.0;0,00
CAMPO LARGO;410420402A;PR;Vila Andreas;-25,44889;-49,55519;2025-09-03 11:00:00.0;0,00
CAMPO LARGO;410420402A;PR;Vila Andreas;-25,44889;-49,55519;2025-09-03 12:00:00.0;0,00
CAMPO LARGO;410420402A;PR;Vila Andreas;-25,44889;-49,55519;2025-09-03 13:00:00.0;0,00
CAMPO LARGO;410420402A;PR;Vila Andreas;-25,44889;-49,55519;2025-09-03 14:00:00.0;0,00
CAMPO LARGO;410420402A;PR;Vila Andreas;-25,44889;-49,55519;2025-09-03 15:00:00.0;0,00
CAMPO LARGO;410420402A;PR;Vila Andreas;-25,44889;-49,55519;2025-09-03 16:00:00.0;0,00
CAMPO LARGO;410420402A;PR;Vila Andreas;-25,44889;-49,55519;2025-09-03 17:00:00.0;0,00
CAMPO LARGO;410420402A;PR;Vila Andreas;-25,44889;-49,55519;2025-09-03 18:00:00.0;0,00
CAMPO LARGO;410420402A;PR;Vila Andreas;-25,44889;-49,55519;2025-09-03 19:00:00.0;0,00
CAMPO LARGO;410420402A;PR;Vila Andreas;-25,44889;-49,55519;2025-09-03 20:00:00.0;0,00
CAMPO LARGO;410420402A;PR;Vila Andreas;-25,44889;-49,55519;2025-09-03 21:00:00.0;0,00
CAMPO LARGO;410420402A;PR;Vila Andreas;-25,44889;-49,55519;2025-09-03 22:00:00.0;0,00
CAMPO LARGO;410420402A;PR;Vila Andreas;-25,44889;-49,55519;2025-09-03 23:00:00.0;0,00
CAMPO LARGO;410420402A;PR;Vila Andreas;-25,44889;-49,55519;2025-09-04 00:00:00.0;0,00
CAMPO LARGO;410420402A;PR;Vila Andreas;-25,44889;-49,55519;2025-09-04 01:00:00.0;0,00
CAMPO LARGO;410420402A;PR;Vila Andreas;-25,44889;-49,55519;2025-09-04 02:00:00.0;0,00
CAMPO LARGO;410420402A;PR;Vila Andreas;-25,44889;-49,55519;2025-09-04 03:00:00.0;0,00
CAMPO LARGO;410420402A;PR;Vila Andreas;-25,44889;-49,55519;2025-09-04 04:00:00.0;0,00
CAMPO LARGO;410420402A;PR;Vila Andreas;-25,44889;-49,55519;2025-09-04 05:00:00.0;0,00
CAMPO LARGO;410420402A;PR;Vila Andreas;-25,44889;-49,55519;2025-09-04 06:00:00.0;0,00
CAMPO LARGO;410420402A;PR;Vila Andreas;-25,44889;-49,55519;2025-09-04 07:00:00.0;0,00
CAMPO LARGO;410420402A;PR;Vila Andreas;-25,44889;-49,55519;2025-09-04 08:00:00.0;0,00
CAMPO LARGO;410420402A;PR;Vila Andreas;-25,44889;-49,55519;2025-09-04 09:00:00.0;0,00
CAMPO LARGO;410420402A;PR;Vila Andreas;-25,44889;-49,55519;2025-09-04 10:00:00.0;0,00
CAMPO LARGO;410420402A;PR;Vila Andreas;-25,44889;-49,55519;2025-09-04 11:00:00.0;0,00
CAMPO LARGO;410420402A;PR;Vila Andreas;-25,44889;-49,55519;2025-09-04 12:00:00.0;0,00
CAMPO LARGO;410420402A;PR;Vila Andreas;-25,44889;-49,55519;2025-09-04 13:00:00.0;0,00
CAMPO LARGO;410420402A;PR;Vila Andreas;-25,44889;-49,55519;2025-09-04 14:00:00.0;0,00
CAMPO LARGO;410420402A;PR;Vila Andreas;-25,44889;-49,55519;2025-09-04 15:00:00.0;0,00
CAMPO LARGO;410420402A;PR;Vila Andreas;-25,44889;-49,55519;2025-09-04 16:00:00.0;0,00
CAMPO LARGO;410420402A;PR;Vila Andreas;-25,44889;-49,55519;2025-09-04 17:00:00.0;0,00
CAMPO LARGO;410420402A;PR;Vila Andreas;-25,44889;-49,55519;2025-09-04 18:00:00.0;0,00
CAMPO LARGO;410420402A;PR;Vila Andreas;-25,44889;-49,55519;2025-09-04 19:00:00.0;0,00
CAMPO LARGO;410420402A;PR;Vila Andreas;-25,44889;-49,55519;2025-09-04 20:00:00.0;0,00
CAMPO LARGO;410420402A;PR;Vila Andreas;-25,44889;-49,55519;2025-09-04 21:00:00.0;0,00
CAMPO LARGO;410420402A;PR;Vila Andreas;-25,44889;-49,55519;2025-09-04 22:00:00.0;0,00
CAMPO LARGO;410420402A;PR;Vila Andreas;-25,44889;-49,55519;2025-09-04 23:00:00.0;0,00
CAMPO LARGO;410420402A;PR;Vila Andreas;-25,44889;-49,55519;2025-09-05 00:00:00.0;0,00
CAMPO LARGO;410420402A;PR;Vila Andreas;-25,44889;-49,55519;2025-09-05 01:00:00.0;0,00
CAMPO LARGO;410420402A;PR;Vila Andreas;-25,44889;-49,55519;2025-09-05 02:00:00.0;0,00
CAMPO LARGO;410420402A;PR;Vila Andreas;-25,44889;-49,55519;2025-09-05 03:00:00.0;0,00
CAMPO LARGO;410420402A;PR;Vila Andreas;-25,44889;-49,55519;2025-09-05 04:00:00.0;0,00
CAMPO LARGO;410420402A;PR;Vila Andreas;-25,44889;-49,55519;2025-09-05 05:00:00.0;0,00
CAMPO LARGO;410420402A;PR;Vila Andreas;-25,44889;-49,55519;2025-09-05 06:00:00.0;0,00
CAMPO LARGO;410420402A;PR;Vila Andreas;-25,44889;-49,55519;2025-09-05 07:00:00.0;0,00
CAMPO LARGO;410420402A;PR;Vila Andreas;-25,44889;-49,55519;2025-09-05 08:00:00.0;0,00
CAMPO LARGO;410420402A;PR;Vila Andreas;-25,44889;-49,55519;2025-09-05 09:00:00.0;0,00
CAMPO LARGO;410420402A;PR;Vila Andreas;-25,44889;-49,55519;2025-09-05 10:00:00.0;0,00
CAMPO LARGO;410420402A;PR;Vila Andreas;-25,44889;-49,55519;2025-09-05 11:00:00.0;0,00
CAMPO LARGO;410420402A;PR;Vila Andreas;-25,44889;-49,55519;2025-09-05 12:00:00.0;0,00
CAMPO LARGO;410420402A;PR;Vila Andreas;-25,44889;-49,55519;2025-09-05 13:00:00.0;0,00
CAMPO LARGO;410420402A;PR;Vila Andreas;-25,44889;-49,55519;2025-09-05 14:00:00.0;0,00
CAMPO LARGO;410420402A;PR;Vila Andreas;-25,44889;-49,55519;2025-09-05 15:00:00.0;0,00
CAMPO LARGO;410420402A;PR;Vila Andreas;-25,44889;-49,55519;2025-09-05 16:00:00.0;0,00
CAMPO LARGO;410420402A;PR;Vila Andreas;-25,44889;-49,55519;2025-09-05 17:00:00.0;0,00
CAMPO LARGO;410420402A;PR;Vila Andreas;-25,44889;-49,55519;2025-09-05 18:00:00.0;0,00
CAMPO LARGO;410420402A;PR;Vila Andreas;-25,44889;-49,55519;2025-09-05 19:00:00.0;0,00
CAMPO LARGO;410420402A;PR;Vila Andreas;-25,44889;-49,55519;2025-09-05 20:00:00.0;0,00
CAMPO LARGO;410420402A;PR;Vila Andreas;-25,44889;-49,55519;2025-09-05 21:00:00.0;0,00
CAMPO LARGO;410420402A;PR;Vila Andreas;-25,44889;-49,55519;2025-09-05 22:00:00.0;0,00
CAMPO LARGO;410420402A;PR;Vila Andreas;-25,44889;-49,55519;2025-09-05 23:00:00.0;0,00
CAMPO LARGO;410420402A;PR;Vila Andreas;-25,44889;-49,55519;2025-09-06 00:00:00.0;0,00
CAMPO LARGO;410420402A;PR;Vila Andreas;-25,44889;-49,55519;2025-09-06 00:50:00.0;0,20
CAMPO LARGO;410420402A;PR;Vila Andreas;-25,44889;-49,55519;2025-09-06 01:00:00.0;0,00
CAMPO LARGO;410420402A;PR;Vila Andreas;-25,44889;-49,55519;2025-09-06 01:10:00.0;0,40
CAMPO LARGO;410420402A;PR;Vila Andreas;-25,44889;-49,55519;2025-09-06 01:50:00.0;0,20
CAMPO LARGO;410420402A;PR;Vila Andreas;-25,44889;-49,55519;2025-09-06 02:00:00.0;0,00
CAMPO LARGO;410420402A;PR;Vila Andreas;-25,44889;-49,55519;2025-09-06 03:00:00.0;0,00
CAMPO LARGO;410420402A;PR;Vila Andreas;-25,44889;-49,55519;2025-09-06 04:00:00.0;0,00
CAMPO LARGO;410420402A;PR;Vila Andreas;-25,44889;-49,55519;2025-09-06 05:00:00.0;0,00
CAMPO LARGO;410420402A;PR;Vila Andreas;-25,44889;-49,55519;2025-09-06 06:00:00.0;0,00
CAMPO LARGO;410420402A;PR;Vila Andreas;-25,44889;-49,55519;2025-09-06 07:00:00.0;0,00
CAMPO LARGO;410420402A;PR;Vila Andreas;-25,44889;-49,55519;2025-09-06 08:00:00.0;0,00
CAMPO LARGO;410420402A;PR;Vila Andreas;-25,44889;-49,55519;2025-09-06 09:00:00.0;0,00
CAMPO LARGO;410420402A;PR;Vila Andreas;-25,44889;-49,55519;2025-09-06 10:00:00.0;0,00
CAMPO LARGO;410420402A;PR;Vila Andreas;-25,44889;-49,55519;2025-09-06 11:00:00.0;0,00
CAMPO LARGO;410420402A;PR;Vila Andreas;-25,44889;-49,55519;2025-09-06 11:20:00.0;0,20
CAMPO LARGO;410420402A;PR;Vila Andreas;-25,44889;-49,55519;2025-09-06 12:00:00.0;0,00
CAMPO LARGO;410420402A;PR;Vila Andreas;-25,44889;-49,55519;2025-09-06 13:00:00.0;0,00
CAMPO LARGO;410420402A;PR;Vila Andreas;-25,44889;-49,55519;2025-09-06 14:00:00.0;0,00
CAMPO LARGO;410420402A;PR;Vila Andreas;-25,44889;-49,55519;2025-09-06 15:00:00.0;0,00
CAMPO LARGO;410420402A;PR;Vila Andreas;-25,44889;-49,55519;2025-09-06 16:00:00.0;0,00
CAMPO LARGO;410420402A;PR;Vila Andreas;-25,44889;-49,55519;2025-09-06 17:00:00.0;0,00
CAMPO LARGO;410420402A;PR;Vila Andreas;-25,44889;-49,55519;2025-09-06 18:00:00.0;0,00
CAMPO LARGO;410420402A;PR;Vila Andreas;-25,44889;-49,55519;2025-09-06 19:00:00.0;0,00
CAMPO LARGO;410420402A;PR;Vila Andreas;-25,44889;-49,55519;2025-09-06 20:00:00.0;0,00
CAMPO LARGO;410420402A;PR;Vila Andreas;-25,44889;-49,55519;2025-09-06 21:00:00.0;0,00
CAMPO LARGO;410420402A;PR;Vila Andreas;-25,44889;-49,55519;2025-09-06 22:00:00.0;0,00
CAMPO LARGO;410420402A;PR;Vila Andreas;-25,44889;-49,55519;2025-09-06 23:00:00.0;0,00
CAMPO LARGO;410420402A;PR;Vila Andreas;-25,44889;-49,55519;2025-09-07 00:00:00.0;0,00
CAMPO LARGO;410420402A;PR;Vila Andreas;-25,44889;-49,55519;2025-09-07 01:00:00.0;0,00
CAMPO LARGO;410420402A;PR;Vila Andreas;-25,44889;-49,55519;2025-09-07 02:00:00.0;0,00
CAMPO LARGO;410420402A;PR;Vila Andreas;-25,44889;-49,55519;2025-09-07 03:00:00.0;0,00
CAMPO LARGO;410420402A;PR;Vila Andreas;-25,44889;-49,55519;2025-09-07 04:00:00.0;0,00
CAMPO LARGO;410420402A;PR;Vila Andreas;-25,44889;-49,55519;2025-09-07 05:00:00.0;0,00
CAMPO LARGO;410420402A;PR;Vila Andreas;-25,44889;-49,55519;2025-09-07 06:00:00.0;0,00
CAMPO LARGO;410420402A;PR;Vila Andreas;-25,44889;-49,55519;2025-09-07 07:00:00.0;0,00
CAMPO LARGO;410420402A;PR;Vila Andreas;-25,44889;-49,55519;2025-09-07 08:00:00.0;0,00
CAMPO LARGO;410420402A;PR;Vila Andreas;-25,44889;-49,55519;2025-09-07 08:20:00.0;0,20
CAMPO LARGO;410420402A;PR;Vila Andreas;-25,44889;-49,55519;2025-09-07 09:00:00.0;0,00
CAMPO LARGO;410420402A;PR;Vila Andreas;-25,44889;-49,55519;2025-09-07 10:00:00.0;0,00
CAMPO LARGO;410420402A;PR;Vila Andreas;-25,44889;-49,55519;2025-09-07 11:00:00.0;0,00
CAMPO LARGO;410420402A;PR;Vila Andreas;-25,44889;-49,55519;2025-09-07 12:00:00.0;0,00
CAMPO LARGO;410420402A;PR;Vila Andreas;-25,44889;-49,55519;2025-09-07 13:00:00.0;0,00
CAMPO LARGO;410420402A;PR;Vila Andreas;-25,44889;-49,55519;2025-09-07 14:00:00.0;0,00
CAMPO LARGO;410420402A;PR;Vila Andreas;-25,44889;-49,55519;2025-09-07 15:00:00.0;0,00
CAMPO LARGO;410420402A;PR;Vila Andreas;-25,44889;-49,55519;2025-09-07 16:00:00.0;0,00
CAMPO LARGO;410420402A;PR;Vila Andreas;-25,44889;-49,55519;2025-09-07 17:00:00.0;0,00
CAMPO LARGO;410420402A;PR;Vila Andreas;-25,44889;-49,55519;2025-09-07 18:00:00.0;0,00
CAMPO LARGO;410420402A;PR;Vila Andreas;-25,44889;-49,55519;2025-09-07 19:00:00.0;0,00
CAMPO LARGO;410420402A;PR;Vila Andreas;-25,44889;-49,55519;2025-09-07 20:00:00.0;0,00
CAMPO LARGO;410420402A;PR;Vila Andreas;-25,44889;-49,55519;2025-09-07 21:00:00.0;0,00
CAMPO LARGO;410420402A;PR;Vila Andreas;-25,44889;-49,55519;2025-09-07 22:00:00.0;0,00
CAMPO LARGO;410420402A;PR;Vila Andreas;-25,44889;-49,55519;2025-09-07 23:00:00.0;0,00
CAMPO LARGO;410420402A;PR;Vila Andreas;-25,44889;-49,55519;2025-09-08 00:00:00.0;0,00
CAMPO LARGO;410420402A;PR;Vila Andreas;-25,44889;-49,55519;2025-09-08 01:00:00.0;0,00
CAMPO LARGO;410420402A;PR;Vila Andreas;-25,44889;-49,55519;2025-09-08 02:00:00.0;0,00
CAMPO LARGO;410420402A;PR;Vila Andreas;-25,44889;-49,55519;2025-09-08 03:00:00.0;0,00
CAMPO LARGO;410420402A;PR;Vila Andreas;-25,44889;-49,55519;2025-09-08 04:00:00.0;0,00
CAMPO LARGO;410420402A;PR;Vila Andreas;-25,44889;-49,55519;2025-09-08 05:00:00.0;0,00
CAMPO LARGO;410420402A;PR;Vila Andreas;-25,44889;-49,55519;2025-09-08 06:00:00.0;0,00
CAMPO LARGO;410420402A;PR;Vila Andreas;-25,44889;-49,55519;2025-09-08 07:00:00.0;0,00
CAMPO LARGO;410420402A;PR;Vila Andreas;-25,44889;-49,55519;2025-09-08 08:00:00.0;0,00
CAMPO LARGO;410420402A;PR;Vila Andreas;-25,44889;-49,55519;2025-09-08 09:00:00.0;0,00
CAMPO LARGO;410420402A;PR;Vila Andreas;-25,44889;-49,55519;2025-09-08 10:00:00.0;0,00
CAMPO LARGO;410420402A;PR;Vila Andreas;-25,44889;-49,55519;2025-09-08 11:00:00.0;0,00
CAMPO LARGO;410420402A;PR;Vila Andreas;-25,44889;-49,55519;2025-09-08 12:00:00.0;0,00
CAMPO LARGO;410420402A;PR;Vila Andreas;-25,44889;-49,55519;2025-09-08 13:00:00.0;0,00
CAMPO LARGO;410420402A;PR;Vila Andreas;-25,44889;-49,55519;2025-09-08 14:00:00.0;0,00
CAMPO LARGO;410420402A;PR;Vila Andreas;-25,44889;-49,55519;2025-09-08 15:00:00.0;0,00
CAMPO LARGO;410420402A;PR;Vila Andreas;-25,44889;-49,55519;2025-09-08 16:10:00.0;0,00
CAMPO LARGO;410420402A;PR;Vila Andreas;-25,44889;-49,55519;2025-09-08 17:20:00.0;0,00
CAMPO LARGO;410420402A;PR;Vila Andreas;-25,44889;-49,55519;2025-09-08 18:00:00.0;0,00
CAMPO LARGO;410420402A;PR;Vila Andreas;-25,44889;-49,55519;2025-09-08 19:40:00.0;0,00
CAMPO LARGO;410420402A;PR;Vila Andreas;-25,44889;-49,55519;2025-09-08 20:00:00.0;0,00
CAMPO LARGO;410420402A;PR;Vila Andreas;-25,44889;-49,55519;2025-09-08 21:10:00.0;0,00
CAMPO LARGO;410420402A;PR;Vila Andreas;-25,44889;-49,55519;2025-09-08 22:10:00.0;0,00
CAMPO LARGO;410420402A;PR;Vila Andreas;-25,44889;-49,55519;2025-09-08 23:00:00.0;0,00
CAMPO LARGO;410420402A;PR;Vila Andreas;-25,44889;-49,55519;2025-09-09 01:10:00.0;0,00
CAMPO LARGO;410420402A;PR;Vila Andreas;-25,44889;-49,55519;2025-09-09 02:30:00.0;0,00
CAMPO LARGO;410420402A;PR;Vila Andreas;-25,44889;-49,55519;2025-09-09 03:10:00.0;0,00
CAMPO LARGO;410420402A;PR;Vila Andreas;-25,44889;-49,55519;2025-09-09 04:00:00.0;0,00
CAMPO LARGO;410420402A;PR;Vila Andreas;-25,44889;-49,55519;2025-09-09 06:20:00.0;0,00
CAMPO LARGO;410420402A;PR;Vila Andreas;-25,44889;-49,55519;2025-09-09 07:30:00.0;0,00
CAMPO LARGO;410420402A;PR;Vila Andreas;-25,44889;-49,55519;2025-09-09 08:20:00.0;0,00
CAMPO LARGO;410420402A;PR;Vila Andreas;-25,44889;-49,55519;2025-09-09 09:00:00.0;0,00
CAMPO LARGO;410420402A;PR;Vila Andreas;-25,44889;-49,55519;2025-09-09 09:30:00.0;0,80
CAMPO LARGO;410420402A;PR;Vila Andreas;-25,44889;-49,55519;2025-09-09 09:40:00.0;0,80
CAMPO LARGO;410420402A;PR;Vila Andreas;-25,44889;-49,55519;2025-09-09 09:50:00.0;1,00
CAMPO LARGO;410420402A;PR;Vila Andreas;-25,44889;-49,55519;2025-09-09 10:00:00.0;0,20
CAMPO LARGO;410420402A;PR;Vila Andreas;-25,44889;-49,55519;2025-09-09 10:10:00.0;0,60
CAMPO LARGO;410420402A;PR;Vila Andreas;-25,44889;-49,55519;2025-09-09 10:20:00.0;0,40
CAMPO LARGO;410420402A;PR;Vila Andreas;-25,44889;-49,55519;2025-09-09 10:30:00.0;1,00
CAMPO LARGO;410420402A;PR;Vila Andreas;-25,44889;-49,55519;2025-09-09 10:40:00.0;0,60
CAMPO LARGO;410420402A;PR;Vila Andreas;-25,44889;-49,55519;2025-09-09 11:00:00.0;0,00
CAMPO LARGO;410420402A;PR;Vila Andreas;-25,44889;-49,55519;2025-09-09 11:20:00.0;0,20
CAMPO LARGO;410420402A;PR;Vila Andreas;-25,44889;-49,55519;2025-09-09 12:00:00.0;0,20
CAMPO LARGO;410420402A;PR;Vila Andreas;-25,44889;-49,55519;2025-09-09 12:10:00.0;0,00
CAMPO LARGO;410420402A;PR;Vila Andreas;-25,44889;-49,55519;2025-09-09 13:00:00.0;0,00
CAMPO LARGO;410420402A;PR;Vila Andreas;-25,44889;-49,55519;2025-09-09 14:00:00.0;0,00
CAMPO LARGO;410420402A;PR;Vila Andreas;-25,44889;-49,55519;2025-09-09 15:00:00.0;0,00
CAMPO LARGO;410420402A;PR;Vila Andreas;-25,44889;-49,55519;2025-09-09 16:00:00.0;0,00
CAMPO LARGO;410420402A;PR;Vila Andreas;-25,44889;-49,55519;2025-09-09 17:00:00.0;0,00
CAMPO LARGO;410420402A;PR;Vila Andreas;-25,44889;-49,55519;2025-09-09 18:00:00.0;0,00
CAMPO LARGO;410420402A;PR;Vila Andreas;-25,44889;-49,55519;2025-09-09 19:00:00.0;0,00
CAMPO LARGO;410420402A;PR;Vila Andreas;-25,44889;-49,55519;2025-09-09 19:40:00.0;0,20
CAMPO LARGO;410420402A;PR;Vila Andreas;-25,44889;-49,55519;2025-09-16 03:20:00.0;0,20
CAMPO LARGO;410420402A;PR;Vila Andreas;-25,44889;-49,55519;2025-09-16 04:00:00.0;0,00
CAMPO LARGO;410420402A;PR;Vila Andreas;-25,44889;-49,55519;2025-09-16 04:30:00.0;0,20
CAMPO LARGO;410420402A;PR;Vila Andreas;-25,44889;-49,55519;2025-09-16 04:40:00.0;0,20
CAMPO LARGO;410420402A;PR;Vila Andreas;-25,44889;-49,55519;2025-09-16 05:00:00.0;0,00
CAMPO LARGO;410420402A;PR;Vila Andreas;-25,44889;-49,55519;2025-09-16 05:40:00.0;0,20
CAMPO LARGO;410420402A;PR;Vila Andreas;-25,44889;-49,55519;2025-09-16 05:50:00.0;0,20
CAMPO LARGO;410420402A;PR;Vila Andreas;-25,44889;-49,55519;2025-09-16 06:00:00.0;0,60
CAMPO LARGO;410420402A;PR;Vila Andreas;-25,44889;-49,55519;2025-09-16 06:10:00.0;0,80
CAMPO LARGO;410420402A;PR;Vila Andreas;-25,44889;-49,55519;2025-09-16 06:20:00.0;0,60
CAMPO LARGO;410420402A;PR;Vila Andreas;-25,44889;-49,55519;2025-09-16 06:30:00.0;0,20
CAMPO LARGO;410420402A;PR;Vila Andreas;-25,44889;-49,55519;2025-09-16 06:40:00.0;0,40
CAMPO LARGO;410420402A;PR;Vila Andreas;-25,44889;-49,55519;2025-09-16 06:50:00.0;0,20
CAMPO LARGO;410420402A;PR;Vila Andreas;-25,44889;-49,55519;2025-09-16 07:00:00.0;0,00
CAMPO LARGO;410420402A;PR;Vila Andreas;-25,44889;-49,55519;2025-09-16 08:00:00.0;0,00
CAMPO LARGO;410420402A;PR;Vila Andreas;-25,44889;-49,55519;2025-09-16 09:00:00.0;0,00
CAMPO LARGO;410420402A;PR;Vila Andreas;-25,44889;-49,55519;2025-09-16 10:00:00.0;0,00
CAMPO LARGO;410420402A;PR;Vila Andreas;-25,44889;-49,55519;2025-09-16 11:00:00.0;0,00
CAMPO LARGO;410420402A;PR;Vila Andreas;-25,44889;-49,55519;2025-09-16 12:00:00.0;0,00
CAMPO LARGO;410420402A;PR;Vila Andreas;-25,44889;-49,55519;2025-09-16 13:00:00.0;0,00
CAMPO LARGO;410420402A;PR;Vila Andreas;-25,44889;-49,55519;2025-09-16 14:00:00.0;0,00
CAMPO LARGO;410420402A;PR;Vila Andreas;-25,44889;-49,55519;2025-09-16 15:00:00.0;0,00
CAMPO LARGO;410420402A;PR;Vila Andreas;-25,44889;-49,55519;2025-09-16 16:00:00.0;0,00
CAMPO LARGO;410420402A;PR;Vila Andreas;-25,44889;-49,55519;2025-09-16 17:00:00.0;0,00
CAMPO LARGO;410420402A;PR;Vila Andreas;-25,44889;-49,55519;2025-09-16 18:00:00.0;0,00
CAMPO LARGO;410420402A;PR;Vila Andreas;-25,44889;-49,55519;2025-09-16 19:00:00.0;0,00
CAMPO LARGO;410420402A;PR;Vila Andreas;-25,44889;-49,55519;2025-09-16 20:00:00.0;0,00
CAMPO LARGO;410420402A;PR;Vila Andreas;-25,44889;-49,55519;2025-09-16 21:00:00.0;0,00
CAMPO LARGO;410420402A;PR;Vila Andreas;-25,44889;-49,55519;2025-09-16 22:00:00.0;0,00
CAMPO LARGO;410420402A;PR;Vila Andreas;-25,44889;-49,55519;2025-09-16 23:00:00.0;0,00
CAMPO LARGO;410420402A;PR;Vila Andreas;-25,44889;-49,55519;2025-09-17 00:00:00.0;0,00
CAMPO LARGO;410420402A;PR;Vila Andreas;-25,44889;-49,55519;2025-09-17 01:00:00.0;0,00
CAMPO LARGO;410420402A;PR;Vila Andreas;-25,44889;-49,55519;2025-09-17 02:00:00.0;0,00
CAMPO LARGO;410420402A;PR;Vila Andreas;-25,44889;-49,55519;2025-09-17 03:00:00.0;0,00
CAMPO LARGO;410420402A;PR;Vila Andreas;-25,44889;-49,55519;2025-09-17 04:00:00.0;0,00
CAMPO LARGO;410420402A;PR;Vila Andreas;-25,44889;-49,55519;2025-09-17 05:00:00.0;0,00
CAMPO LARGO;410420402A;PR;Vila Andreas;-25,44889;-49,55519;2025-09-17 06:00:00.0;0,00
CAMPO LARGO;410420402A;PR;Vila Andreas;-25,44889;-49,55519;2025-09-17 07:00:00.0;0,00
CAMPO LARGO;410420402A;PR;Vila Andreas;-25,44889;-49,55519;2025-09-17 08:00:00.0;0,00
CAMPO LARGO;410420402A;PR;Vila Andreas;-25,44889;-49,55519;2025-09-17 09:00:00.0;0,00
CAMPO LARGO;410420402A;PR;Vila Andreas;-25,44889;-49,55519;2025-09-17 10:00:00.0;0,00
CAMPO LARGO;410420402A;PR;Vila Andreas;-25,44889;-49,55519;2025-09-17 11:00:00.0;0,00
CAMPO LARGO;410420402A;PR;Vila Andreas;-25,44889;-49,55519;2025-09-17 12:00:00.0;0,00
CAMPO LARGO;410420402A;PR;Vila Andreas;-25,44889;-49,55519;2025-09-17 13:00:00.0;0,00
CAMPO LARGO;410420402A;PR;Vila Andreas;-25,44889;-49,55519;2025-09-17 14:00:00.0;0,00
CAMPO LARGO;410420402A;PR;Vila Andreas;-25,44889;-49,55519;2025-09-17 15:00:00.0;0,00
CAMPO LARGO;410420402A;PR;Vila Andreas;-25,44889;-49,55519;2025-09-17 16:00:00.0;0,00
CAMPO LARGO;410420402A;PR;Vila Andreas;-25,44889;-49,55519;2025-09-17 17:00:00.0;0,00
CAMPO LARGO;410420402A;PR;Vila Andreas;-25,44889;-49,55519;2025-09-17 18:00:00.0;0,00
CAMPO LARGO;410420402A;PR;Vila Andreas;-25,44889;-49,55519;2025-09-17 19:00:00.0;0,00
CAMPO LARGO;410420402A;PR;Vila Andreas;-25,44889;-49,55519;2025-09-17 20:00:00.0;0,00
CAMPO LARGO;410420402A;PR;Vila Andreas;-25,44889;-49,55519;2025-09-17 21:00:00.0;0,00
CAMPO LARGO;410420402A;PR;Vila Andreas;-25,44889;-49,55519;2025-09-17 22:00:00.0;0,00
CAMPO LARGO;410420402A;PR;Vila Andreas;-25,44889;-49,55519;2025-09-17 23:00:00.0;0,00
CAMPO LARGO;410420402A;PR;Vila Andreas;-25,44889;-49,55519;2025-09-18 00:00:00.0;0,00
CAMPO LARGO;410420402A;PR;Vila Andreas;-25,44889;-49,55519;2025-09-18 01:00:00.0;0,00
CAMPO LARGO;410420402A;PR;Vila Andreas;-25,44889;-49,55519;2025-09-18 02:00:00.0;0,00
CAMPO LARGO;410420402A;PR;Vila Andreas;-25,44889;-49,55519;2025-09-18 03:00:00.0;0,00
CAMPO LARGO;410420402A;PR;Vila Andreas;-25,44889;-49,55519;2025-09-18 04:00:00.0;0,00
CAMPO LARGO;410420402A;PR;Vila Andreas;-25,44889;-49,55519;2025-09-18 05:00:00.0;0,00
CAMPO LARGO;410420402A;PR;Vila Andreas;-25,44889;-49,55519;2025-09-18 06:00:00.0;0,00
CAMPO LARGO;410420402A;PR;Vila Andreas;-25,44889;-49,55519;2025-09-18 07:00:00.0;0,00
CAMPO LARGO;410420402A;PR;Vila Andreas;-25,44889;-49,55519;2025-09-18 08:00:00.0;0,00
CAMPO LARGO;410420402A;PR;Vila Andreas;-25,44889;-49,55519;2025-09-18 09:00:00.0;0,00
CAMPO LARGO;410420402A;PR;Vila Andreas;-25,44889;-49,55519;2025-09-18 10:00:00.0;0,00
CAMPO LARGO;410420402A;PR;Vila Andreas;-25,44889;-49,55519;2025-09-18 11:00:00.0;0,00
CAMPO LARGO;410420402A;PR;Vila Andreas;-25,44889;-49,55519;2025-09-18 12:00:00.0;0,00
CAMPO LARGO;410420402A;PR;Vila Andreas;-25,44889;-49,55519;2025-09-18 13:00:00.0;0,00
CAMPO LARGO;410420402A;PR;Vila Andreas;-25,44889;-49,55519;2025-09-18 14:00:00.0;0,00
CAMPO LARGO;410420402A;PR;Vila Andreas;-25,44889;-49,55519;2025-09-18 15:00:00.0;0,00
CAMPO LARGO;410420402A;PR;Vila Andreas;-25,44889;-49,55519;2025-09-18 16:00:00.0;0,00
CAMPO LARGO;410420402A;PR;Vila Andreas;-25,44889;-49,55519;2025-09-18 17:00:00.0;0,00
CAMPO LARGO;410420402A;PR;Vila Andreas;-25,44889;-49,55519;2025-09-18 18:00:00.0;0,00
CAMPO LARGO;410420402A;PR;Vila Andreas;-25,44889;-49,55519;2025-09-18 19:00:00.0;0,00
CAMPO LARGO;410420402A;PR;Vila Andreas;-25,44889;-49,55519;2025-09-18 20:00:00.0;0,00
CAMPO LARGO;410420402A;PR;Vila Andreas;-25,44889;-49,55519;2025-09-18 21:00:00.0;0,00
CAMPO LARGO;410420402A;PR;Vila Andreas;-25,44889;-49,55519;2025-09-18 22:00:00.0;0,00
CAMPO LARGO;410420402A;PR;Vila Andreas;-25,44889;-49,55519;2025-09-18 23:00:00.0;0,00
CAMPO LARGO;410420402A;PR;Vila Andreas;-25,44889;-49,55519;2025-09-19 00:00:00.0;0,00
CAMPO LARGO;410420402A;PR;Vila Andreas;-25,44889;-49,55519;2025-09-19 01:00:00.0;0,00
CAMPO LARGO;410420402A;PR;Vila Andreas;-25,44889;-49,55519;2025-09-19 02:00:00.0;0,00
CAMPO LARGO;410420402A;PR;Vila Andreas;-25,44889;-49,55519;2025-09-19 03:00:00.0;0,00
CAMPO LARGO;410420402A;PR;Vila Andreas;-25,44889;-49,55519;2025-09-19 04:00:00.0;0,00
CAMPO LARGO;410420402A;PR;Vila Andreas;-25,44889;-49,55519;2025-09-19 05:00:00.0;0,00
CAMPO LARGO;410420402A;PR;Vila Andreas;-25,44889;-49,55519;2025-09-19 06:00:00.0;0,00
CAMPO LARGO;410420402A;PR;Vila Andreas;-25,44889;-49,55519;2025-09-19 07:00:00.0;0,00
CAMPO LARGO;410420402A;PR;Vila Andreas;-25,44889;-49,55519;2025-09-19 08:00:00.0;0,00
CAMPO LARGO;410420402A;PR;Vila Andreas;-25,44889;-49,55519;2025-09-19 09:00:00.0;0,00
CAMPO LARGO;410420402A;PR;Vila Andreas;-25,44889;-49,55519;2025-09-19 10:00:00.0;0,00
CAMPO LARGO;410420402A;PR;Vila Andreas;-25,44889;-49,55519;2025-09-19 11:00:00.0;0,00
CAMPO LARGO;410420402A;PR;Vila Andreas;-25,44889;-49,55519;2025-09-19 12:00:00.0;0,00
CAMPO LARGO;410420402A;PR;Vila Andreas;-25,44889;-49,55519;2025-09-19 13:00:00.0;0,00
CAMPO LARGO;410420402A;PR;Vila Andreas;-25,44889;-49,55519;2025-09-19 14:00:00.0;0,00
CAMPO LARGO;410420402A;PR;Vila Andreas;-25,44889;-49,55519;2025-09-19 15:00:00.0;0,00
CAMPO LARGO;410420402A;PR;Vila Andreas;-25,44889;-49,55519;2025-09-19 16:00:00.0;0,00
CAMPO LARGO;410420402A;PR;Vila Andreas;-25,44889;-49,55519;2025-09-19 17:00:00.0;0,00
CAMPO LARGO;410420402A;PR;Vila Andreas;-25,44889;-49,55519;2025-09-19 18:00:00.0;0,00
CAMPO LARGO;410420402A;PR;Vila Andreas;-25,44889;-49,55519;2025-09-19 19:00:00.0;0,00
CAMPO LARGO;410420402A;PR;Vila Andreas;-25,44889;-49,55519;2025-09-19 20:00:00.0;0,00
CAMPO LARGO;410420402A;PR;Vila Andreas;-25,44889;-49,55519;2025-09-19 21:00:00.0;0,00
CAMPO LARGO;410420402A;PR;Vila Andreas;-25,44889;-49,55519;2025-09-19 22:00:00.0;0,00
CAMPO LARGO;410420402A;PR;Vila Andreas;-25,44889;-49,55519;2025-09-19 23:00:00.0;0,00
CAMPO LARGO;410420402A;PR;Vila Andreas;-25,44889;-49,55519;2025-09-20 00:00:00.0;0,00
CAMPO LARGO;410420402A;PR;Vila Andreas;-25,44889;-49,55519;2025-09-20 01:00:00.0;0,00
CAMPO LARGO;410420402A;PR;Vila Andreas;-25,44889;-49,55519;2025-09-20 02:00:00.0;0,00
CAMPO LARGO;410420402A;PR;Vila Andreas;-25,44889;-49,55519;2025-09-20 03:00:00.0;0,00
CAMPO LARGO;410420402A;PR;Vila Andreas;-25,44889;-49,55519;2025-09-20 04:00:00.0;0,00
CAMPO LARGO;410420402A;PR;Vila Andreas;-25,44889;-49,55519;2025-09-20 05:00:00.0;0,00
CAMPO LARGO;410420402A;PR;Vila Andreas;-25,44889;-49,55519;2025-09-20 06:00:00.0;0,00
CAMPO LARGO;410420402A;PR;Vila Andreas;-25,44889;-49,55519;2025-09-20 07:00:00.0;0,00
CAMPO LARGO;410420402A;PR;Vila Andreas;-25,44889;-49,55519;2025-09-20 08:00:00.0;0,00
CAMPO LARGO;410420402A;PR;Vila Andreas;-25,44889;-49,55519;2025-09-20 09:00:00.0;0,00
CAMPO LARGO;410420402A;PR;Vila Andreas;-25,44889;-49,55519;2025-09-20 10:00:00.0;0,00
CAMPO LARGO;410420402A;PR;Vila Andreas;-25,44889;-49,55519;2025-09-20 11:00:00.0;0,00
CAMPO LARGO;410420402A;PR;Vila Andreas;-25,44889;-49,55519;2025-09-20 12:00:00.0;0,00
CAMPO LARGO;410420402A;PR;Vila Andreas;-25,44889;-49,55519;2025-09-20 13:00:00.0;0,00
CAMPO LARGO;410420402A;PR;Vila Andreas;-25,44889;-49,55519;2025-09-20 14:00:00.0;0,00
CAMPO LARGO;410420402A;PR;Vila Andreas;-25,44889;-49,55519;2025-09-20 15:00:00.0;0,00
CAMPO LARGO;410420402A;PR;Vila Andreas;-25,44889;-49,55519;2025-09-20 16:00:00.0;0,00
CAMPO LARGO;410420402A;PR;Vila Andreas;-25,44889;-49,55519;2025-09-20 17:00:00.0;0,00
CAMPO LARGO;410420402A;PR;Vila Andreas;-25,44889;-49,55519;2025-09-20 18:00:00.0;0,00
CAMPO LARGO;410420402A;PR;Vila Andreas;-25,44889;-49,55519;2025-09-20 19:00:00.0;0,00
CAMPO LARGO;410420402A;PR;Vila Andreas;-25,44889;-49,55519;2025-09-20 20:00:00.0;0,00
CAMPO LARGO;410420402A;PR;Vila Andreas;-25,44889;-49,55519;2025-09-20 21:00:00.0;0,00
CAMPO LARGO;410420402A;PR;Vila Andreas;-25,44889;-49,55519;2025-09-20 22:00:00.0;0,00
CAMPO LARGO;410420402A;PR;Vila Andreas;-25,44889;-49,55519;2025-09-20 23:00:00.0;0,00
CAMPO LARGO;410420402A;PR;Vila Andreas;-25,44889;-49,55519;2025-09-21 00:00:00.0;0,00
CAMPO LARGO;410420402A;PR;Vila Andreas;-25,44889;-49,55519;2025-09-21 01:00:00.0;0,00
CAMPO LARGO;410420402A;PR;Vila Andreas;-25,44889;-49,55519;2025-09-21 02:00:00.0;0,00
CAMPO LARGO;410420402A;PR;Vila Andreas;-25,44889;-49,55519;2025-09-21 03:00:00.0;0,00
CAMPO LARGO;410420402A;PR;Vila Andreas;-25,44889;-49,55519;2025-09-21 04:00:00.0;0,00
CAMPO LARGO;410420402A;PR;Vila Andreas;-25,44889;-49,55519;2025-09-21 05:00:00.0;0,00
CAMPO LARGO;410420402A;PR;Vila Andreas;-25,44889;-49,55519;2025-09-21 06:00:00.0;0,00
CAMPO LARGO;410420402A;PR;Vila Andreas;-25,44889;-49,55519;2025-09-21 07:00:00.0;0,00
CAMPO LARGO;410420402A;PR;Vila Andreas;-25,44889;-49,55519;2025-09-21 08:00:00.0;0,00
CAMPO LARGO;410420402A;PR;Vila Andreas;-25,44889;-49,55519;2025-09-21 09:00:00.0;0,00
CAMPO LARGO;410420402A;PR;Vila Andreas;-25,44889;-49,55519;2025-09-21 10:00:00.0;0,00
CAMPO LARGO;410420402A;PR;Vila Andreas;-25,44889;-49,55519;2025-09-21 11:00:00.0;0,00
CAMPO LARGO;410420402A;PR;Vila Andreas;-25,44889;-49,55519;2025-09-21 12:00:00.0;0,00
CAMPO LARGO;410420402A;PR;Vila Andreas;-25,44889;-49,55519;2025-09-21 13:00:00.0;0,00
CAMPO LARGO;410420402A;PR;Vila Andreas;-25,44889;-49,55519;2025-09-21 14:00:00.0;0,00
CAMPO LARGO;410420402A;PR;Vila Andreas;-25,44889;-49,55519;2025-09-21 15:00:00.0;0,00
CAMPO LARGO;410420402A;PR;Vila Andreas;-25,44889;-49,55519;2025-09-21 16:00:00.0;0,00
CAMPO LARGO;410420402A;PR;Vila Andreas;-25,44889;-49,55519;2025-09-21 17:00:00.0;0,00
CAMPO LARGO;410420402A;PR;Vila Andreas;-25,44889;-49,55519;2025-09-21 18:00:00.0;0,00
CAMPO LARGO;410420402A;PR;Vila Andreas;-25,44889;-49,55519;2025-09-21 18:10:00.0;1,60
CAMPO LARGO;410420402A;PR;Vila Andreas;-25,44889;-49,55519;2025-09-21 18:20:00.0;13,80
CAMPO LARGO;410420402A;PR;Vila Andreas;-25,44889;-49,55519;2025-09-21 18:30:00.0;8,60
CAMPO LARGO;410420402A;PR;Vila Andreas;-25,44889;-49,55519;2025-09-21 18:40:00.0;0,40
CAMPO LARGO;410420402A;PR;Vila Andreas;-25,44889;-49,55519;2025-09-21 18:50:00.0;0,40
CAMPO LARGO;410420402A;PR;Vila Andreas;-25,44889;-49,55519;2025-09-21 19:00:00.0;0,60
CAMPO LARGO;410420402A;PR;Vila Andreas;-25,44889;-49,55519;2025-09-21 19:10:00.0;0,40
CAMPO LARGO;410420402A;PR;Vila Andreas;-25,44889;-49,55519;2025-09-21 19:20:00.0;0,20
CAMPO LARGO;410420402A;PR;Vila Andreas;-25,44889;-49,55519;2025-09-21 19:30:00.0;0,20
CAMPO LARGO;410420402A;PR;Vila Andreas;-25,44889;-49,55519;2025-09-21 19:40:00.0;1,40
CAMPO LARGO;410420402A;PR;Vila Andreas;-25,44889;-49,55519;2025-09-21 19:50:00.0;0,60
CAMPO LARGO;410420402A;PR;Vila Andreas;-25,44889;-49,55519;2025-09-21 20:00:00.0;0,00
CAMPO LARGO;410420402A;PR;Vila Andreas;-25,44889;-49,55519;2025-09-21 20:10:00.0;0,40
CAMPO LARGO;410420402A;PR;Vila Andreas;-25,44889;-49,55519;2025-09-21 20:40:00.0;0,20
CAMPO LARGO;410420402A;PR;Vila Andreas;-25,44889;-49,55519;2025-09-21 22:00:00.0;0,00
CAMPO LARGO;410420402A;PR;Vila Andreas;-25,44889;-49,55519;2025-09-21 22:30:00.0;2,00
CAMPO LARGO;410420402A;PR;Vila Andreas;-25,44889;-49,55519;2025-09-21 23:00:00.0;0,00
CAMPO LARGO;410420402A;PR;Vila Andreas;-25,44889;-49,55519;2025-09-22 00:00:00.0;0,00
CAMPO LARGO;410420402A;PR;Vila Andreas;-25,44889;-49,55519;2025-09-22 01:00:00.0;0,00
CAMPO LARGO;410420402A;PR;Vila Andreas;-25,44889;-49,55519;2025-09-22 02:00:00.0;0,00
CAMPO LARGO;410420402A;PR;Vila Andreas;-25,44889;-49,55519;2025-09-22 03:00:00.0;0,00
CAMPO LARGO;410420402A;PR;Vila Andreas;-25,44889;-49,55519;2025-09-22 03:50:00.0;0,20
CAMPO LARGO;410420402A;PR;Vila Andreas;-25,44889;-49,55519;2025-09-22 04:10:00.0;0,00
CAMPO LARGO;410420402A;PR;Vila Andreas;-25,44889;-49,55519;2025-09-22 05:00:00.0;0,00
CAMPO LARGO;410420402A;PR;Vila Andreas;-25,44889;-49,55519;2025-09-22 06:00:00.0;1,20
CAMPO LARGO;410420402A;PR;Vila Andreas;-25,44889;-49,55519;2025-09-22 06:20:00.0;0,20
CAMPO LARGO;410420402A;PR;Vila Andreas;-25,44889;-49,55519;2025-09-22 06:30:00.0;0,20
CAMPO LARGO;410420402A;PR;Vila Andreas;-25,44889;-49,55519;2025-09-22 07:00:00.0;3,60
CAMPO LARGO;410420402A;PR;Vila Andreas;-25,44889;-49,55519;2025-09-22 07:10:00.0;2,20
CAMPO LARGO;410420402A;PR;Vila Andreas;-25,44889;-49,55519;2025-09-22 08:00:00.0;2,40
CAMPO LARGO;410420402A;PR;Vila Andreas;-25,44889;-49,55519;2025-09-22 08:10:00.0;1,40
CAMPO LARGO;410420402A;PR;Vila Andreas;-25,44889;-49,55519;2025-09-22 08:20:00.0;1,40
CAMPO LARGO;410420402A;PR;Vila Andreas;-25,44889;-49,55519;2025-09-22 08:30:00.0;0,20
CAMPO LARGO;410420402A;PR;Vila Andreas;-25,44889;-49,55519;2025-09-22 08:40:00.0;0,40
CAMPO LARGO;410420402A;PR;Vila Andreas;-25,44889;-49,55519;2025-09-22 08:50:00.0;0,60
CAMPO LARGO;410420402A;PR;Vila Andreas;-25,44889;-49,55519;2025-09-22 09:00:00.0;0,60
CAMPO LARGO;410420402A;PR;Vila Andreas;-25,44889;-49,55519;2025-09-22 09:10:00.0;0,20
CAMPO LARGO;410420402A;PR;Vila Andreas;-25,44889;-49,55519;2025-09-22 09:20:00.0;0,20
CAMPO LARGO;410420402A;PR;Vila Andreas;-25,44889;-49,55519;2025-09-22 10:00:00.0;0,00
CAMPO LARGO;410420402A;PR;Vila Andreas;-25,44889;-49,55519;2025-09-22 10:20:00.0;0,40
CAMPO LARGO;410420402A;PR;Vila Andreas;-25,44889;-49,55519;2025-09-22 10:40:00.0;0,40
CAMPO LARGO;410420402A;PR;Vila Andreas;-25,44889;-49,55519;2025-09-22 11:00:00.0;0,40
CAMPO LARGO;410420402A;PR;Vila Andreas;-25,44889;-49,55519;2025-09-22 11:10:00.0;0,60
CAMPO LARGO;410420402A;PR;Vila Andreas;-25,44889;-49,55519;2025-09-22 11:20:00.0;0,60
CAMPO LARGO;410420402A;PR;Vila Andreas;-25,44889;-49,55519;2025-09-22 11:30:00.0;1,20
CAMPO LARGO;410420402A;PR;Vila Andreas;-25,44889;-49,55519;2025-09-22 11:40:00.0;1,00
CAMPO LARGO;410420402A;PR;Vila Andreas;-25,44889;-49,55519;2025-09-22 11:50:00.0;1,20
CAMPO LARGO;410420402A;PR;Vila Andreas;-25,44889;-49,55519;2025-09-22 12:00:00.0;0,80
CAMPO LARGO;410420402A;PR;Vila Andreas;-25,44889;-49,55519;2025-09-22 12:10:00.0;1,00
CAMPO LARGO;410420402A;PR;Vila Andreas;-25,44889;-49,55519;2025-09-22 12:20:00.0;0,40
CAMPO LARGO;410420402A;PR;Vila Andreas;-25,44889;-49,55519;2025-09-22 12:30:00.0;1,00
CAMPO LARGO;410420402A;PR;Vila Andreas;-25,44889;-49,55519;2025-09-22 12:40:00.0;1,00
CAMPO LARGO;410420402A;PR;Vila Andreas;-25,44889;-49,55519;2025-09-22 12:50:00.0;0,60
CAMPO LARGO;410420402A;PR;Vila Andreas;-25,44889;-49,55519;2025-09-22 13:00:00.0;0,80
CAMPO LARGO;410420402A;PR;Vila Andreas;-25,44889;-49,55519;2025-09-22 13:10:00.0;0,40
CAMPO LARGO;410420402A;PR;Vila Andreas;-25,44889;-49,55519;2025-09-22 13:20:00.0;1,00
CAMPO LARGO;410420402A;PR;Vila Andreas;-25,44889;-49,55519;2025-09-22 13:30:00.0;0,60
CAMPO LARGO;410420402A;PR;Vila Andreas;-25,44889;-49,55519;2025-09-22 13:40:00.0;1,00
CAMPO LARGO;410420402A;PR;Vila Andreas;-25,44889;-49,55519;2025-09-22 13:50:00.0;0,80
CAMPO LARGO;410420402A;PR;Vila Andreas;-25,44889;-49,55519;2025-09-22 14:00:00.0;1,20
CAMPO LARGO;410420402A;PR;Vila Andreas;-25,44889;-49,55519;2025-09-22 14:10:00.0;1,20
CAMPO LARGO;410420402A;PR;Vila Andreas;-25,44889;-49,55519;2025-09-22 14:20:00.0;1,60
CAMPO LARGO;410420402A;PR;Vila Andreas;-25,44889;-49,55519;2025-09-22 14:30:00.0;2,20
CAMPO LARGO;410420402A;PR;Vila Andreas;-25,44889;-49,55519;2025-09-22 14:40:00.0;2,00
CAMPO LARGO;410420402A;PR;Vila Andreas;-25,44889;-49,55519;2025-09-22 14:50:00.0;1,60
CAMPO LARGO;410420402A;PR;Vila Andreas;-25,44889;-49,55519;2025-09-22 15:00:00.0;2,60
CAMPO LARGO;410420402A;PR;Vila Andreas;-25,44889;-49,55519;2025-09-22 15:10:00.0;1,60
CAMPO LARGO;410420402A;PR;Vila Andreas;-25,44889;-49,55519;2025-09-22 15:20:00.0;1,60
CAMPO LARGO;410420402A;PR;Vila Andreas;-25,44889;-49,55519;2025-09-22 15:30:00.0;0,20
CAMPO LARGO;410420402A;PR;Vila Andreas;-25,44889;-49,55519;2025-09-22 16:00:00.0;0,20
CAMPO LARGO;410420402A;PR;Vila Andreas;-25,44889;-49,55519;2025-09-22 17:00:00.0;0,00
CAMPO LARGO;410420402A;PR;Vila Andreas;-25,44889;-49,55519;2025-09-22 18:00:00.0;0,00
CAMPO LARGO;410420402A;PR;Vila Andreas;-25,44889;-49,55519;2025-09-22 19:00:00.0;0,00
CAMPO LARGO;410420402A;PR;Vila Andreas;-25,44889;-49,55519;2025-09-22 20:00:00.0;0,00
CAMPO LARGO;410420402A;PR;Vila Andreas;-25,44889;-49,55519;2025-09-22 21:00:00.0;0,00
CAMPO LARGO;410420402A;PR;Vila Andreas;-25,44889;-49,55519;2025-09-22 22:00:00.0;0,00
CAMPO LARGO;410420402A;PR;Vila Andreas;-25,44889;-49,55519;2025-09-22 23:00:00.0;0,00
CAMPO LARGO;410420402A;PR;Vila Andreas;-25,44889;-49,55519;2025-09-23 00:00:00.0;0,00
CAMPO LARGO;410420402A;PR;Vila Andreas;-25,44889;-49,55519;2025-09-23 01:00:00.0;0,00
CAMPO LARGO;410420402A;PR;Vila Andreas;-25,44889;-49,55519;2025-09-23 02:00:00.0;0,00
CAMPO LARGO;410420402A;PR;Vila Andreas;-25,44889;-49,55519;2025-09-23 03:00:00.0;0,00
CAMPO LARGO;410420402A;PR;Vila Andreas;-25,44889;-49,55519;2025-09-23 04:00:00.0;0,00
CAMPO LARGO;410420402A;PR;Vila Andreas;-25,44889;-49,55519;2025-09-23 05:00:00.0;0,00
CAMPO LARGO;410420402A;PR;Vila Andreas;-25,44889;-49,55519;2025-09-23 06:00:00.0;0,00
CAMPO LARGO;410420402A;PR;Vila Andreas;-25,44889;-49,55519;2025-09-23 07:00:00.0;0,00
CAMPO LARGO;410420402A;PR;Vila Andreas;-25,44889;-49,55519;2025-09-23 08:00:00.0;0,00
CAMPO LARGO;410420402A;PR;Vila Andreas;-25,44889;-49,55519;2025-09-23 09:00:00.0;0,00
CAMPO LARGO;410420402A;PR;Vila Andreas;-25,44889;-49,55519;2025-09-23 10:00:00.0;0,00
CAMPO LARGO;410420402A;PR;Vila Andreas;-25,44889;-49,55519;2025-09-23 11:00:00.0;0,00
CAMPO LARGO;410420402A;PR;Vila Andreas;-25,44889;-49,55519;2025-09-23 12:00:00.0;0,00
CAMPO LARGO;410420402A;PR;Vila Andreas;-25,44889;-49,55519;2025-09-23 13:00:00.0;0,00
CAMPO LARGO;410420402A;PR;Vila Andreas;-25,44889;-49,55519;2025-09-23 14:00:00.0;0,00
CAMPO LARGO;410420402A;PR;Vila Andreas;-25,44889;-49,55519;2025-09-23 15:00:00.0;0,00
CAMPO LARGO;410420402A;PR;Vila Andreas;-25,44889;-49,55519;2025-09-23 15:10:00.0;0,20
CAMPO LARGO;410420402A;PR;Vila Andreas;-25,44889;-49,55519;2025-09-23 16:00:00.0;0,00
CAMPO LARGO;410420402A;PR;Vila Andreas;-25,44889;-49,55519;2025-09-23 17:00:00.0;0,00
CAMPO LARGO;410420402A;PR;Vila Andreas;-25,44889;-49,55519;2025-09-23 18:00:00.0;0,00
CAMPO LARGO;410420402A;PR;Vila Andreas;-25,44889;-49,55519;2025-09-23 19:00:00.0;0,00
CAMPO LARGO;410420402A;PR;Vila Andreas;-25,44889;-49,55519;2025-09-23 20:00:00.0;0,00
CAMPO LARGO;410420402A;PR;Vila Andreas;-25,44889;-49,55519;2025-09-23 21:00:00.0;0,00
CAMPO LARGO;410420402A;PR;Vila Andreas;-25,44889;-49,55519;2025-09-23 22:00:00.0;0,00
CAMPO LARGO;410420402A;PR;Vila Andreas;-25,44889;-49,55519;2025-09-23 23:00:00.0;0,00
CAMPO LARGO;410420402A;PR;Vila Andreas;-25,44889;-49,55519;2025-09-24 00:00:00.0;0,00
CAMPO LARGO;410420402A;PR;Vila Andreas;-25,44889;-49,55519;2025-09-24 01:00:00.0;0,00
CAMPO LARGO;410420402A;PR;Vila Andreas;-25,44889;-49,55519;2025-09-24 02:00:00.0;0,00
CAMPO LARGO;410420402A;PR;Vila Andreas;-25,44889;-49,55519;2025-09-24 03:00:00.0;0,00
CAMPO LARGO;410420402A;PR;Vila Andreas;-25,44889;-49,55519;2025-09-24 04:00:00.0;0,00
CAMPO LARGO;410420402A;PR;Vila Andreas;-25,44889;-49,55519;2025-09-24 05:00:00.0;0,00
CAMPO LARGO;410420402A;PR;Vila Andreas;-25,44889;-49,55519;2025-09-24 06:00:00.0;0,00
CAMPO LARGO;410420402A;PR;Vila Andreas;-25,44889;-49,55519;2025-09-24 07:00:00.0;0,00
CAMPO LARGO;410420402A;PR;Vila Andreas;-25,44889;-49,55519;2025-09-24 08:00:00.0;0,00
CAMPO LARGO;410420402A;PR;Vila Andreas;-25,44889;-49,55519;2025-09-24 09:00:00.0;0,00
CAMPO LARGO;410420402A;PR;Vila Andreas;-25,44889;-49,55519;2025-09-24 10:00:00.0;0,00
CAMPO LARGO;410420402A;PR;Vila Andreas;-25,44889;-49,55519;2025-09-24 11:00:00.0;0,00
CAMPO LARGO;410420402A;PR;Vila Andreas;-25,44889;-49,55519;2025-09-24 12:00:00.0;0,00
CAMPO LARGO;410420402A;PR;Vila Andreas;-25,44889;-49,55519;2025-09-24 13:00:00.0;0,00
CAMPO LARGO;410420402A;PR;Vila Andreas;-25,44889;-49,55519;2025-09-24 14:00:00.0;0,00
CAMPO LARGO;410420402A;PR;Vila Andreas;-25,44889;-49,55519;2025-09-24 15:00:00.0;0,00
CAMPO LARGO;410420402A;PR;Vila Andreas;-25,44889;-49,55519;2025-09-24 16:00:00.0;0,00
CAMPO LARGO;410420402A;PR;Vila Andreas;-25,44889;-49,55519;2025-09-24 17:00:00.0;0,00
CAMPO LARGO;410420402A;PR;Vila Andreas;-25,44889;-49,55519;2025-09-24 18:00:00.0;0,00
CAMPO LARGO;410420402A;PR;Vila Andreas;-25,44889;-49,55519;2025-09-24 19:00:00.0;0,00
CAMPO LARGO;410420402A;PR;Vila Andreas;-25,44889;-49,55519;2025-09-24 20:00:00.0;0,00
CAMPO LARGO;410420402A;PR;Vila Andreas;-25,44889;-49,55519;2025-09-24 21:00:00.0;0,00
CAMPO LARGO;410420402A;PR;Vila Andreas;-25,44889;-49,55519;2025-09-24 22:00:00.0;0,00
CAMPO LARGO;410420402A;PR;Vila Andreas;-25,44889;-49,55519;2025-09-24 23:00:00.0;0,00
CAMPO LARGO;410420402A;PR;Vila Andreas;-25,44889;-49,55519;2025-09-25 00:00:00.0;0,00
CAMPO LARGO;410420402A;PR;Vila Andreas;-25,44889;-49,55519;2025-09-25 01:00:00.0;0,00
CAMPO LARGO;410420402A;PR;Vila Andreas;-25,44889;-49,55519;2025-09-25 02:00:00.0;0,00
CAMPO LARGO;410420402A;PR;Vila Andreas;-25,44889;-49,55519;2025-09-25 03:00:00.0;0,00
CAMPO LARGO;410420402A;PR;Vila Andreas;-25,44889;-49,55519;2025-09-25 04:00:00.0;0,00
CAMPO LARGO;410420402A;PR;Vila Andreas;-25,44889;-49,55519;2025-09-25 05:00:00.0;0,00
CAMPO LARGO;410420402A;PR;Vila Andreas;-25,44889;-49,55519;2025-09-25 06:00:00.0;0,00
CAMPO LARGO;410420402A;PR;Vila Andreas;-25,44889;-49,55519;2025-09-25 07:00:00.0;0,00
CAMPO LARGO;410420402A;PR;Vila Andreas;-25,44889;-49,55519;2025-09-25 08:00:00.0;0,00
CAMPO LARGO;410420402A;PR;Vila Andreas;-25,44889;-49,55519;2025-09-25 09:00:00.0;0,00
CAMPO LARGO;410420402A;PR;Vila Andreas;-25,44889;-49,55519;2025-09-25 10:00:00.0;0,00
CAMPO LARGO;410420402A;PR;Vila Andreas;-25,44889;-49,55519;2025-09-25 11:00:00.0;0,00
CAMPO LARGO;410420402A;PR;Vila Andreas;-25,44889;-49,55519;2025-09-25 12:00:00.0;0,00
CAMPO LARGO;410420402A;PR;Vila Andreas;-25,44889;-49,55519;2025-09-25 12:50:00.0;0,20
CAMPO LARGO;410420402A;PR;Vila Andreas;-25,44889;-49,55519;2025-09-25 13:00:00.0;0,00
CAMPO LARGO;410420402A;PR;Vila Andreas;-25,44889;-49,55519;2025-09-25 13:10:00.0;0,20
CAMPO LARGO;410420402A;PR;Vila Andreas;-25,44889;-49,55519;2025-09-25 13:40:00.0;0,20
CAMPO LARGO;410420402A;PR;Vila Andreas;-25,44889;-49,55519;2025-09-25 14:00:00.0;0,00
CAMPO LARGO;410420402A;PR;Vila Andreas;-25,44889;-49,55519;2025-09-25 15:00:00.0;0,00
CAMPO LARGO;410420402A;PR;Vila Andreas;-25,44889;-49,55519;2025-09-25 16:00:00.0;0,00
CAMPO LARGO;410420402A;PR;Vila Andreas;-25,44889;-49,55519;2025-09-25 17:00:00.0;0,00
CAMPO LARGO;410420402A;PR;Vila Andreas;-25,44889;-49,55519;2025-09-25 18:00:00.0;0,00
CAMPO LARGO;410420402A;PR;Vila Andreas;-25,44889;-49,55519;2025-09-25 19:00:00.0;0,00
CAMPO LARGO;410420402A;PR;Vila Andreas;-25,44889;-49,55519;2025-09-25 20:00:00.0;0,00
CAMPO LARGO;410420402A;PR;Vila Andreas;-25,44889;-49,55519;2025-09-25 21:00:00.0;0,00
CAMPO LARGO;410420402A;PR;Vila Andreas;-25,44889;-49,55519;2025-09-25 22:00:00.0;0,00
CAMPO LARGO;410420402A;PR;Vila Andreas;-25,44889;-49,55519;2025-09-25 22:20:00.0;0,20
CAMPO LARGO;410420402A;PR;Vila Andreas;-25,44889;-49,55519;2025-09-25 23:00:00.0;0,00
CAMPO LARGO;410420402A;PR;Vila Andreas;-25,44889;-49,55519;2025-09-25 23:50:00.0;0,20
CAMPO LARGO;410420402A;PR;Vila Andreas;-25,44889;-49,55519;2025-09-26 00:00:00.0;0,00
CAMPO LARGO;410420402A;PR;Vila Andreas;-25,44889;-49,55519;2025-09-26 01:00:00.0;0,00
CAMPO LARGO;410420402A;PR;Vila Andreas;-25,44889;-49,55519;2025-09-26 02:00:00.0;0,00
CAMPO LARGO;410420402A;PR;Vila Andreas;-25,44889;-49,55519;2025-09-26 02:30:00.0;0,20
CAMPO LARGO;410420402A;PR;Vila Andreas;-25,44889;-49,55519;2025-09-26 03:00:00.0;0,00
CAMPO LARGO;410420402A;PR;Vila Andreas;-25,44889;-49,55519;2025-09-26 03:30:00.0;0,20
CAMPO LARGO;410420402A;PR;Vila Andreas;-25,44889;-49,55519;2025-09-26 04:00:00.0;0,00
CAMPO LARGO;410420402A;PR;Vila Andreas;-25,44889;-49,55519;2025-09-26 04:40:00.0;0,20
CAMPO LARGO;410420402A;PR;Vila Andreas;-25,44889;-49,55519;2025-09-26 05:00:00.0;0,00
CAMPO LARGO;410420402A;PR;Vila Andreas;-25,44889;-49,55519;2025-09-26 06:00:00.0;0,00
CAMPO LARGO;410420402A;PR;Vila Andreas;-25,44889;-49,55519;2025-09-26 06:20:00.0;0,20
CAMPO LARGO;410420402A;PR;Vila Andreas;-25,44889;-49,55519;2025-09-26 07:00:00.0;0,00
CAMPO LARGO;410420402A;PR;Vila Andreas;-25,44889;-49,55519;2025-09-26 08:00:00.0;0,00
CAMPO LARGO;410420402A;PR;Vila Andreas;-25,44889;-49,55519;2025-09-26 08:50:00.0;0,20
CAMPO LARGO;410420402A;PR;Vila Andreas;-25,44889;-49,55519;2025-09-26 09:00:00.0;0,00
CAMPO LARGO;410420402A;PR;Vila Andreas;-25,44889;-49,55519;2025-09-26 10:00:00.0;0,00
CAMPO LARGO;410420402A;PR;Vila Andreas;-25,44889;-49,55519;2025-09-26 10:10:00.0;0,20
CAMPO LARGO;410420402A;PR;Vila Andreas;-25,44889;-49,55519;2025-09-26 11:00:00.0;0,00
CAMPO LARGO;410420402A;PR;Vila Andreas;-25,44889;-49,55519;2025-09-26 12:00:00.0;0,00
CAMPO LARGO;410420402A;PR;Vila Andreas;-25,44889;-49,55519;2025-09-26 13:00:00.0;0,00
CAMPO LARGO;410420402A;PR;Vila Andreas;-25,44889;-49,55519;2025-09-26 14:00:00.0;0,00
CAMPO LARGO;410420402A;PR;Vila Andreas;-25,44889;-49,55519;2025-09-26 15:00:00.0;0,00
CAMPO LARGO;410420402A;PR;Vila Andreas;-25,44889;-49,55519;2025-09-26 16:00:00.0;0,00
CAMPO LARGO;410420402A;PR;Vila Andreas;-25,44889;-49,55519;2025-09-26 17:00:00.0;0,00
CAMPO LARGO;410420402A;PR;Vila Andreas;-25,44889;-49,55519;2025-09-26 18:00:00.0;0,00
CAMPO LARGO;410420402A;PR;Vila Andreas;-25,44889;-49,55519;2025-09-26 19:00:00.0;0,00
CAMPO LARGO;410420402A;PR;Vila Andreas;-25,44889;-49,55519;2025-09-26 20:00:00.0;0,00
CAMPO LARGO;410420402A;PR;Vila Andreas;-25,44889;-49,55519;2025-09-26 21:00:00.0;0,00
CAMPO LARGO;410420402A;PR;Vila Andreas;-25,44889;-49,55519;2025-09-26 22:00:00.0;0,00
CAMPO LARGO;410420402A;PR;Vila Andreas;-25,44889;-49,55519;2025-09-26 23:00:00.0;0,00
CAMPO LARGO;410420402A;PR;Vila Andreas;-25,44889;-49,55519;2025-09-27 00:00:00.0;0,00
CAMPO LARGO;410420402A;PR;Vila Andreas;-25,44889;-49,55519;2025-09-27 01:00:00.0;0,00
CAMPO LARGO;410420402A;PR;Vila Andreas;-25,44889;-49,55519;2025-09-27 02:00:00.0;0,00
CAMPO LARGO;410420402A;PR;Vila Andreas;-25,44889;-49,55519;2025-09-27 03:00:00.0;0,00
CAMPO LARGO;410420402A;PR;Vila Andreas;-25,44889;-49,55519;2025-09-27 04:00:00.0;0,00
CAMPO LARGO;410420402A;PR;Vila Andreas;-25,44889;-49,55519;2025-09-27 05:00:00.0;0,00
CAMPO LARGO;410420402A;PR;Vila Andreas;-25,44889;-49,55519;2025-09-27 06:00:00.0;0,00
CAMPO LARGO;410420402A;PR;Vila Andreas;-25,44889;-49,55519;2025-09-27 07:00:00.0;0,00
CAMPO LARGO;410420402A;PR;Vila Andreas;-25,44889;-49,55519;2025-09-27 08:00:00.0;0,00
CAMPO LARGO;410420402A;PR;Vila Andreas;-25,44889;-49,55519;2025-09-27 09:00:00.0;0,00
CAMPO LARGO;410420402A;PR;Vila Andreas;-25,44889;-49,55519;2025-09-27 10:00:00.0;0,00
CAMPO LARGO;410420402A;PR;Vila Andreas;-25,44889;-49,55519;2025-09-27 11:00:00.0;0,00
CAMPO LARGO;410420402A;PR;Vila Andreas;-25,44889;-49,55519;2025-09-27 12:00:00.0;0,00
CAMPO LARGO;410420402A;PR;Vila Andreas;-25,44889;-49,55519;2025-09-27 13:00:00.0;0,00
CAMPO LARGO;410420402A;PR;Vila Andreas;-25,44889;-49,55519;2025-09-27 14:00:00.0;0,00
CAMPO LARGO;410420402A;PR;Vila Andreas;-25,44889;-49,55519;2025-09-27 15:00:00.0;0,00
CAMPO LARGO;410420402A;PR;Vila Andreas;-25,44889;-49,55519;2025-09-27 16:00:00.0;0,00
CAMPO LARGO;410420402A;PR;Vila Andreas;-25,44889;-49,55519;2025-09-27 17:00:00.0;0,00
CAMPO LARGO;410420402A;PR;Vila Andreas;-25,44889;-49,55519;2025-09-27 18:00:00.0;0,00
CAMPO LARGO;410420402A;PR;Vila Andreas;-25,44889;-49,55519;2025-09-27 19:00:00.0;0,00
CAMPO LARGO;410420402A;PR;Vila Andreas;-25,44889;-49,55519;2025-09-27 20:00:00.0;0,00
CAMPO LARGO;410420402A;PR;Vila Andreas;-25,44889;-49,55519;2025-09-27 21:00:00.0;0,00
CAMPO LARGO;410420402A;PR;Vila Andreas;-25,44889;-49,55519;2025-09-27 22:00:00.0;0,00
CAMPO LARGO;410420402A;PR;Vila Andreas;-25,44889;-49,55519;2025-09-27 23:00:00.0;0,00
CAMPO LARGO;410420402A;PR;Vila Andreas;-25,44889;-49,55519;2025-09-28 00:00:00.0;0,00
CAMPO LARGO;410420402A;PR;Vila Andreas;-25,44889;-49,55519;2025-09-28 01:00:00.0;0,00
CAMPO LARGO;410420402A;PR;Vila Andreas;-25,44889;-49,55519;2025-09-28 02:00:00.0;0,00
CAMPO LARGO;410420402A;PR;Vila Andreas;-25,44889;-49,55519;2025-09-28 03:00:00.0;0,00
CAMPO LARGO;410420402A;PR;Vila Andreas;-25,44889;-49,55519;2025-09-28 04:00:00.0;0,00
CAMPO LARGO;410420402A;PR;Vila Andreas;-25,44889;-49,55519;2025-09-28 05:00:00.0;0,00
CAMPO LARGO;410420402A;PR;Vila Andreas;-25,44889;-49,55519;2025-09-28 06:00:00.0;0,00
CAMPO LARGO;410420402A;PR;Vila Andreas;-25,44889;-49,55519;2025-09-28 07:00:00.0;0,00
CAMPO LARGO;410420402A;PR;Vila Andreas;-25,44889;-49,55519;2025-09-28 08:00:00.0;0,00
CAMPO LARGO;410420402A;PR;Vila Andreas;-25,44889;-49,55519;2025-09-28 09:00:00.0;0,00
CAMPO LARGO;410420402A;PR;Vila Andreas;-25,44889;-49,55519;2025-09-28 10:00:00.0;0,00
CAMPO LARGO;410420402A;PR;Vila Andreas;-25,44889;-49,55519;2025-09-28 11:00:00.0;0,00
CAMPO LARGO;410420402A;PR;Vila Andreas;-25,44889;-49,55519;2025-09-28 12:00:00.0;0,00
CAMPO LARGO;410420402A;PR;Vila Andreas;-25,44889;-49,55519;2025-09-28 12:30:00.0;0,20
CAMPO LARGO;410420402A;PR;Vila Andreas;-25,44889;-49,55519;2025-09-28 13:00:00.0;0,20
CAMPO LARGO;410420402A;PR;Vila Andreas;-25,44889;-49,55519;2025-09-28 14:00:00.0;0,00
CAMPO LARGO;410420402A;PR;Vila Andreas;-25,44889;-49,55519;2025-09-28 15:00:00.0;0,00
CAMPO LARGO;410420402A;PR;Vila Andreas;-25,44889;-49,55519;2025-09-28 16:00:00.0;0,00
CAMPO LARGO;410420402A;PR;Vila Andreas;-25,44889;-49,55519;2025-09-28 17:00:00.0;0,00
CAMPO LARGO;410420402A;PR;Vila Andreas;-25,44889;-49,55519;2025-09-28 17:50:00.0;0,20
CAMPO LARGO;410420402A;PR;Vila Andreas;-25,44889;-49,55519;2025-09-28 18:00:00.0;0,00
CAMPO LARGO;410420402A;PR;Vila Andreas;-25,44889;-49,55519;2025-09-28 19:00:00.0;0,00
CAMPO LARGO;410420402A;PR;Vila Andreas;-25,44889;-49,55519;2025-09-28 20:00:00.0;0,00
CAMPO LARGO;410420402A;PR;Vila Andreas;-25,44889;-49,55519;2025-09-28 21:00:00.0;0,00
CAMPO LARGO;410420402A;PR;Vila Andreas;-25,44889;-49,55519;2025-09-28 22:00:00.0;0,00
CAMPO LARGO;410420402A;PR;Vila Andreas;-25,44889;-49,55519;2025-09-28 23:00:00.0;0,00
CAMPO LARGO;410420402A;PR;Vila Andreas;-25,44889;-49,55519;2025-09-29 00:00:00.0;0,00
CAMPO LARGO;410420402A;PR;Vila Andreas;-25,44889;-49,55519;2025-09-29 01:00:00.0;0,00
CAMPO LARGO;410420402A;PR;Vila Andreas;-25,44889;-49,55519;2025-09-29 02:00:00.0;0,00
CAMPO LARGO;410420402A;PR;Vila Andreas;-25,44889;-49,55519;2025-09-29 03:00:00.0;0,00
CAMPO LARGO;410420402A;PR;Vila Andreas;-25,44889;-49,55519;2025-09-29 04:00:00.0;0,00
CAMPO LARGO;410420402A;PR;Vila Andreas;-25,44889;-49,55519;2025-09-29 05:00:00.0;0,00
CAMPO LARGO;410420402A;PR;Vila Andreas;-25,44889;-49,55519;2025-09-29 06:00:00.0;0,00
CAMPO LARGO;410420402A;PR;Vila Andreas;-25,44889;-49,55519;2025-09-29 07:00:00.0;0,00
CAMPO LARGO;410420402A;PR;Vila Andreas;-25,44889;-49,55519;2025-09-29 08:00:00.0;0,00
CAMPO LARGO;410420402A;PR;Vila Andreas;-25,44889;-49,55519;2025-09-29 09:00:00.0;0,00
CAMPO LARGO;410420402A;PR;Vila Andreas;-25,44889;-49,55519;2025-09-29 10:00:00.0;0,00
CAMPO LARGO;410420402A;PR;Vila Andreas;-25,44889;-49,55519;2025-09-29 10:10:00.0;0,20
CAMPO LARGO;410420402A;PR;Vila Andreas;-25,44889;-49,55519;2025-09-29 11:00:00.0;0,00
CAMPO LARGO;410420402A;PR;Vila Andreas;-25,44889;-49,55519;2025-09-29 12:00:00.0;0,00
CAMPO LARGO;410420402A;PR;Vila Andreas;-25,44889;-49,55519;2025-09-29 13:00:00.0;0,00
CAMPO LARGO;410420402A;PR;Vila Andreas;-25,44889;-49,55519;2025-09-29 14:00:00.0;0,00
CAMPO LARGO;410420402A;PR;Vila Andreas;-25,44889;-49,55519;2025-09-29 15:00:00.0;0,00
CAMPO LARGO;410420402A;PR;Vila Andreas;-25,44889;-49,55519;2025-09-29 16:00:00.0;0,00
CAMPO LARGO;410420402A;PR;Vila Andreas;-25,44889;-49,55519;2025-09-29 17:00:00.0;0,00
CAMPO LARGO;410420402A;PR;Vila Andreas;-25,44889;-49,55519;2025-09-29 18:00:00.0;0,00
CAMPO LARGO;410420402A;PR;Vila Andreas;-25,44889;-49,55519;2025-09-29 19:30:00.0;0,00
CAMPO LARGO;410420402A;PR;Vila Andreas;-25,44889;-49,55519;2025-09-29 20:00:00.0;0,00
CAMPO LARGO;410420402A;PR;Vila Andreas;-25,44889;-49,55519;2025-09-29 21:00:00.0;0,00
CAMPO LARGO;410420402A;PR;Vila Andreas;-25,44889;-49,55519;2025-09-29 22:00:00.0;0,00
CAMPO LARGO;410420402A;PR;Vila Andreas;-25,44889;-49,55519;2025-09-29 23:00:00.0;0,00
CAMPO LARGO;410420402A;PR;Vila Andreas;-25,44889;-49,55519;2025-09-30 00:00:00.0;0,00
CAMPO LARGO;410420402A;PR;Vila Andreas;-25,44889;-49,55519;2025-09-30 01:00:00.0;0,00
CAMPO LARGO;410420402A;PR;Vila Andreas;-25,44889;-49,55519;2025-09-30 02:00:00.0;0,00
CAMPO LARGO;410420402A;PR;Vila Andreas;-25,44889;-49,55519;2025-09-30 03:00:00.0;0,00
CAMPO LARGO;410420402A;PR;Vila Andreas;-25,44889;-49,55519;2025-09-30 04:00:00.0;0,00
CAMPO LARGO;410420402A;PR;Vila Andreas;-25,44889;-49,55519;2025-09-30 05:00:00.0;0,00
CAMPO LARGO;410420402A;PR;Vila Andreas;-25,44889;-49,55519;2025-09-30 06:00:00.0;0,00
CAMPO LARGO;410420402A;PR;Vila Andreas;-25,44889;-49,55519;2025-09-30 07:00:00.0;0,00
CAMPO LARGO;410420402A;PR;Vila Andreas;-25,44889;-49,55519;2025-09-30 08:00:00.0;0,00
CAMPO LARGO;410420402A;PR;Vila Andreas;-25,44889;-49,55519;2025-09-30 08:20:00.0;2,60
CAMPO LARGO;410420402A;PR;Vila Andreas;-25,44889;-49,55519;2025-09-30 08:30:00.0;2,80
CAMPO LARGO;410420402A;PR;Vila Andreas;-25,44889;-49,55519;2025-09-30 08:40:00.0;0,80
CAMPO LARGO;410420402A;PR;Vila Andreas;-25,44889;-49,55519;2025-09-30 08:50:00.0;0,20
CAMPO LARGO;410420402A;PR;Vila Andreas;-25,44889;-49,55519;2025-09-30 09:00:00.0;0,00
CAMPO LARGO;410420402A;PR;Vila Andreas;-25,44889;-49,55519;2025-09-30 09:30:00.0;0,20
CAMPO LARGO;410420402A;PR;Vila Andreas;-25,44889;-49,55519;2025-09-30 10:00:00.0;0,00
CAMPO LARGO;410420402A;PR;Vila Andreas;-25,44889;-49,55519;2025-09-30 11:00:00.0;0,00
CAMPO LARGO;410420402A;PR;Vila Andreas;-25,44889;-49,55519;2025-09-30 12:00:00.0;0,00
CAMPO LARGO;410420402A;PR;Vila Andreas;-25,44889;-49,55519;2025-09-30 13:00:00.0;0,00
CAMPO LARGO;410420402A;PR;Vila Andreas;-25,44889;-49,55519;2025-09-30 14:00:00.0;0,00
CAMPO LARGO;410420402A;PR;Vila Andreas;-25,44889;-49,55519;2025-09-30 15:00:00.0;0,00
CAMPO LARGO;410420402A;PR;Vila Andreas;-25,44889;-49,55519;2025-09-30 15:10:00.0;0,20
CAMPO LARGO;410420402A;PR;Vila Andreas;-25,44889;-49,55519;2025-09-30 16:00:00.0;0,00
CAMPO LARGO;410420402A;PR;Vila Andreas;-25,44889;-49,55519;2025-09-30 17:00:00.0;0,00
CAMPO LARGO;410420402A;PR;Vila Andreas;-25,44889;-49,55519;2025-09-30 18:00:00.0;0,00
CAMPO LARGO;410420402A;PR;Vila Andreas;-25,44889;-49,55519;2025-09-30 19:00:00.0;0,00
CAMPO LARGO;410420402A;PR;Vila Andreas;-25,44889;-49,55519;2025-09-30 20:00:00.0;0,00
CAMPO LARGO;410420402A;PR;Vila Andreas;-25,44889;-49,55519;2025-09-30 21:00:00.0;0,00
CAMPO LARGO;410420402A;PR;Vila Andreas;-25,44889;-49,55519;2025-09-30 22:00:00.0;0,00
CAMPO LARGO;410420402A;PR;Vila Andreas;-25,44889;-49,55519;2025-09-30 22:10:00.0;1,60
CAMPO LARGO;410420402A;PR;Vila Andreas;-25,44889;-49,55519;2025-09-30 22:20:00.0;0,80
CAMPO LARGO;410420402A;PR;Vila Andreas;-25,44889;-49,55519;2025-09-30 22:30:00.0;0,40
CAMPO LARGO;410420402A;PR;Vila Andreas;-25,44889;-49,55519;2025-09-30 22:40:00.0;0,20
CAMPO LARGO;410420402A;PR;Vila Andreas;-25,44889;-49,55519;2025-09-30 22:50:00.0;0,20
CAMPO LARGO;410420402A;PR;Vila Andreas;-25,44889;-49,55519;2025-09-30 23:00:00.0;0,40
CAMPO LARGO;410420402A;PR;Vila Andreas;-25,44889;-49,55519;2025-09-30 23:10:00.0;4,00
CAMPO LARGO;410420402A;PR;Vila Andreas;-25,44889;-49,55519;2025-09-30 23:20:00.0;1,00
CAMPO LARGO;410420402A;PR;Vila Andreas;-25,44889;-49,55519;2025-09-30 23:30:00.0;0,60
CAMPO LARGO;410420402A;PR;Vila Andreas;-25,44889;-49,55519;2025-09-30 23:40:00.0;0,20
CAMPO LARGO;410420402A;PR;Vila Andreas;-25,44889;-49,55519;2025-09-30 23:50:00.0;0,20
CAMPO LARGO;410420403A;PR;Vila Bancaria;-25,46856;-49,52551;2025-09-01 17:10:00.0;2,20
CAMPO LARGO;410420403A;PR;Vila Bancaria;-25,46856;-49,52551;2025-09-04 19:10:00.0;0,00
CAMPO LARGO;410420403A;PR;Vila Bancaria;-25,46856;-49,52551;2025-09-04 19:20:00.0;1,40
CAMPO LARGO;410420403A;PR;Vila Bancaria;-25,46856;-49,52551;2025-09-04 19:50:00.0;0,20
CAMPO LARGO;410420403A;PR;Vila Bancaria;-25,46856;-49,52551;2025-09-04 20:10:00.0;0,00
CAMPO LARGO;410420403A;PR;Vila Bancaria;-25,46856;-49,52551;2025-09-04 21:10:00.0;0,00
CAMPO LARGO;410420403A;PR;Vila Bancaria;-25,46856;-49,52551;2025-09-04 22:10:00.0;0,00
CAMPO LARGO;410420403A;PR;Vila Bancaria;-25,46856;-49,52551;2025-09-04 23:10:00.0;0,00
CAMPO LARGO;410420403A;PR;Vila Bancaria;-25,46856;-49,52551;2025-09-05 00:10:00.0;0,00
CAMPO LARGO;410420403A;PR;Vila Bancaria;-25,46856;-49,52551;2025-09-05 01:10:00.0;0,00
CAMPO LARGO;410420403A;PR;Vila Bancaria;-25,46856;-49,52551;2025-09-05 02:10:00.0;0,00
CAMPO LARGO;410420403A;PR;Vila Bancaria;-25,46856;-49,52551;2025-09-05 03:10:00.0;0,00
CAMPO LARGO;410420403A;PR;Vila Bancaria;-25,46856;-49,52551;2025-09-05 04:10:00.0;0,00
CAMPO LARGO;410420403A;PR;Vila Bancaria;-25,46856;-49,52551;2025-09-05 05:10:00.0;0,00
CAMPO LARGO;410420403A;PR;Vila Bancaria;-25,46856;-49,52551;2025-09-05 06:10:00.0;0,00
CAMPO LARGO;410420403A;PR;Vila Bancaria;-25,46856;-49,52551;2025-09-05 07:10:00.0;0,00
CAMPO LARGO;410420403A;PR;Vila Bancaria;-25,46856;-49,52551;2025-09-05 08:10:00.0;0,00
CAMPO LARGO;410420403A;PR;Vila Bancaria;-25,46856;-49,52551;2025-09-05 09:10:00.0;0,00
CAMPO LARGO;410420403A;PR;Vila Bancaria;-25,46856;-49,52551;2025-09-05 10:10:00.0;0,00
CAMPO LARGO;410420403A;PR;Vila Bancaria;-25,46856;-49,52551;2025-09-05 11:10:00.0;0,00
CAMPO LARGO;410420403A;PR;Vila Bancaria;-25,46856;-49,52551;2025-09-05 12:10:00.0;0,00
CAMPO LARGO;410420403A;PR;Vila Bancaria;-25,46856;-49,52551;2025-09-05 13:10:00.0;0,00
CAMPO LARGO;410420403A;PR;Vila Bancaria;-25,46856;-49,52551;2025-09-05 14:10:00.0;0,00
CAMPO LARGO;410420403A;PR;Vila Bancaria;-25,46856;-49,52551;2025-09-05 15:10:00.0;0,00
CAMPO LARGO;410420403A;PR;Vila Bancaria;-25,46856;-49,52551;2025-09-05 16:10:00.0;0,00
CAMPO LARGO;410420403A;PR;Vila Bancaria;-25,46856;-49,52551;2025-09-05 17:10:00.0;0,00
CAMPO LARGO;410420403A;PR;Vila Bancaria;-25,46856;-49,52551;2025-09-05 18:10:00.0;0,00
CAMPO LARGO;410420403A;PR;Vila Bancaria;-25,46856;-49,52551;2025-09-05 19:10:00.0;0,00
CAMPO LARGO;410420403A;PR;Vila Bancaria;-25,46856;-49,52551;2025-09-05 20:10:00.0;0,00
CAMPO LARGO;410420403A;PR;Vila Bancaria;-25,46856;-49,52551;2025-09-05 21:10:00.0;0,00
CAMPO LARGO;410420403A;PR;Vila Bancaria;-25,46856;-49,52551;2025-09-05 22:10:00.0;0,00
CAMPO LARGO;410420403A;PR;Vila Bancaria;-25,46856;-49,52551;2025-09-05 23:10:00.0;0,00
CAMPO LARGO;410420403A;PR;Vila Bancaria;-25,46856;-49,52551;2025-09-06 00:10:00.0;0,00
CAMPO LARGO;410420403A;PR;Vila Bancaria;-25,46856;-49,52551;2025-09-06 00:30:00.0;0,20
CAMPO LARGO;410420403A;PR;Vila Bancaria;-25,46856;-49,52551;2025-09-06 00:50:00.0;0,20
CAMPO LARGO;410420403A;PR;Vila Bancaria;-25,46856;-49,52551;2025-09-06 01:00:00.0;0,40
CAMPO LARGO;410420403A;PR;Vila Bancaria;-25,46856;-49,52551;2025-09-06 02:10:00.0;0,00
CAMPO LARGO;410420403A;PR;Vila Bancaria;-25,46856;-49,52551;2025-09-06 03:10:00.0;0,00
CAMPO LARGO;410420403A;PR;Vila Bancaria;-25,46856;-49,52551;2025-09-06 04:10:00.0;0,00
CAMPO LARGO;410420403A;PR;Vila Bancaria;-25,46856;-49,52551;2025-09-06 05:10:00.0;0,00
CAMPO LARGO;410420403A;PR;Vila Bancaria;-25,46856;-49,52551;2025-09-06 06:10:00.0;0,00
CAMPO LARGO;410420403A;PR;Vila Bancaria;-25,46856;-49,52551;2025-09-06 07:10:00.0;0,00
CAMPO LARGO;410420403A;PR;Vila Bancaria;-25,46856;-49,52551;2025-09-06 08:10:00.0;0,00
CAMPO LARGO;410420403A;PR;Vila Bancaria;-25,46856;-49,52551;2025-09-06 09:10:00.0;0,00
CAMPO LARGO;410420403A;PR;Vila Bancaria;-25,46856;-49,52551;2025-09-06 10:10:00.0;0,20
CAMPO LARGO;410420403A;PR;Vila Bancaria;-25,46856;-49,52551;2025-09-06 10:40:00.0;0,20
CAMPO LARGO;410420403A;PR;Vila Bancaria;-25,46856;-49,52551;2025-09-06 11:10:00.0;0,00
CAMPO LARGO;410420403A;PR;Vila Bancaria;-25,46856;-49,52551;2025-09-06 12:10:00.0;0,00
CAMPO LARGO;410420403A;PR;Vila Bancaria;-25,46856;-49,52551;2025-09-06 13:10:00.0;0,00
CAMPO LARGO;410420403A;PR;Vila Bancaria;-25,46856;-49,52551;2025-09-06 14:10:00.0;0,00
CAMPO LARGO;410420403A;PR;Vila Bancaria;-25,46856;-49,52551;2025-09-06 15:10:00.0;0,00
CAMPO LARGO;410420403A;PR;Vila Bancaria;-25,46856;-49,52551;2025-09-06 16:10:00.0;0,00
CAMPO LARGO;410420403A;PR;Vila Bancaria;-25,46856;-49,52551;2025-09-06 17:10:00.0;0,00
CAMPO LARGO;410420403A;PR;Vila Bancaria;-25,46856;-49,52551;2025-09-06 18:10:00.0;0,00
CAMPO LARGO;410420403A;PR;Vila Bancaria;-25,46856;-49,52551;2025-09-06 19:10:00.0;0,00
CAMPO LARGO;410420403A;PR;Vila Bancaria;-25,46856;-49,52551;2025-09-06 20:10:00.0;0,00
CAMPO LARGO;410420403A;PR;Vila Bancaria;-25,46856;-49,52551;2025-09-06 21:10:00.0;0,00
CAMPO LARGO;410420403A;PR;Vila Bancaria;-25,46856;-49,52551;2025-09-06 22:10:00.0;0,00
CAMPO LARGO;410420403A;PR;Vila Bancaria;-25,46856;-49,52551;2025-09-06 23:10:00.0;0,00
CAMPO LARGO;410420403A;PR;Vila Bancaria;-25,46856;-49,52551;2025-09-07 00:10:00.0;0,00
CAMPO LARGO;410420403A;PR;Vila Bancaria;-25,46856;-49,52551;2025-09-07 01:10:00.0;0,00
CAMPO LARGO;410420403A;PR;Vila Bancaria;-25,46856;-49,52551;2025-09-07 02:10:00.0;0,00
CAMPO LARGO;410420403A;PR;Vila Bancaria;-25,46856;-49,52551;2025-09-07 03:10:00.0;0,00
CAMPO LARGO;410420403A;PR;Vila Bancaria;-25,46856;-49,52551;2025-09-07 04:10:00.0;0,00
CAMPO LARGO;410420403A;PR;Vila Bancaria;-25,46856;-49,52551;2025-09-07 05:10:00.0;0,00
CAMPO LARGO;410420403A;PR;Vila Bancaria;-25,46856;-49,52551;2025-09-07 06:10:00.0;0,20
CAMPO LARGO;410420403A;PR;Vila Bancaria;-25,46856;-49,52551;2025-09-07 07:10:00.0;0,00
CAMPO LARGO;410420403A;PR;Vila Bancaria;-25,46856;-49,52551;2025-09-07 08:10:00.0;0,00
CAMPO LARGO;410420403A;PR;Vila Bancaria;-25,46856;-49,52551;2025-09-07 09:10:00.0;0,00
CAMPO LARGO;410420403A;PR;Vila Bancaria;-25,46856;-49,52551;2025-09-07 10:10:00.0;0,00
CAMPO LARGO;410420403A;PR;Vila Bancaria;-25,46856;-49,52551;2025-09-07 11:10:00.0;0,00
CAMPO LARGO;410420403A;PR;Vila Bancaria;-25,46856;-49,52551;2025-09-07 12:10:00.0;0,00
CAMPO LARGO;410420403A;PR;Vila Bancaria;-25,46856;-49,52551;2025-09-07 13:10:00.0;0,00
CAMPO LARGO;410420403A;PR;Vila Bancaria;-25,46856;-49,52551;2025-09-07 14:10:00.0;0,00
CAMPO LARGO;410420403A;PR;Vila Bancaria;-25,46856;-49,52551;2025-09-07 15:10:00.0;0,00
CAMPO LARGO;410420403A;PR;Vila Bancaria;-25,46856;-49,52551;2025-09-07 16:10:00.0;0,00
CAMPO LARGO;410420403A;PR;Vila Bancaria;-25,46856;-49,52551;2025-09-07 17:10:00.0;0,00
CAMPO LARGO;410420403A;PR;Vila Bancaria;-25,46856;-49,52551;2025-09-07 18:10:00.0;0,00
CAMPO LARGO;410420403A;PR;Vila Bancaria;-25,46856;-49,52551;2025-09-07 19:10:00.0;0,00
CAMPO LARGO;410420403A;PR;Vila Bancaria;-25,46856;-49,52551;2025-09-07 20:10:00.0;0,00
CAMPO LARGO;410420403A;PR;Vila Bancaria;-25,46856;-49,52551;2025-09-07 21:10:00.0;0,00
CAMPO LARGO;410420403A;PR;Vila Bancaria;-25,46856;-49,52551;2025-09-07 22:10:00.0;0,00
CAMPO LARGO;410420403A;PR;Vila Bancaria;-25,46856;-49,52551;2025-09-07 23:10:00.0;0,00
CAMPO LARGO;410420403A;PR;Vila Bancaria;-25,46856;-49,52551;2025-09-08 00:10:00.0;0,00
CAMPO LARGO;410420403A;PR;Vila Bancaria;-25,46856;-49,52551;2025-09-08 01:10:00.0;0,00
CAMPO LARGO;410420403A;PR;Vila Bancaria;-25,46856;-49,52551;2025-09-08 02:10:00.0;0,00
CAMPO LARGO;410420403A;PR;Vila Bancaria;-25,46856;-49,52551;2025-09-08 03:10:00.0;0,00
CAMPO LARGO;410420403A;PR;Vila Bancaria;-25,46856;-49,52551;2025-09-08 04:10:00.0;0,00
CAMPO LARGO;410420403A;PR;Vila Bancaria;-25,46856;-49,52551;2025-09-08 05:10:00.0;0,00
CAMPO LARGO;410420403A;PR;Vila Bancaria;-25,46856;-49,52551;2025-09-08 06:10:00.0;0,00
CAMPO LARGO;410420403A;PR;Vila Bancaria;-25,46856;-49,52551;2025-09-08 07:10:00.0;0,00
CAMPO LARGO;410420403A;PR;Vila Bancaria;-25,46856;-49,52551;2025-09-08 08:10:00.0;0,00
CAMPO LARGO;410420403A;PR;Vila Bancaria;-25,46856;-49,52551;2025-09-08 09:10:00.0;0,00
CAMPO LARGO;410420403A;PR;Vila Bancaria;-25,46856;-49,52551;2025-09-08 10:10:00.0;0,00
CAMPO LARGO;410420403A;PR;Vila Bancaria;-25,46856;-49,52551;2025-09-08 11:10:00.0;0,00
CAMPO LARGO;410420403A;PR;Vila Bancaria;-25,46856;-49,52551;2025-09-08 11:50:00.0;0,20
CAMPO LARGO;410420403A;PR;Vila Bancaria;-25,46856;-49,52551;2025-09-08 12:10:00.0;0,00
CAMPO LARGO;410420403A;PR;Vila Bancaria;-25,46856;-49,52551;2025-09-08 13:10:00.0;0,00
CAMPO LARGO;410420403A;PR;Vila Bancaria;-25,46856;-49,52551;2025-09-08 14:10:00.0;0,00
CAMPO LARGO;410420403A;PR;Vila Bancaria;-25,46856;-49,52551;2025-09-08 15:10:00.0;0,00
CAMPO LARGO;410420403A;PR;Vila Bancaria;-25,46856;-49,52551;2025-09-08 16:10:00.0;0,00
CAMPO LARGO;410420403A;PR;Vila Bancaria;-25,46856;-49,52551;2025-09-08 17:10:00.0;0,00
CAMPO LARGO;410420403A;PR;Vila Bancaria;-25,46856;-49,52551;2025-09-08 18:10:00.0;0,00
CAMPO LARGO;410420403A;PR;Vila Bancaria;-25,46856;-49,52551;2025-09-08 19:10:00.0;0,00
CAMPO LARGO;410420403A;PR;Vila Bancaria;-25,46856;-49,52551;2025-09-08 20:10:00.0;0,00
CAMPO LARGO;410420403A;PR;Vila Bancaria;-25,46856;-49,52551;2025-09-08 21:10:00.0;0,00
CAMPO LARGO;410420403A;PR;Vila Bancaria;-25,46856;-49,52551;2025-09-08 22:10:00.0;0,00
CAMPO LARGO;410420403A;PR;Vila Bancaria;-25,46856;-49,52551;2025-09-08 23:10:00.0;0,00
CAMPO LARGO;410420403A;PR;Vila Bancaria;-25,46856;-49,52551;2025-09-09 00:10:00.0;0,00
CAMPO LARGO;410420403A;PR;Vila Bancaria;-25,46856;-49,52551;2025-09-09 01:10:00.0;0,00
CAMPO LARGO;410420403A;PR;Vila Bancaria;-25,46856;-49,52551;2025-09-09 02:10:00.0;0,00
CAMPO LARGO;410420403A;PR;Vila Bancaria;-25,46856;-49,52551;2025-09-09 03:10:00.0;0,00
CAMPO LARGO;410420403A;PR;Vila Bancaria;-25,46856;-49,52551;2025-09-09 04:10:00.0;0,00
CAMPO LARGO;410420403A;PR;Vila Bancaria;-25,46856;-49,52551;2025-09-09 05:10:00.0;0,00
CAMPO LARGO;410420403A;PR;Vila Bancaria;-25,46856;-49,52551;2025-09-09 06:10:00.0;0,00
CAMPO LARGO;410420403A;PR;Vila Bancaria;-25,46856;-49,52551;2025-09-09 07:10:00.0;0,00
CAMPO LARGO;410420403A;PR;Vila Bancaria;-25,46856;-49,52551;2025-09-09 08:10:00.0;0,00
CAMPO LARGO;410420403A;PR;Vila Bancaria;-25,46856;-49,52551;2025-09-09 08:50:00.0;0,40
CAMPO LARGO;410420403A;PR;Vila Bancaria;-25,46856;-49,52551;2025-09-09 09:00:00.0;1,00
CAMPO LARGO;410420403A;PR;Vila Bancaria;-25,46856;-49,52551;2025-09-09 09:10:00.0;1,20
CAMPO LARGO;410420403A;PR;Vila Bancaria;-25,46856;-49,52551;2025-09-09 09:20:00.0;0,60
CAMPO LARGO;410420403A;PR;Vila Bancaria;-25,46856;-49,52551;2025-09-09 09:30:00.0;0,20
CAMPO LARGO;410420403A;PR;Vila Bancaria;-25,46856;-49,52551;2025-09-09 09:40:00.0;0,60
CAMPO LARGO;410420403A;PR;Vila Bancaria;-25,46856;-49,52551;2025-09-09 09:50:00.0;1,00
CAMPO LARGO;410420403A;PR;Vila Bancaria;-25,46856;-49,52551;2025-09-09 10:00:00.0;0,60
CAMPO LARGO;410420403A;PR;Vila Bancaria;-25,46856;-49,52551;2025-09-09 10:20:00.0;0,20
CAMPO LARGO;410420403A;PR;Vila Bancaria;-25,46856;-49,52551;2025-09-09 10:50:00.0;0,20
CAMPO LARGO;410420403A;PR;Vila Bancaria;-25,46856;-49,52551;2025-09-09 11:10:00.0;0,00
CAMPO LARGO;410420403A;PR;Vila Bancaria;-25,46856;-49,52551;2025-09-09 12:10:00.0;0,00
CAMPO LARGO;410420403A;PR;Vila Bancaria;-25,46856;-49,52551;2025-09-09 13:10:00.0;0,00
CAMPO LARGO;410420403A;PR;Vila Bancaria;-25,46856;-49,52551;2025-09-09 14:10:00.0;0,00
CAMPO LARGO;410420403A;PR;Vila Bancaria;-25,46856;-49,52551;2025-09-09 15:10:00.0;0,00
CAMPO LARGO;410420403A;PR;Vila Bancaria;-25,46856;-49,52551;2025-09-09 16:10:00.0;0,00
CAMPO LARGO;410420403A;PR;Vila Bancaria;-25,46856;-49,52551;2025-09-09 17:10:00.0;0,00
CAMPO LARGO;410420403A;PR;Vila Bancaria;-25,46856;-49,52551;2025-09-09 18:10:00.0;0,00
CAMPO LARGO;410420403A;PR;Vila Bancaria;-25,46856;-49,52551;2025-09-09 19:10:00.0;0,00
CAMPO LARGO;410420403A;PR;Vila Bancaria;-25,46856;-49,52551;2025-09-09 20:10:00.0;0,00
CAMPO LARGO;410420403A;PR;Vila Bancaria;-25,46856;-49,52551;2025-09-09 21:10:00.0;0,00
CAMPO LARGO;410420403A;PR;Vila Bancaria;-25,46856;-49,52551;2025-09-09 22:10:00.0;0,00
CAMPO LARGO;410420403A;PR;Vila Bancaria;-25,46856;-49,52551;2025-09-09 23:10:00.0;0,00
CAMPO LARGO;410420403A;PR;Vila Bancaria;-25,46856;-49,52551;2025-09-10 00:10:00.0;0,00
CAMPO LARGO;410420403A;PR;Vila Bancaria;-25,46856;-49,52551;2025-09-10 01:10:00.0;0,00
CAMPO LARGO;410420403A;PR;Vila Bancaria;-25,46856;-49,52551;2025-09-10 02:10:00.0;0,00
CAMPO LARGO;410420403A;PR;Vila Bancaria;-25,46856;-49,52551;2025-09-10 03:10:00.0;0,00
CAMPO LARGO;410420403A;PR;Vila Bancaria;-25,46856;-49,52551;2025-09-10 04:10:00.0;0,00
CAMPO LARGO;410420403A;PR;Vila Bancaria;-25,46856;-49,52551;2025-09-10 05:10:00.0;0,00
CAMPO LARGO;410420403A;PR;Vila Bancaria;-25,46856;-49,52551;2025-09-10 06:10:00.0;0,00
CAMPO LARGO;410420403A;PR;Vila Bancaria;-25,46856;-49,52551;2025-09-10 07:10:00.0;0,00
CAMPO LARGO;410420403A;PR;Vila Bancaria;-25,46856;-49,52551;2025-09-10 08:10:00.0;0,00
CAMPO LARGO;410420403A;PR;Vila Bancaria;-25,46856;-49,52551;2025-09-10 09:10:00.0;0,00
CAMPO LARGO;410420403A;PR;Vila Bancaria;-25,46856;-49,52551;2025-09-10 10:10:00.0;0,00
CAMPO LARGO;410420403A;PR;Vila Bancaria;-25,46856;-49,52551;2025-09-10 11:10:00.0;0,00
CAMPO LARGO;410420403A;PR;Vila Bancaria;-25,46856;-49,52551;2025-09-10 12:10:00.0;0,00
CAMPO LARGO;410420403A;PR;Vila Bancaria;-25,46856;-49,52551;2025-09-10 13:10:00.0;0,00
CAMPO LARGO;410420403A;PR;Vila Bancaria;-25,46856;-49,52551;2025-09-10 14:10:00.0;0,00
CAMPO LARGO;410420403A;PR;Vila Bancaria;-25,46856;-49,52551;2025-09-10 15:10:00.0;0,00
CAMPO LARGO;410420403A;PR;Vila Bancaria;-25,46856;-49,52551;2025-09-10 16:10:00.0;0,00
CAMPO LARGO;410420403A;PR;Vila Bancaria;-25,46856;-49,52551;2025-09-10 17:10:00.0;0,00
CAMPO LARGO;410420403A;PR;Vila Bancaria;-25,46856;-49,52551;2025-09-10 18:10:00.0;0,00
CAMPO LARGO;410420403A;PR;Vila Bancaria;-25,46856;-49,52551;2025-09-10 19:10:00.0;0,00
CAMPO LARGO;410420403A;PR;Vila Bancaria;-25,46856;-49,52551;2025-09-10 20:10:00.0;0,00
CAMPO LARGO;410420403A;PR;Vila Bancaria;-25,46856;-49,52551;2025-09-10 21:10:00.0;0,00
CAMPO LARGO;410420403A;PR;Vila Bancaria;-25,46856;-49,52551;2025-09-10 22:10:00.0;0,00
CAMPO LARGO;410420403A;PR;Vila Bancaria;-25,46856;-49,52551;2025-09-10 23:10:00.0;0,00
CAMPO LARGO;410420403A;PR;Vila Bancaria;-25,46856;-49,52551;2025-09-11 00:10:00.0;0,00
CAMPO LARGO;410420403A;PR;Vila Bancaria;-25,46856;-49,52551;2025-09-11 01:10:00.0;0,00
CAMPO LARGO;410420403A;PR;Vila Bancaria;-25,46856;-49,52551;2025-09-11 02:10:00.0;0,00
CAMPO LARGO;410420403A;PR;Vila Bancaria;-25,46856;-49,52551;2025-09-11 03:10:00.0;0,00
CAMPO LARGO;410420403A;PR;Vila Bancaria;-25,46856;-49,52551;2025-09-11 04:10:00.0;0,00
CAMPO LARGO;410420403A;PR;Vila Bancaria;-25,46856;-49,52551;2025-09-11 05:10:00.0;0,00
CAMPO LARGO;410420403A;PR;Vila Bancaria;-25,46856;-49,52551;2025-09-11 06:10:00.0;0,00
CAMPO LARGO;410420403A;PR;Vila Bancaria;-25,46856;-49,52551;2025-09-11 07:10:00.0;0,00
CAMPO LARGO;410420403A;PR;Vila Bancaria;-25,46856;-49,52551;2025-09-11 08:10:00.0;0,00
CAMPO LARGO;410420403A;PR;Vila Bancaria;-25,46856;-49,52551;2025-09-11 09:10:00.0;0,00
CAMPO LARGO;410420403A;PR;Vila Bancaria;-25,46856;-49,52551;2025-09-11 10:10:00.0;0,00
CAMPO LARGO;410420403A;PR;Vila Bancaria;-25,46856;-49,52551;2025-09-11 11:10:00.0;0,00
CAMPO LARGO;410420403A;PR;Vila Bancaria;-25,46856;-49,52551;2025-09-11 12:10:00.0;0,00
CAMPO LARGO;410420403A;PR;Vila Bancaria;-25,46856;-49,52551;2025-09-11 13:10:00.0;0,00
CAMPO LARGO;410420403A;PR;Vila Bancaria;-25,46856;-49,52551;2025-09-11 14:10:00.0;0,00
CAMPO LARGO;410420403A;PR;Vila Bancaria;-25,46856;-49,52551;2025-09-11 15:10:00.0;0,00
CAMPO LARGO;410420403A;PR;Vila Bancaria;-25,46856;-49,52551;2025-09-11 16:10:00.0;0,00
CAMPO LARGO;410420403A;PR;Vila Bancaria;-25,46856;-49,52551;2025-09-11 17:10:00.0;0,00
CAMPO LARGO;410420403A;PR;Vila Bancaria;-25,46856;-49,52551;2025-09-11 18:10:00.0;0,00
CAMPO LARGO;410420403A;PR;Vila Bancaria;-25,46856;-49,52551;2025-09-11 19:10:00.0;0,00
CAMPO LARGO;410420403A;PR;Vila Bancaria;-25,46856;-49,52551;2025-09-11 20:10:00.0;0,00
CAMPO LARGO;410420403A;PR;Vila Bancaria;-25,46856;-49,52551;2025-09-11 21:10:00.0;0,00
CAMPO LARGO;410420403A;PR;Vila Bancaria;-25,46856;-49,52551;2025-09-11 22:10:00.0;0,00
CAMPO LARGO;410420403A;PR;Vila Bancaria;-25,46856;-49,52551;2025-09-11 23:10:00.0;0,00
CAMPO LARGO;410420403A;PR;Vila Bancaria;-25,46856;-49,52551;2025-09-12 00:10:00.0;0,00
CAMPO LARGO;410420403A;PR;Vila Bancaria;-25,46856;-49,52551;2025-09-12 01:10:00.0;0,00
CAMPO LARGO;410420403A;PR;Vila Bancaria;-25,46856;-49,52551;2025-09-12 02:10:00.0;0,00
CAMPO LARGO;410420403A;PR;Vila Bancaria;-25,46856;-49,52551;2025-09-12 03:10:00.0;0,00
CAMPO LARGO;410420403A;PR;Vila Bancaria;-25,46856;-49,52551;2025-09-12 04:10:00.0;0,00
CAMPO LARGO;410420403A;PR;Vila Bancaria;-25,46856;-49,52551;2025-09-12 05:10:00.0;0,00
CAMPO LARGO;410420403A;PR;Vila Bancaria;-25,46856;-49,52551;2025-09-12 06:10:00.0;0,00
CAMPO LARGO;410420403A;PR;Vila Bancaria;-25,46856;-49,52551;2025-09-12 07:10:00.0;0,00
CAMPO LARGO;410420403A;PR;Vila Bancaria;-25,46856;-49,52551;2025-09-12 08:10:00.0;0,00
CAMPO LARGO;410420403A;PR;Vila Bancaria;-25,46856;-49,52551;2025-09-12 09:10:00.0;0,00
CAMPO LARGO;410420403A;PR;Vila Bancaria;-25,46856;-49,52551;2025-09-12 10:10:00.0;0,00
CAMPO LARGO;410420403A;PR;Vila Bancaria;-25,46856;-49,52551;2025-09-12 11:10:00.0;0,00
CAMPO LARGO;410420403A;PR;Vila Bancaria;-25,46856;-49,52551;2025-09-12 12:10:00.0;0,00
CAMPO LARGO;410420403A;PR;Vila Bancaria;-25,46856;-49,52551;2025-09-12 13:10:00.0;0,00
CAMPO LARGO;410420403A;PR;Vila Bancaria;-25,46856;-49,52551;2025-09-12 14:10:00.0;0,00
CAMPO LARGO;410420403A;PR;Vila Bancaria;-25,46856;-49,52551;2025-09-12 15:10:00.0;0,00
CAMPO LARGO;410420403A;PR;Vila Bancaria;-25,46856;-49,52551;2025-09-12 16:10:00.0;0,00
CAMPO LARGO;410420403A;PR;Vila Bancaria;-25,46856;-49,52551;2025-09-12 17:10:00.0;0,00
CAMPO LARGO;410420403A;PR;Vila Bancaria;-25,46856;-49,52551;2025-09-12 18:10:00.0;0,00
CAMPO LARGO;410420403A;PR;Vila Bancaria;-25,46856;-49,52551;2025-09-12 19:10:00.0;0,00
CAMPO LARGO;410420403A;PR;Vila Bancaria;-25,46856;-49,52551;2025-09-12 20:10:00.0;0,00
CAMPO LARGO;410420403A;PR;Vila Bancaria;-25,46856;-49,52551;2025-09-12 21:10:00.0;0,00
CAMPO LARGO;410420403A;PR;Vila Bancaria;-25,46856;-49,52551;2025-09-12 22:10:00.0;0,00
CAMPO LARGO;410420403A;PR;Vila Bancaria;-25,46856;-49,52551;2025-09-12 23:10:00.0;0,00
CAMPO LARGO;410420403A;PR;Vila Bancaria;-25,46856;-49,52551;2025-09-13 00:10:00.0;0,00
CAMPO LARGO;410420403A;PR;Vila Bancaria;-25,46856;-49,52551;2025-09-13 01:10:00.0;0,00
CAMPO LARGO;410420403A;PR;Vila Bancaria;-25,46856;-49,52551;2025-09-13 02:10:00.0;0,00
CAMPO LARGO;410420403A;PR;Vila Bancaria;-25,46856;-49,52551;2025-09-13 03:10:00.0;0,00
CAMPO LARGO;410420403A;PR;Vila Bancaria;-25,46856;-49,52551;2025-09-13 04:10:00.0;0,00
CAMPO LARGO;410420403A;PR;Vila Bancaria;-25,46856;-49,52551;2025-09-13 05:10:00.0;0,00
CAMPO LARGO;410420403A;PR;Vila Bancaria;-25,46856;-49,52551;2025-09-13 06:10:00.0;0,00
CAMPO LARGO;410420403A;PR;Vila Bancaria;-25,46856;-49,52551;2025-09-13 07:10:00.0;0,00
CAMPO LARGO;410420403A;PR;Vila Bancaria;-25,46856;-49,52551;2025-09-13 08:10:00.0;0,00
CAMPO LARGO;410420403A;PR;Vila Bancaria;-25,46856;-49,52551;2025-09-13 09:10:00.0;0,00
CAMPO LARGO;410420403A;PR;Vila Bancaria;-25,46856;-49,52551;2025-09-13 10:10:00.0;0,00
CAMPO LARGO;410420403A;PR;Vila Bancaria;-25,46856;-49,52551;2025-09-13 11:10:00.0;0,00
CAMPO LARGO;410420403A;PR;Vila Bancaria;-25,46856;-49,52551;2025-09-13 12:10:00.0;0,00
CAMPO LARGO;410420403A;PR;Vila Bancaria;-25,46856;-49,52551;2025-09-13 13:10:00.0;0,00
CAMPO LARGO;410420403A;PR;Vila Bancaria;-25,46856;-49,52551;2025-09-13 14:10:00.0;0,00
CAMPO LARGO;410420403A;PR;Vila Bancaria;-25,46856;-49,52551;2025-09-13 15:10:00.0;0,00
CAMPO LARGO;410420403A;PR;Vila Bancaria;-25,46856;-49,52551;2025-09-13 16:10:00.0;0,00
CAMPO LARGO;410420403A;PR;Vila Bancaria;-25,46856;-49,52551;2025-09-13 17:10:00.0;0,00
CAMPO LARGO;410420403A;PR;Vila Bancaria;-25,46856;-49,52551;2025-09-13 18:10:00.0;0,00
CAMPO LARGO;410420403A;PR;Vila Bancaria;-25,46856;-49,52551;2025-09-13 19:10:00.0;0,00
CAMPO LARGO;410420403A;PR;Vila Bancaria;-25,46856;-49,52551;2025-09-13 20:10:00.0;0,00
CAMPO LARGO;410420403A;PR;Vila Bancaria;-25,46856;-49,52551;2025-09-13 21:10:00.0;0,00
CAMPO LARGO;410420403A;PR;Vila Bancaria;-25,46856;-49,52551;2025-09-13 22:10:00.0;0,00
CAMPO LARGO;410420403A;PR;Vila Bancaria;-25,46856;-49,52551;2025-09-13 23:10:00.0;0,00
CAMPO LARGO;410420403A;PR;Vila Bancaria;-25,46856;-49,52551;2025-09-14 00:10:00.0;0,00
CAMPO LARGO;410420403A;PR;Vila Bancaria;-25,46856;-49,52551;2025-09-14 01:10:00.0;0,00
CAMPO LARGO;410420403A;PR;Vila Bancaria;-25,46856;-49,52551;2025-09-14 02:10:00.0;0,00
CAMPO LARGO;410420403A;PR;Vila Bancaria;-25,46856;-49,52551;2025-09-14 03:10:00.0;0,00
CAMPO LARGO;410420403A;PR;Vila Bancaria;-25,46856;-49,52551;2025-09-14 04:10:00.0;0,00
CAMPO LARGO;410420403A;PR;Vila Bancaria;-25,46856;-49,52551;2025-09-14 05:10:00.0;0,00
CAMPO LARGO;410420403A;PR;Vila Bancaria;-25,46856;-49,52551;2025-09-14 06:10:00.0;0,00
CAMPO LARGO;410420403A;PR;Vila Bancaria;-25,46856;-49,52551;2025-09-14 07:10:00.0;0,00
CAMPO LARGO;410420403A;PR;Vila Bancaria;-25,46856;-49,52551;2025-09-14 08:10:00.0;0,00
CAMPO LARGO;410420403A;PR;Vila Bancaria;-25,46856;-49,52551;2025-09-14 09:10:00.0;0,00
CAMPO LARGO;410420403A;PR;Vila Bancaria;-25,46856;-49,52551;2025-09-14 10:10:00.0;0,00
CAMPO LARGO;410420403A;PR;Vila Bancaria;-25,46856;-49,52551;2025-09-14 11:10:00.0;0,00
CAMPO LARGO;410420403A;PR;Vila Bancaria;-25,46856;-49,52551;2025-09-14 12:10:00.0;0,00
CAMPO LARGO;410420403A;PR;Vila Bancaria;-25,46856;-49,52551;2025-09-14 13:10:00.0;0,00
CAMPO LARGO;410420403A;PR;Vila Bancaria;-25,46856;-49,52551;2025-09-14 14:10:00.0;0,00
CAMPO LARGO;410420403A;PR;Vila Bancaria;-25,46856;-49,52551;2025-09-14 15:10:00.0;0,00
CAMPO LARGO;410420403A;PR;Vila Bancaria;-25,46856;-49,52551;2025-09-14 16:10:00.0;0,00
CAMPO LARGO;410420403A;PR;Vila Bancaria;-25,46856;-49,52551;2025-09-14 17:10:00.0;0,00
CAMPO LARGO;410420403A;PR;Vila Bancaria;-25,46856;-49,52551;2025-09-14 18:10:00.0;0,00
CAMPO LARGO;410420403A;PR;Vila Bancaria;-25,46856;-49,52551;2025-09-14 19:10:00.0;0,00
CAMPO LARGO;410420403A;PR;Vila Bancaria;-25,46856;-49,52551;2025-09-14 20:10:00.0;0,00
CAMPO LARGO;410420403A;PR;Vila Bancaria;-25,46856;-49,52551;2025-09-14 21:10:00.0;0,00
CAMPO LARGO;410420403A;PR;Vila Bancaria;-25,46856;-49,52551;2025-09-14 22:10:00.0;0,00
CAMPO LARGO;410420403A;PR;Vila Bancaria;-25,46856;-49,52551;2025-09-14 23:10:00.0;0,00
CAMPO LARGO;410420403A;PR;Vila Bancaria;-25,46856;-49,52551;2025-09-15 00:10:00.0;0,00
CAMPO LARGO;410420403A;PR;Vila Bancaria;-25,46856;-49,52551;2025-09-15 01:10:00.0;0,00
CAMPO LARGO;410420403A;PR;Vila Bancaria;-25,46856;-49,52551;2025-09-15 02:10:00.0;0,00
CAMPO LARGO;410420403A;PR;Vila Bancaria;-25,46856;-49,52551;2025-09-15 03:10:00.0;0,00
CAMPO LARGO;410420403A;PR;Vila Bancaria;-25,46856;-49,52551;2025-09-15 04:10:00.0;0,00
CAMPO LARGO;410420403A;PR;Vila Bancaria;-25,46856;-49,52551;2025-09-15 05:10:00.0;0,00
CAMPO LARGO;410420403A;PR;Vila Bancaria;-25,46856;-49,52551;2025-09-15 06:10:00.0;0,00
CAMPO LARGO;410420403A;PR;Vila Bancaria;-25,46856;-49,52551;2025-09-15 07:10:00.0;0,00
CAMPO LARGO;410420403A;PR;Vila Bancaria;-25,46856;-49,52551;2025-09-15 08:10:00.0;0,00
CAMPO LARGO;410420403A;PR;Vila Bancaria;-25,46856;-49,52551;2025-09-15 09:10:00.0;0,00
CAMPO LARGO;410420403A;PR;Vila Bancaria;-25,46856;-49,52551;2025-09-15 10:10:00.0;0,00
CAMPO LARGO;410420403A;PR;Vila Bancaria;-25,46856;-49,52551;2025-09-15 11:10:00.0;0,00
CAMPO LARGO;410420403A;PR;Vila Bancaria;-25,46856;-49,52551;2025-09-15 12:10:00.0;0,00
CAMPO LARGO;410420403A;PR;Vila Bancaria;-25,46856;-49,52551;2025-09-15 13:10:00.0;0,00
CAMPO LARGO;410420403A;PR;Vila Bancaria;-25,46856;-49,52551;2025-09-15 14:10:00.0;0,00
CAMPO LARGO;410420403A;PR;Vila Bancaria;-25,46856;-49,52551;2025-09-15 15:10:00.0;0,00
CAMPO LARGO;410420403A;PR;Vila Bancaria;-25,46856;-49,52551;2025-09-15 16:10:00.0;0,00
CAMPO LARGO;410420403A;PR;Vila Bancaria;-25,46856;-49,52551;2025-09-15 17:10:00.0;0,00
CAMPO LARGO;410420403A;PR;Vila Bancaria;-25,46856;-49,52551;2025-09-15 18:10:00.0;0,00
CAMPO LARGO;410420403A;PR;Vila Bancaria;-25,46856;-49,52551;2025-09-15 19:10:00.0;0,00
CAMPO LARGO;410420403A;PR;Vila Bancaria;-25,46856;-49,52551;2025-09-15 20:10:00.0;0,00
CAMPO LARGO;410420403A;PR;Vila Bancaria;-25,46856;-49,52551;2025-09-15 21:10:00.0;0,00
CAMPO LARGO;410420403A;PR;Vila Bancaria;-25,46856;-49,52551;2025-09-15 22:10:00.0;0,00
CAMPO LARGO;410420403A;PR;Vila Bancaria;-25,46856;-49,52551;2025-09-15 23:10:00.0;0,00
CAMPO LARGO;410420403A;PR;Vila Bancaria;-25,46856;-49,52551;2025-09-16 00:10:00.0;0,00
CAMPO LARGO;410420403A;PR;Vila Bancaria;-25,46856;-49,52551;2025-09-16 01:10:00.0;0,00
CAMPO LARGO;410420403A;PR;Vila Bancaria;-25,46856;-49,52551;2025-09-16 02:10:00.0;0,00
CAMPO LARGO;410420403A;PR;Vila Bancaria;-25,46856;-49,52551;2025-09-16 03:10:00.0;0,00
CAMPO LARGO;410420403A;PR;Vila Bancaria;-25,46856;-49,52551;2025-09-16 04:10:00.0;0,40
CAMPO LARGO;410420403A;PR;Vila Bancaria;-25,46856;-49,52551;2025-09-16 04:20:00.0;0,20
CAMPO LARGO;410420403A;PR;Vila Bancaria;-25,46856;-49,52551;2025-09-16 05:10:00.0;0,00
CAMPO LARGO;410420403A;PR;Vila Bancaria;-25,46856;-49,52551;2025-09-16 05:30:00.0;0,40
CAMPO LARGO;410420403A;PR;Vila Bancaria;-25,46856;-49,52551;2025-09-16 05:40:00.0;0,80
CAMPO LARGO;410420403A;PR;Vila Bancaria;-25,46856;-49,52551;2025-09-16 05:50:00.0;0,40
CAMPO LARGO;410420403A;PR;Vila Bancaria;-25,46856;-49,52551;2025-09-16 06:00:00.0;0,60
CAMPO LARGO;410420403A;PR;Vila Bancaria;-25,46856;-49,52551;2025-09-16 06:10:00.0;0,40
CAMPO LARGO;410420403A;PR;Vila Bancaria;-25,46856;-49,52551;2025-09-16 06:20:00.0;0,20
CAMPO LARGO;410420403A;PR;Vila Bancaria;-25,46856;-49,52551;2025-09-16 06:30:00.0;0,20
CAMPO LARGO;410420403A;PR;Vila Bancaria;-25,46856;-49,52551;2025-09-16 06:40:00.0;0,20
CAMPO LARGO;410420403A;PR;Vila Bancaria;-25,46856;-49,52551;2025-09-16 07:10:00.0;0,00
CAMPO LARGO;410420403A;PR;Vila Bancaria;-25,46856;-49,52551;2025-09-16 08:10:00.0;0,00
CAMPO LARGO;410420403A;PR;Vila Bancaria;-25,46856;-49,52551;2025-09-16 09:10:00.0;0,00
CAMPO LARGO;410420403A;PR;Vila Bancaria;-25,46856;-49,52551;2025-09-16 10:10:00.0;0,00
CAMPO LARGO;410420403A;PR;Vila Bancaria;-25,46856;-49,52551;2025-09-16 11:10:00.0;0,00
CAMPO LARGO;410420403A;PR;Vila Bancaria;-25,46856;-49,52551;2025-09-16 12:10:00.0;0,00
CAMPO LARGO;410420403A;PR;Vila Bancaria;-25,46856;-49,52551;2025-09-16 13:10:00.0;0,00
CAMPO LARGO;410420403A;PR;Vila Bancaria;-25,46856;-49,52551;2025-09-16 14:10:00.0;0,00
CAMPO LARGO;410420403A;PR;Vila Bancaria;-25,46856;-49,52551;2025-09-16 15:10:00.0;0,00
CAMPO LARGO;410420403A;PR;Vila Bancaria;-25,46856;-49,52551;2025-09-16 16:10:00.0;0,00
CAMPO LARGO;410420403A;PR;Vila Bancaria;-25,46856;-49,52551;2025-09-16 17:10:00.0;0,00
CAMPO LARGO;410420403A;PR;Vila Bancaria;-25,46856;-49,52551;2025-09-16 18:10:00.0;0,00
CAMPO LARGO;410420403A;PR;Vila Bancaria;-25,46856;-49,52551;2025-09-16 19:10:00.0;0,00
CAMPO LARGO;410420403A;PR;Vila Bancaria;-25,46856;-49,52551;2025-09-16 20:10:00.0;0,00
CAMPO LARGO;410420403A;PR;Vila Bancaria;-25,46856;-49,52551;2025-09-16 21:10:00.0;0,00
CAMPO LARGO;410420403A;PR;Vila Bancaria;-25,46856;-49,52551;2025-09-16 22:10:00.0;0,00
CAMPO LARGO;410420403A;PR;Vila Bancaria;-25,46856;-49,52551;2025-09-16 23:10:00.0;0,00
CAMPO LARGO;410420403A;PR;Vila Bancaria;-25,46856;-49,52551;2025-09-17 00:10:00.0;0,00
CAMPO LARGO;410420403A;PR;Vila Bancaria;-25,46856;-49,52551;2025-09-17 01:10:00.0;0,00
CAMPO LARGO;410420403A;PR;Vila Bancaria;-25,46856;-49,52551;2025-09-17 02:10:00.0;0,00
CAMPO LARGO;410420403A;PR;Vila Bancaria;-25,46856;-49,52551;2025-09-17 03:10:00.0;0,00
CAMPO LARGO;410420403A;PR;Vila Bancaria;-25,46856;-49,52551;2025-09-17 04:10:00.0;0,00
CAMPO LARGO;410420403A;PR;Vila Bancaria;-25,46856;-49,52551;2025-09-17 05:10:00.0;0,00
CAMPO LARGO;410420403A;PR;Vila Bancaria;-25,46856;-49,52551;2025-09-17 06:10:00.0;0,00
CAMPO LARGO;410420403A;PR;Vila Bancaria;-25,46856;-49,52551;2025-09-17 07:10:00.0;0,00
CAMPO LARGO;410420403A;PR;Vila Bancaria;-25,46856;-49,52551;2025-09-17 08:10:00.0;0,00
CAMPO LARGO;410420403A;PR;Vila Bancaria;-25,46856;-49,52551;2025-09-17 09:10:00.0;0,00
CAMPO LARGO;410420403A;PR;Vila Bancaria;-25,46856;-49,52551;2025-09-17 10:10:00.0;0,00
CAMPO LARGO;410420403A;PR;Vila Bancaria;-25,46856;-49,52551;2025-09-17 11:10:00.0;0,00
CAMPO LARGO;410420403A;PR;Vila Bancaria;-25,46856;-49,52551;2025-09-17 12:10:00.0;0,00
CAMPO LARGO;410420403A;PR;Vila Bancaria;-25,46856;-49,52551;2025-09-17 13:10:00.0;0,00
CAMPO LARGO;410420403A;PR;Vila Bancaria;-25,46856;-49,52551;2025-09-17 14:10:00.0;0,00
CAMPO LARGO;410420403A;PR;Vila Bancaria;-25,46856;-49,52551;2025-09-17 15:10:00.0;0,00
CAMPO LARGO;410420403A;PR;Vila Bancaria;-25,46856;-49,52551;2025-09-17 16:10:00.0;0,00
CAMPO LARGO;410420403A;PR;Vila Bancaria;-25,46856;-49,52551;2025-09-17 17:10:00.0;0,00
CAMPO LARGO;410420403A;PR;Vila Bancaria;-25,46856;-49,52551;2025-09-17 18:10:00.0;0,00
CAMPO LARGO;410420403A;PR;Vila Bancaria;-25,46856;-49,52551;2025-09-17 19:10:00.0;0,00
CAMPO LARGO;410420403A;PR;Vila Bancaria;-25,46856;-49,52551;2025-09-17 20:10:00.0;0,00
CAMPO LARGO;410420403A;PR;Vila Bancaria;-25,46856;-49,52551;2025-09-17 21:10:00.0;0,00
CAMPO LARGO;410420403A;PR;Vila Bancaria;-25,46856;-49,52551;2025-09-17 22:10:00.0;0,00
CAMPO LARGO;410420403A;PR;Vila Bancaria;-25,46856;-49,52551;2025-09-17 23:10:00.0;0,00
CAMPO LARGO;410420403A;PR;Vila Bancaria;-25,46856;-49,52551;2025-09-18 00:10:00.0;0,00
CAMPO LARGO;410420403A;PR;Vila Bancaria;-25,46856;-49,52551;2025-09-18 01:10:00.0;0,00
CAMPO LARGO;410420403A;PR;Vila Bancaria;-25,46856;-49,52551;2025-09-18 02:10:00.0;0,00
CAMPO LARGO;410420403A;PR;Vila Bancaria;-25,46856;-49,52551;2025-09-18 03:10:00.0;0,00
CAMPO LARGO;410420403A;PR;Vila Bancaria;-25,46856;-49,52551;2025-09-18 04:10:00.0;0,00
CAMPO LARGO;410420403A;PR;Vila Bancaria;-25,46856;-49,52551;2025-09-18 05:10:00.0;0,00
CAMPO LARGO;410420403A;PR;Vila Bancaria;-25,46856;-49,52551;2025-09-18 06:10:00.0;0,00
CAMPO LARGO;410420403A;PR;Vila Bancaria;-25,46856;-49,52551;2025-09-18 07:10:00.0;0,00
CAMPO LARGO;410420403A;PR;Vila Bancaria;-25,46856;-49,52551;2025-09-18 08:10:00.0;0,00
CAMPO LARGO;410420403A;PR;Vila Bancaria;-25,46856;-49,52551;2025-09-18 09:10:00.0;0,00
CAMPO LARGO;410420403A;PR;Vila Bancaria;-25,46856;-49,52551;2025-09-18 10:10:00.0;0,00
CAMPO LARGO;410420403A;PR;Vila Bancaria;-25,46856;-49,52551;2025-09-18 11:10:00.0;0,00
CAMPO LARGO;410420403A;PR;Vila Bancaria;-25,46856;-49,52551;2025-09-18 12:10:00.0;0,00
CAMPO LARGO;410420403A;PR;Vila Bancaria;-25,46856;-49,52551;2025-09-18 13:10:00.0;0,00
CAMPO LARGO;410420403A;PR;Vila Bancaria;-25,46856;-49,52551;2025-09-18 14:10:00.0;0,00
CAMPO LARGO;410420403A;PR;Vila Bancaria;-25,46856;-49,52551;2025-09-18 15:10:00.0;0,00
CAMPO LARGO;410420403A;PR;Vila Bancaria;-25,46856;-49,52551;2025-09-18 16:10:00.0;0,00
CAMPO LARGO;410420403A;PR;Vila Bancaria;-25,46856;-49,52551;2025-09-18 17:10:00.0;0,00
CAMPO LARGO;410420403A;PR;Vila Bancaria;-25,46856;-49,52551;2025-09-18 18:10:00.0;0,00
CAMPO LARGO;410420403A;PR;Vila Bancaria;-25,46856;-49,52551;2025-09-18 19:10:00.0;0,00
CAMPO LARGO;410420403A;PR;Vila Bancaria;-25,46856;-49,52551;2025-09-18 20:10:00.0;0,00
CAMPO LARGO;410420403A;PR;Vila Bancaria;-25,46856;-49,52551;2025-09-18 21:10:00.0;0,00
CAMPO LARGO;410420403A;PR;Vila Bancaria;-25,46856;-49,52551;2025-09-18 22:10:00.0;0,00
CAMPO LARGO;410420403A;PR;Vila Bancaria;-25,46856;-49,52551;2025-09-18 23:10:00.0;0,00
CAMPO LARGO;410420403A;PR;Vila Bancaria;-25,46856;-49,52551;2025-09-19 00:10:00.0;0,00
CAMPO LARGO;410420403A;PR;Vila Bancaria;-25,46856;-49,52551;2025-09-19 01:10:00.0;0,00
CAMPO LARGO;410420403A;PR;Vila Bancaria;-25,46856;-49,52551;2025-09-19 02:10:00.0;0,00
CAMPO LARGO;410420403A;PR;Vila Bancaria;-25,46856;-49,52551;2025-09-19 03:10:00.0;0,00
CAMPO LARGO;410420403A;PR;Vila Bancaria;-25,46856;-49,52551;2025-09-19 04:10:00.0;0,00
CAMPO LARGO;410420403A;PR;Vila Bancaria;-25,46856;-49,52551;2025-09-19 05:10:00.0;0,00
CAMPO LARGO;410420403A;PR;Vila Bancaria;-25,46856;-49,52551;2025-09-19 06:10:00.0;0,00
CAMPO LARGO;410420403A;PR;Vila Bancaria;-25,46856;-49,52551;2025-09-19 07:10:00.0;0,00
CAMPO LARGO;410420403A;PR;Vila Bancaria;-25,46856;-49,52551;2025-09-19 08:10:00.0;0,00
CAMPO LARGO;410420403A;PR;Vila Bancaria;-25,46856;-49,52551;2025-09-19 09:10:00.0;0,00
CAMPO LARGO;410420403A;PR;Vila Bancaria;-25,46856;-49,52551;2025-09-19 10:10:00.0;0,00
CAMPO LARGO;410420403A;PR;Vila Bancaria;-25,46856;-49,52551;2025-09-19 11:10:00.0;0,00
CAMPO LARGO;410420403A;PR;Vila Bancaria;-25,46856;-49,52551;2025-09-19 12:10:00.0;0,00
CAMPO LARGO;410420403A;PR;Vila Bancaria;-25,46856;-49,52551;2025-09-19 13:10:00.0;0,00
CAMPO LARGO;410420403A;PR;Vila Bancaria;-25,46856;-49,52551;2025-09-19 14:10:00.0;0,00
CAMPO LARGO;410420403A;PR;Vila Bancaria;-25,46856;-49,52551;2025-09-19 15:10:00.0;0,00
CAMPO LARGO;410420403A;PR;Vila Bancaria;-25,46856;-49,52551;2025-09-19 16:10:00.0;0,00
CAMPO LARGO;410420403A;PR;Vila Bancaria;-25,46856;-49,52551;2025-09-19 17:10:00.0;0,00
CAMPO LARGO;410420403A;PR;Vila Bancaria;-25,46856;-49,52551;2025-09-19 18:10:00.0;0,00
CAMPO LARGO;410420403A;PR;Vila Bancaria;-25,46856;-49,52551;2025-09-19 19:10:00.0;0,00
CAMPO LARGO;410420403A;PR;Vila Bancaria;-25,46856;-49,52551;2025-09-19 20:10:00.0;0,00
CAMPO LARGO;410420403A;PR;Vila Bancaria;-25,46856;-49,52551;2025-09-19 21:10:00.0;0,00
CAMPO LARGO;410420403A;PR;Vila Bancaria;-25,46856;-49,52551;2025-09-19 22:10:00.0;0,00
CAMPO LARGO;410420403A;PR;Vila Bancaria;-25,46856;-49,52551;2025-09-19 23:10:00.0;0,00
CAMPO LARGO;410420403A;PR;Vila Bancaria;-25,46856;-49,52551;2025-09-20 00:10:00.0;0,00
CAMPO LARGO;410420403A;PR;Vila Bancaria;-25,46856;-49,52551;2025-09-20 01:10:00.0;0,00
CAMPO LARGO;410420403A;PR;Vila Bancaria;-25,46856;-49,52551;2025-09-20 02:10:00.0;0,00
CAMPO LARGO;410420403A;PR;Vila Bancaria;-25,46856;-49,52551;2025-09-20 03:10:00.0;0,00
CAMPO LARGO;410420403A;PR;Vila Bancaria;-25,46856;-49,52551;2025-09-20 04:10:00.0;0,00
CAMPO LARGO;410420403A;PR;Vila Bancaria;-25,46856;-49,52551;2025-09-20 05:10:00.0;0,00
CAMPO LARGO;410420403A;PR;Vila Bancaria;-25,46856;-49,52551;2025-09-20 06:10:00.0;0,00
CAMPO LARGO;410420403A;PR;Vila Bancaria;-25,46856;-49,52551;2025-09-20 07:10:00.0;0,00
CAMPO LARGO;410420403A;PR;Vila Bancaria;-25,46856;-49,52551;2025-09-20 08:10:00.0;0,00
CAMPO LARGO;410420403A;PR;Vila Bancaria;-25,46856;-49,52551;2025-09-20 09:10:00.0;0,00
CAMPO LARGO;410420403A;PR;Vila Bancaria;-25,46856;-49,52551;2025-09-20 10:10:00.0;0,00
CAMPO LARGO;410420403A;PR;Vila Bancaria;-25,46856;-49,52551;2025-09-20 11:10:00.0;0,00
CAMPO LARGO;410420403A;PR;Vila Bancaria;-25,46856;-49,52551;2025-09-20 12:10:00.0;0,00
CAMPO LARGO;410420403A;PR;Vila Bancaria;-25,46856;-49,52551;2025-09-20 13:10:00.0;0,00
CAMPO LARGO;410420403A;PR;Vila Bancaria;-25,46856;-49,52551;2025-09-20 14:10:00.0;0,00
CAMPO LARGO;410420403A;PR;Vila Bancaria;-25,46856;-49,52551;2025-09-20 15:10:00.0;0,00
CAMPO LARGO;410420403A;PR;Vila Bancaria;-25,46856;-49,52551;2025-09-20 16:10:00.0;0,00
CAMPO LARGO;410420403A;PR;Vila Bancaria;-25,46856;-49,52551;2025-09-20 17:10:00.0;0,00
CAMPO LARGO;410420403A;PR;Vila Bancaria;-25,46856;-49,52551;2025-09-20 18:10:00.0;0,00
CAMPO LARGO;410420403A;PR;Vila Bancaria;-25,46856;-49,52551;2025-09-20 19:10:00.0;0,00
CAMPO LARGO;410420403A;PR;Vila Bancaria;-25,46856;-49,52551;2025-09-20 20:10:00.0;0,00
CAMPO LARGO;410420403A;PR;Vila Bancaria;-25,46856;-49,52551;2025-09-20 21:10:00.0;0,00
CAMPO LARGO;410420403A;PR;Vila Bancaria;-25,46856;-49,52551;2025-09-20 22:10:00.0;0,00
CAMPO LARGO;410420403A;PR;Vila Bancaria;-25,46856;-49,52551;2025-09-20 23:10:00.0;0,00
CAMPO LARGO;410420403A;PR;Vila Bancaria;-25,46856;-49,52551;2025-09-21 00:10:00.0;0,00
CAMPO LARGO;410420403A;PR;Vila Bancaria;-25,46856;-49,52551;2025-09-21 01:10:00.0;0,00
CAMPO LARGO;410420403A;PR;Vila Bancaria;-25,46856;-49,52551;2025-09-21 02:10:00.0;0,00
CAMPO LARGO;410420403A;PR;Vila Bancaria;-25,46856;-49,52551;2025-09-21 03:10:00.0;0,00
CAMPO LARGO;410420403A;PR;Vila Bancaria;-25,46856;-49,52551;2025-09-21 04:10:00.0;0,00
CAMPO LARGO;410420403A;PR;Vila Bancaria;-25,46856;-49,52551;2025-09-21 05:10:00.0;0,00
CAMPO LARGO;410420403A;PR;Vila Bancaria;-25,46856;-49,52551;2025-09-21 06:10:00.0;0,00
CAMPO LARGO;410420403A;PR;Vila Bancaria;-25,46856;-49,52551;2025-09-21 07:10:00.0;0,00
CAMPO LARGO;410420403A;PR;Vila Bancaria;-25,46856;-49,52551;2025-09-21 08:10:00.0;0,00
CAMPO LARGO;410420403A;PR;Vila Bancaria;-25,46856;-49,52551;2025-09-21 09:10:00.0;0,00
CAMPO LARGO;410420403A;PR;Vila Bancaria;-25,46856;-49,52551;2025-09-21 10:10:00.0;0,00
CAMPO LARGO;410420403A;PR;Vila Bancaria;-25,46856;-49,52551;2025-09-21 11:10:00.0;0,00
CAMPO LARGO;410420403A;PR;Vila Bancaria;-25,46856;-49,52551;2025-09-21 12:10:00.0;0,00
CAMPO LARGO;410420403A;PR;Vila Bancaria;-25,46856;-49,52551;2025-09-21 13:10:00.0;0,00
CAMPO LARGO;410420403A;PR;Vila Bancaria;-25,46856;-49,52551;2025-09-21 14:10:00.0;0,00
CAMPO LARGO;410420403A;PR;Vila Bancaria;-25,46856;-49,52551;2025-09-21 15:10:00.0;0,00
CAMPO LARGO;410420403A;PR;Vila Bancaria;-25,46856;-49,52551;2025-09-21 16:10:00.0;0,00
CAMPO LARGO;410420403A;PR;Vila Bancaria;-25,46856;-49,52551;2025-09-21 17:10:00.0;0,00
CAMPO LARGO;410420403A;PR;Vila Bancaria;-25,46856;-49,52551;2025-09-21 17:50:00.0;1,20
CAMPO LARGO;410420403A;PR;Vila Bancaria;-25,46856;-49,52551;2025-09-21 18:00:00.0;6,40
CAMPO LARGO;410420403A;PR;Vila Bancaria;-25,46856;-49,52551;2025-09-21 18:10:00.0;5,40
CAMPO LARGO;410420403A;PR;Vila Bancaria;-25,46856;-49,52551;2025-09-21 18:20:00.0;1,00
CAMPO LARGO;410420403A;PR;Vila Bancaria;-25,46856;-49,52551;2025-09-21 18:40:00.0;0,40
CAMPO LARGO;410420403A;PR;Vila Bancaria;-25,46856;-49,52551;2025-09-21 18:50:00.0;0,40
CAMPO LARGO;410420403A;PR;Vila Bancaria;-25,46856;-49,52551;2025-09-21 19:00:00.0;0,40
CAMPO LARGO;410420403A;PR;Vila Bancaria;-25,46856;-49,52551;2025-09-21 19:10:00.0;0,00
CAMPO LARGO;410420403A;PR;Vila Bancaria;-25,46856;-49,52551;2025-09-21 19:20:00.0;1,80
CAMPO LARGO;410420403A;PR;Vila Bancaria;-25,46856;-49,52551;2025-09-21 19:30:00.0;0,20
CAMPO LARGO;410420403A;PR;Vila Bancaria;-25,46856;-49,52551;2025-09-21 19:40:00.0;0,20
CAMPO LARGO;410420403A;PR;Vila Bancaria;-25,46856;-49,52551;2025-09-21 19:50:00.0;0,20
CAMPO LARGO;410420403A;PR;Vila Bancaria;-25,46856;-49,52551;2025-09-21 20:10:00.0;0,20
CAMPO LARGO;410420403A;PR;Vila Bancaria;-25,46856;-49,52551;2025-09-21 20:30:00.0;0,20
CAMPO LARGO;410420403A;PR;Vila Bancaria;-25,46856;-49,52551;2025-09-21 21:10:00.0;0,00
CAMPO LARGO;410420403A;PR;Vila Bancaria;-25,46856;-49,52551;2025-09-21 22:10:00.0;1,00
CAMPO LARGO;410420403A;PR;Vila Bancaria;-25,46856;-49,52551;2025-09-21 22:20:00.0;0,40
CAMPO LARGO;410420403A;PR;Vila Bancaria;-25,46856;-49,52551;2025-09-21 23:10:00.0;0,00
CAMPO LARGO;410420403A;PR;Vila Bancaria;-25,46856;-49,52551;2025-09-22 00:10:00.0;0,00
CAMPO LARGO;410420403A;PR;Vila Bancaria;-25,46856;-49,52551;2025-09-22 01:10:00.0;0,00
CAMPO LARGO;410420403A;PR;Vila Bancaria;-25,46856;-49,52551;2025-09-22 02:10:00.0;0,00
CAMPO LARGO;410420403A;PR;Vila Bancaria;-25,46856;-49,52551;2025-09-22 03:10:00.0;0,00
CAMPO LARGO;410420403A;PR;Vila Bancaria;-25,46856;-49,52551;2025-09-22 04:10:00.0;0,00
CAMPO LARGO;410420403A;PR;Vila Bancaria;-25,46856;-49,52551;2025-09-22 05:10:00.0;0,00
CAMPO LARGO;410420403A;PR;Vila Bancaria;-25,46856;-49,52551;2025-09-22 05:40:00.0;1,60
CAMPO LARGO;410420403A;PR;Vila Bancaria;-25,46856;-49,52551;2025-09-22 06:10:00.0;0,00
CAMPO LARGO;410420403A;PR;Vila Bancaria;-25,46856;-49,52551;2025-09-22 06:40:00.0;1,20
CAMPO LARGO;410420403A;PR;Vila Bancaria;-25,46856;-49,52551;2025-09-22 06:50:00.0;4,80
CAMPO LARGO;410420403A;PR;Vila Bancaria;-25,46856;-49,52551;2025-09-22 07:10:00.0;0,00
CAMPO LARGO;410420403A;PR;Vila Bancaria;-25,46856;-49,52551;2025-09-22 07:40:00.0;0,40
CAMPO LARGO;410420403A;PR;Vila Bancaria;-25,46856;-49,52551;2025-09-22 07:50:00.0;3,00
CAMPO LARGO;410420403A;PR;Vila Bancaria;-25,46856;-49,52551;2025-09-22 08:00:00.0;1,20
CAMPO LARGO;410420403A;PR;Vila Bancaria;-25,46856;-49,52551;2025-09-22 08:10:00.0;0,00
CAMPO LARGO;410420403A;PR;Vila Bancaria;-25,46856;-49,52551;2025-09-22 08:20:00.0;0,40
CAMPO LARGO;410420403A;PR;Vila Bancaria;-25,46856;-49,52551;2025-09-22 08:30:00.0;0,60
CAMPO LARGO;410420403A;PR;Vila Bancaria;-25,46856;-49,52551;2025-09-22 08:40:00.0;0,40
CAMPO LARGO;410420403A;PR;Vila Bancaria;-25,46856;-49,52551;2025-09-22 08:50:00.0;0,20
CAMPO LARGO;410420403A;PR;Vila Bancaria;-25,46856;-49,52551;2025-09-22 09:10:00.0;0,00
CAMPO LARGO;410420403A;PR;Vila Bancaria;-25,46856;-49,52551;2025-09-22 09:20:00.0;0,20
CAMPO LARGO;410420403A;PR;Vila Bancaria;-25,46856;-49,52551;2025-09-22 10:10:00.0;0,60
CAMPO LARGO;410420403A;PR;Vila Bancaria;-25,46856;-49,52551;2025-09-22 10:30:00.0;0,20
CAMPO LARGO;410420403A;PR;Vila Bancaria;-25,46856;-49,52551;2025-09-22 10:40:00.0;0,40
CAMPO LARGO;410420403A;PR;Vila Bancaria;-25,46856;-49,52551;2025-09-22 10:50:00.0;0,40
CAMPO LARGO;410420403A;PR;Vila Bancaria;-25,46856;-49,52551;2025-09-22 11:00:00.0;0,60
CAMPO LARGO;410420403A;PR;Vila Bancaria;-25,46856;-49,52551;2025-09-22 11:10:00.0;1,00
CAMPO LARGO;410420403A;PR;Vila Bancaria;-25,46856;-49,52551;2025-09-22 11:20:00.0;1,00
CAMPO LARGO;410420403A;PR;Vila Bancaria;-25,46856;-49,52551;2025-09-22 11:30:00.0;1,20
CAMPO LARGO;410420403A;PR;Vila Bancaria;-25,46856;-49,52551;2025-09-22 11:40:00.0;1,00
CAMPO LARGO;410420403A;PR;Vila Bancaria;-25,46856;-49,52551;2025-09-22 11:50:00.0;1,00
CAMPO LARGO;410420403A;PR;Vila Bancaria;-25,46856;-49,52551;2025-09-22 12:00:00.0;0,80
CAMPO LARGO;410420403A;PR;Vila Bancaria;-25,46856;-49,52551;2025-09-22 12:10:00.0;0,80
CAMPO LARGO;410420403A;PR;Vila Bancaria;-25,46856;-49,52551;2025-09-22 12:20:00.0;1,00
CAMPO LARGO;410420403A;PR;Vila Bancaria;-25,46856;-49,52551;2025-09-22 12:30:00.0;0,80
CAMPO LARGO;410420403A;PR;Vila Bancaria;-25,46856;-49,52551;2025-09-22 12:40:00.0;0,40
CAMPO LARGO;410420403A;PR;Vila Bancaria;-25,46856;-49,52551;2025-09-22 12:50:00.0;0,60
CAMPO LARGO;410420403A;PR;Vila Bancaria;-25,46856;-49,52551;2025-09-22 13:00:00.0;0,80
CAMPO LARGO;410420403A;PR;Vila Bancaria;-25,46856;-49,52551;2025-09-22 13:10:00.0;1,00
CAMPO LARGO;410420403A;PR;Vila Bancaria;-25,46856;-49,52551;2025-09-22 13:20:00.0;0,80
CAMPO LARGO;410420403A;PR;Vila Bancaria;-25,46856;-49,52551;2025-09-22 13:30:00.0;0,80
CAMPO LARGO;410420403A;PR;Vila Bancaria;-25,46856;-49,52551;2025-09-22 13:40:00.0;1,20
CAMPO LARGO;410420403A;PR;Vila Bancaria;-25,46856;-49,52551;2025-09-22 13:50:00.0;1,40
CAMPO LARGO;410420403A;PR;Vila Bancaria;-25,46856;-49,52551;2025-09-22 14:00:00.0;1,60
CAMPO LARGO;410420403A;PR;Vila Bancaria;-25,46856;-49,52551;2025-09-22 14:10:00.0;2,20
CAMPO LARGO;410420403A;PR;Vila Bancaria;-25,46856;-49,52551;2025-09-22 14:20:00.0;2,00
CAMPO LARGO;410420403A;PR;Vila Bancaria;-25,46856;-49,52551;2025-09-22 14:30:00.0;1,60
CAMPO LARGO;410420403A;PR;Vila Bancaria;-25,46856;-49,52551;2025-09-22 14:40:00.0;2,00
CAMPO LARGO;410420403A;PR;Vila Bancaria;-25,46856;-49,52551;2025-09-22 14:50:00.0;1,60
CAMPO LARGO;410420403A;PR;Vila Bancaria;-25,46856;-49,52551;2025-09-22 15:00:00.0;0,80
CAMPO LARGO;410420403A;PR;Vila Bancaria;-25,46856;-49,52551;2025-09-22 15:10:00.0;0,20
CAMPO LARGO;410420403A;PR;Vila Bancaria;-25,46856;-49,52551;2025-09-22 15:20:00.0;0,20
CAMPO LARGO;410420403A;PR;Vila Bancaria;-25,46856;-49,52551;2025-09-22 16:10:00.0;0,00
CAMPO LARGO;410420403A;PR;Vila Bancaria;-25,46856;-49,52551;2025-09-22 17:10:00.0;0,20
CAMPO LARGO;410420403A;PR;Vila Bancaria;-25,46856;-49,52551;2025-09-22 18:10:00.0;0,00
CAMPO LARGO;410420403A;PR;Vila Bancaria;-25,46856;-49,52551;2025-09-22 19:10:00.0;0,00
CAMPO LARGO;410420403A;PR;Vila Bancaria;-25,46856;-49,52551;2025-09-22 20:10:00.0;0,00
CAMPO LARGO;410420403A;PR;Vila Bancaria;-25,46856;-49,52551;2025-09-22 21:10:00.0;0,00
CAMPO LARGO;410420403A;PR;Vila Bancaria;-25,46856;-49,52551;2025-09-22 22:10:00.0;0,00
CAMPO LARGO;410420403A;PR;Vila Bancaria;-25,46856;-49,52551;2025-09-22 23:10:00.0;0,00
CAMPO LARGO;410420403A;PR;Vila Bancaria;-25,46856;-49,52551;2025-09-23 00:10:00.0;0,00
CAMPO LARGO;410420403A;PR;Vila Bancaria;-25,46856;-49,52551;2025-09-23 01:10:00.0;0,00
CAMPO LARGO;410420403A;PR;Vila Bancaria;-25,46856;-49,52551;2025-09-23 02:10:00.0;0,00
CAMPO LARGO;410420403A;PR;Vila Bancaria;-25,46856;-49,52551;2025-09-23 03:10:00.0;0,00
CAMPO LARGO;410420403A;PR;Vila Bancaria;-25,46856;-49,52551;2025-09-23 04:10:00.0;0,00
CAMPO LARGO;410420403A;PR;Vila Bancaria;-25,46856;-49,52551;2025-09-23 05:10:00.0;0,00
CAMPO LARGO;410420403A;PR;Vila Bancaria;-25,46856;-49,52551;2025-09-23 06:10:00.0;0,00
CAMPO LARGO;410420403A;PR;Vila Bancaria;-25,46856;-49,52551;2025-09-23 07:10:00.0;0,00
CAMPO LARGO;410420403A;PR;Vila Bancaria;-25,46856;-49,52551;2025-09-23 08:10:00.0;0,00
CAMPO LARGO;410420403A;PR;Vila Bancaria;-25,46856;-49,52551;2025-09-23 09:10:00.0;0,00
CAMPO LARGO;410420403A;PR;Vila Bancaria;-25,46856;-49,52551;2025-09-23 10:10:00.0;0,00
CAMPO LARGO;410420403A;PR;Vila Bancaria;-25,46856;-49,52551;2025-09-23 11:10:00.0;0,00
CAMPO LARGO;410420403A;PR;Vila Bancaria;-25,46856;-49,52551;2025-09-23 12:10:00.0;0,00
CAMPO LARGO;410420403A;PR;Vila Bancaria;-25,46856;-49,52551;2025-09-23 13:10:00.0;0,00
CAMPO LARGO;410420403A;PR;Vila Bancaria;-25,46856;-49,52551;2025-09-23 14:10:00.0;0,00
CAMPO LARGO;410420403A;PR;Vila Bancaria;-25,46856;-49,52551;2025-09-23 15:10:00.0;0,00
CAMPO LARGO;410420403A;PR;Vila Bancaria;-25,46856;-49,52551;2025-09-23 16:10:00.0;0,00
CAMPO LARGO;410420403A;PR;Vila Bancaria;-25,46856;-49,52551;2025-09-23 17:10:00.0;0,00
CAMPO LARGO;410420403A;PR;Vila Bancaria;-25,46856;-49,52551;2025-09-23 18:10:00.0;0,00
CAMPO LARGO;410420403A;PR;Vila Bancaria;-25,46856;-49,52551;2025-09-23 19:10:00.0;0,00
CAMPO LARGO;410420403A;PR;Vila Bancaria;-25,46856;-49,52551;2025-09-23 20:10:00.0;0,00
CAMPO LARGO;410420403A;PR;Vila Bancaria;-25,46856;-49,52551;2025-09-23 21:10:00.0;0,00
CAMPO LARGO;410420403A;PR;Vila Bancaria;-25,46856;-49,52551;2025-09-23 22:10:00.0;0,00
CAMPO LARGO;410420403A;PR;Vila Bancaria;-25,46856;-49,52551;2025-09-23 23:10:00.0;0,00
CAMPO LARGO;410420403A;PR;Vila Bancaria;-25,46856;-49,52551;2025-09-24 00:10:00.0;0,00
CAMPO LARGO;410420403A;PR;Vila Bancaria;-25,46856;-49,52551;2025-09-24 01:10:00.0;0,00
CAMPO LARGO;410420403A;PR;Vila Bancaria;-25,46856;-49,52551;2025-09-24 02:10:00.0;0,00
CAMPO LARGO;410420403A;PR;Vila Bancaria;-25,46856;-49,52551;2025-09-24 03:10:00.0;0,00
CAMPO LARGO;410420403A;PR;Vila Bancaria;-25,46856;-49,52551;2025-09-24 04:10:00.0;0,00
CAMPO LARGO;410420403A;PR;Vila Bancaria;-25,46856;-49,52551;2025-09-24 05:10:00.0;0,00
CAMPO LARGO;410420403A;PR;Vila Bancaria;-25,46856;-49,52551;2025-09-24 06:10:00.0;0,00
CAMPO LARGO;410420403A;PR;Vila Bancaria;-25,46856;-49,52551;2025-09-24 07:10:00.0;0,00
CAMPO LARGO;410420403A;PR;Vila Bancaria;-25,46856;-49,52551;2025-09-24 08:10:00.0;0,00
CAMPO LARGO;410420403A;PR;Vila Bancaria;-25,46856;-49,52551;2025-09-24 09:10:00.0;0,00
CAMPO LARGO;410420403A;PR;Vila Bancaria;-25,46856;-49,52551;2025-09-24 10:10:00.0;0,00
CAMPO LARGO;410420403A;PR;Vila Bancaria;-25,46856;-49,52551;2025-09-24 11:10:00.0;0,00
CAMPO LARGO;410420403A;PR;Vila Bancaria;-25,46856;-49,52551;2025-09-24 12:10:00.0;0,00
CAMPO LARGO;410420403A;PR;Vila Bancaria;-25,46856;-49,52551;2025-09-24 13:10:00.0;0,00
CAMPO LARGO;410420403A;PR;Vila Bancaria;-25,46856;-49,52551;2025-09-24 14:10:00.0;0,00
CAMPO LARGO;410420403A;PR;Vila Bancaria;-25,46856;-49,52551;2025-09-24 15:10:00.0;0,00
CAMPO LARGO;410420403A;PR;Vila Bancaria;-25,46856;-49,52551;2025-09-24 16:10:00.0;0,00
CAMPO LARGO;410420403A;PR;Vila Bancaria;-25,46856;-49,52551;2025-09-24 17:10:00.0;0,00
CAMPO LARGO;410420403A;PR;Vila Bancaria;-25,46856;-49,52551;2025-09-24 18:10:00.0;0,00
CAMPO LARGO;410420403A;PR;Vila Bancaria;-25,46856;-49,52551;2025-09-24 19:10:00.0;0,00
CAMPO LARGO;410420403A;PR;Vila Bancaria;-25,46856;-49,52551;2025-09-24 20:10:00.0;0,00
CAMPO LARGO;410420403A;PR;Vila Bancaria;-25,46856;-49,52551;2025-09-24 21:10:00.0;0,00
CAMPO LARGO;410420403A;PR;Vila Bancaria;-25,46856;-49,52551;2025-09-24 22:10:00.0;0,00
CAMPO LARGO;410420403A;PR;Vila Bancaria;-25,46856;-49,52551;2025-09-24 23:10:00.0;0,00
CAMPO LARGO;410420403A;PR;Vila Bancaria;-25,46856;-49,52551;2025-09-25 00:10:00.0;0,00
CAMPO LARGO;410420403A;PR;Vila Bancaria;-25,46856;-49,52551;2025-09-25 01:10:00.0;0,00
CAMPO LARGO;410420403A;PR;Vila Bancaria;-25,46856;-49,52551;2025-09-25 02:10:00.0;0,00
CAMPO LARGO;410420403A;PR;Vila Bancaria;-25,46856;-49,52551;2025-09-25 03:10:00.0;0,00
CAMPO LARGO;410420403A;PR;Vila Bancaria;-25,46856;-49,52551;2025-09-25 04:10:00.0;0,00
CAMPO LARGO;410420403A;PR;Vila Bancaria;-25,46856;-49,52551;2025-09-25 05:10:00.0;0,00
CAMPO LARGO;410420403A;PR;Vila Bancaria;-25,46856;-49,52551;2025-09-25 06:10:00.0;0,00
CAMPO LARGO;410420403A;PR;Vila Bancaria;-25,46856;-49,52551;2025-09-25 07:10:00.0;0,00
CAMPO LARGO;410420403A;PR;Vila Bancaria;-25,46856;-49,52551;2025-09-25 08:10:00.0;0,00
CAMPO LARGO;410420403A;PR;Vila Bancaria;-25,46856;-49,52551;2025-09-25 09:10:00.0;0,00
CAMPO LARGO;410420403A;PR;Vila Bancaria;-25,46856;-49,52551;2025-09-25 10:10:00.0;0,00
CAMPO LARGO;410420403A;PR;Vila Bancaria;-25,46856;-49,52551;2025-09-25 11:10:00.0;0,00
CAMPO LARGO;410420403A;PR;Vila Bancaria;-25,46856;-49,52551;2025-09-25 12:10:00.0;0,00
CAMPO LARGO;410420403A;PR;Vila Bancaria;-25,46856;-49,52551;2025-09-25 12:30:00.0;0,20
CAMPO LARGO;410420403A;PR;Vila Bancaria;-25,46856;-49,52551;2025-09-25 13:10:00.0;0,00
CAMPO LARGO;410420403A;PR;Vila Bancaria;-25,46856;-49,52551;2025-09-25 14:10:00.0;0,00
CAMPO LARGO;410420403A;PR;Vila Bancaria;-25,46856;-49,52551;2025-09-25 15:10:00.0;0,00
CAMPO LARGO;410420403A;PR;Vila Bancaria;-25,46856;-49,52551;2025-09-25 16:10:00.0;0,00
CAMPO LARGO;410420403A;PR;Vila Bancaria;-25,46856;-49,52551;2025-09-25 17:10:00.0;0,00
CAMPO LARGO;410420403A;PR;Vila Bancaria;-25,46856;-49,52551;2025-09-25 18:10:00.0;0,00
CAMPO LARGO;410420403A;PR;Vila Bancaria;-25,46856;-49,52551;2025-09-25 19:10:00.0;0,00
CAMPO LARGO;410420403A;PR;Vila Bancaria;-25,46856;-49,52551;2025-09-25 20:10:00.0;0,00
CAMPO LARGO;410420403A;PR;Vila Bancaria;-25,46856;-49,52551;2025-09-25 20:40:00.0;0,20
CAMPO LARGO;410420403A;PR;Vila Bancaria;-25,46856;-49,52551;2025-09-25 21:10:00.0;0,00
CAMPO LARGO;410420403A;PR;Vila Bancaria;-25,46856;-49,52551;2025-09-25 22:10:00.0;0,00
CAMPO LARGO;410420403A;PR;Vila Bancaria;-25,46856;-49,52551;2025-09-25 22:20:00.0;0,40
CAMPO LARGO;410420403A;PR;Vila Bancaria;-25,46856;-49,52551;2025-09-25 23:10:00.0;0,00
CAMPO LARGO;410420403A;PR;Vila Bancaria;-25,46856;-49,52551;2025-09-26 00:10:00.0;0,00
CAMPO LARGO;410420403A;PR;Vila Bancaria;-25,46856;-49,52551;2025-09-26 01:10:00.0;0,00
CAMPO LARGO;410420403A;PR;Vila Bancaria;-25,46856;-49,52551;2025-09-26 01:50:00.0;0,20
CAMPO LARGO;410420403A;PR;Vila Bancaria;-25,46856;-49,52551;2025-09-26 02:10:00.0;0,00
CAMPO LARGO;410420403A;PR;Vila Bancaria;-25,46856;-49,52551;2025-09-26 03:10:00.0;0,00
CAMPO LARGO;410420403A;PR;Vila Bancaria;-25,46856;-49,52551;2025-09-26 04:10:00.0;0,20
CAMPO LARGO;410420403A;PR;Vila Bancaria;-25,46856;-49,52551;2025-09-26 05:10:00.0;0,00
CAMPO LARGO;410420403A;PR;Vila Bancaria;-25,46856;-49,52551;2025-09-26 06:10:00.0;0,00
CAMPO LARGO;410420403A;PR;Vila Bancaria;-25,46856;-49,52551;2025-09-26 07:10:00.0;0,00
CAMPO LARGO;410420403A;PR;Vila Bancaria;-25,46856;-49,52551;2025-09-26 08:10:00.0;0,20
CAMPO LARGO;410420403A;PR;Vila Bancaria;-25,46856;-49,52551;2025-09-26 08:50:00.0;0,20
CAMPO LARGO;410420403A;PR;Vila Bancaria;-25,46856;-49,52551;2025-09-26 09:10:00.0;0,00
CAMPO LARGO;410420403A;PR;Vila Bancaria;-25,46856;-49,52551;2025-09-26 10:10:00.0;0,00
CAMPO LARGO;410420403A;PR;Vila Bancaria;-25,46856;-49,52551;2025-09-26 10:20:00.0;0,20
CAMPO LARGO;410420403A;PR;Vila Bancaria;-25,46856;-49,52551;2025-09-26 11:10:00.0;0,00
CAMPO LARGO;410420403A;PR;Vila Bancaria;-25,46856;-49,52551;2025-09-26 12:10:00.0;0,00
CAMPO LARGO;410420403A;PR;Vila Bancaria;-25,46856;-49,52551;2025-09-26 13:10:00.0;0,00
CAMPO LARGO;410420403A;PR;Vila Bancaria;-25,46856;-49,52551;2025-09-26 14:10:00.0;0,00
CAMPO LARGO;410420403A;PR;Vila Bancaria;-25,46856;-49,52551;2025-09-26 15:10:00.0;0,00
CAMPO LARGO;410420403A;PR;Vila Bancaria;-25,46856;-49,52551;2025-09-26 16:10:00.0;0,00
CAMPO LARGO;410420403A;PR;Vila Bancaria;-25,46856;-49,52551;2025-09-26 17:10:00.0;0,00
CAMPO LARGO;410420403A;PR;Vila Bancaria;-25,46856;-49,52551;2025-09-26 18:10:00.0;0,00
CAMPO LARGO;410420403A;PR;Vila Bancaria;-25,46856;-49,52551;2025-09-26 19:10:00.0;0,00
CAMPO LARGO;410420403A;PR;Vila Bancaria;-25,46856;-49,52551;2025-09-26 20:10:00.0;0,00
CAMPO LARGO;410420403A;PR;Vila Bancaria;-25,46856;-49,52551;2025-09-26 21:10:00.0;0,00
CAMPO LARGO;410420403A;PR;Vila Bancaria;-25,46856;-49,52551;2025-09-26 22:10:00.0;0,00
CAMPO LARGO;410420403A;PR;Vila Bancaria;-25,46856;-49,52551;2025-09-26 23:10:00.0;0,00
CAMPO LARGO;410420403A;PR;Vila Bancaria;-25,46856;-49,52551;2025-09-27 00:10:00.0;0,00
CAMPO LARGO;410420403A;PR;Vila Bancaria;-25,46856;-49,52551;2025-09-27 01:10:00.0;0,00
CAMPO LARGO;410420403A;PR;Vila Bancaria;-25,46856;-49,52551;2025-09-27 02:10:00.0;0,00
CAMPO LARGO;410420403A;PR;Vila Bancaria;-25,46856;-49,52551;2025-09-27 03:10:00.0;0,00
CAMPO LARGO;410420403A;PR;Vila Bancaria;-25,46856;-49,52551;2025-09-27 04:10:00.0;0,00
CAMPO LARGO;410420403A;PR;Vila Bancaria;-25,46856;-49,52551;2025-09-27 05:10:00.0;0,00
CAMPO LARGO;410420403A;PR;Vila Bancaria;-25,46856;-49,52551;2025-09-27 06:10:00.0;0,00
CAMPO LARGO;410420403A;PR;Vila Bancaria;-25,46856;-49,52551;2025-09-27 07:10:00.0;0,00
CAMPO LARGO;410420403A;PR;Vila Bancaria;-25,46856;-49,52551;2025-09-27 08:10:00.0;0,00
CAMPO LARGO;410420403A;PR;Vila Bancaria;-25,46856;-49,52551;2025-09-27 09:10:00.0;0,00
CAMPO LARGO;410420403A;PR;Vila Bancaria;-25,46856;-49,52551;2025-09-27 10:10:00.0;0,00
CAMPO LARGO;410420403A;PR;Vila Bancaria;-25,46856;-49,52551;2025-09-27 11:10:00.0;0,00
CAMPO LARGO;410420403A;PR;Vila Bancaria;-25,46856;-49,52551;2025-09-27 12:10:00.0;0,00
CAMPO LARGO;410420403A;PR;Vila Bancaria;-25,46856;-49,52551;2025-09-27 13:10:00.0;0,00
CAMPO LARGO;410420403A;PR;Vila Bancaria;-25,46856;-49,52551;2025-09-27 14:10:00.0;0,00
CAMPO LARGO;410420403A;PR;Vila Bancaria;-25,46856;-49,52551;2025-09-27 15:10:00.0;0,00
CAMPO LARGO;410420403A;PR;Vila Bancaria;-25,46856;-49,52551;2025-09-27 16:10:00.0;0,00
CAMPO LARGO;410420403A;PR;Vila Bancaria;-25,46856;-49,52551;2025-09-27 17:10:00.0;0,00
CAMPO LARGO;410420403A;PR;Vila Bancaria;-25,46856;-49,52551;2025-09-27 18:10:00.0;0,00
CAMPO LARGO;410420403A;PR;Vila Bancaria;-25,46856;-49,52551;2025-09-27 19:10:00.0;0,00
CAMPO LARGO;410420403A;PR;Vila Bancaria;-25,46856;-49,52551;2025-09-27 20:10:00.0;0,00
CAMPO LARGO;410420403A;PR;Vila Bancaria;-25,46856;-49,52551;2025-09-27 21:10:00.0;0,00
CAMPO LARGO;410420403A;PR;Vila Bancaria;-25,46856;-49,52551;2025-09-27 22:10:00.0;0,00
CAMPO LARGO;410420403A;PR;Vila Bancaria;-25,46856;-49,52551;2025-09-27 23:10:00.0;0,00
CAMPO LARGO;410420403A;PR;Vila Bancaria;-25,46856;-49,52551;2025-09-28 00:10:00.0;0,00
CAMPO LARGO;410420403A;PR;Vila Bancaria;-25,46856;-49,52551;2025-09-28 01:10:00.0;0,00
CAMPO LARGO;410420403A;PR;Vila Bancaria;-25,46856;-49,52551;2025-09-28 02:10:00.0;0,00
CAMPO LARGO;410420403A;PR;Vila Bancaria;-25,46856;-49,52551;2025-09-28 03:10:00.0;0,00
CAMPO LARGO;410420403A;PR;Vila Bancaria;-25,46856;-49,52551;2025-09-28 04:10:00.0;0,00
CAMPO LARGO;410420403A;PR;Vila Bancaria;-25,46856;-49,52551;2025-09-28 05:10:00.0;0,00
CAMPO LARGO;410420403A;PR;Vila Bancaria;-25,46856;-49,52551;2025-09-28 06:10:00.0;0,00
CAMPO LARGO;410420403A;PR;Vila Bancaria;-25,46856;-49,52551;2025-09-28 07:10:00.0;0,00
CAMPO LARGO;410420403A;PR;Vila Bancaria;-25,46856;-49,52551;2025-09-28 08:10:00.0;0,00
CAMPO LARGO;410420403A;PR;Vila Bancaria;-25,46856;-49,52551;2025-09-28 09:10:00.0;0,00
CAMPO LARGO;410420403A;PR;Vila Bancaria;-25,46856;-49,52551;2025-09-28 10:10:00.0;0,00
CAMPO LARGO;410420403A;PR;Vila Bancaria;-25,46856;-49,52551;2025-09-28 11:10:00.0;0,00
CAMPO LARGO;410420403A;PR;Vila Bancaria;-25,46856;-49,52551;2025-09-28 12:10:00.0;0,00
CAMPO LARGO;410420403A;PR;Vila Bancaria;-25,46856;-49,52551;2025-09-28 12:30:00.0;0,20
CAMPO LARGO;410420403A;PR;Vila Bancaria;-25,46856;-49,52551;2025-09-28 13:10:00.0;0,00
CAMPO LARGO;410420403A;PR;Vila Bancaria;-25,46856;-49,52551;2025-09-28 14:10:00.0;0,00
CAMPO LARGO;410420403A;PR;Vila Bancaria;-25,46856;-49,52551;2025-09-28 14:30:00.0;0,20
CAMPO LARGO;410420403A;PR;Vila Bancaria;-25,46856;-49,52551;2025-09-28 15:10:00.0;0,00
CAMPO LARGO;410420403A;PR;Vila Bancaria;-25,46856;-49,52551;2025-09-28 16:10:00.0;0,00
CAMPO LARGO;410420403A;PR;Vila Bancaria;-25,46856;-49,52551;2025-09-28 17:10:00.0;0,00
CAMPO LARGO;410420403A;PR;Vila Bancaria;-25,46856;-49,52551;2025-09-28 18:10:00.0;0,00
CAMPO LARGO;410420403A;PR;Vila Bancaria;-25,46856;-49,52551;2025-09-28 19:10:00.0;0,00
CAMPO LARGO;410420403A;PR;Vila Bancaria;-25,46856;-49,52551;2025-09-28 20:10:00.0;0,00
CAMPO LARGO;410420403A;PR;Vila Bancaria;-25,46856;-49,52551;2025-09-28 21:10:00.0;0,00
CAMPO LARGO;410420403A;PR;Vila Bancaria;-25,46856;-49,52551;2025-09-28 22:10:00.0;0,00
CAMPO LARGO;410420403A;PR;Vila Bancaria;-25,46856;-49,52551;2025-09-28 23:10:00.0;0,00
CAMPO LARGO;410420403A;PR;Vila Bancaria;-25,46856;-49,52551;2025-09-29 00:10:00.0;0,00
CAMPO LARGO;410420403A;PR;Vila Bancaria;-25,46856;-49,52551;2025-09-29 01:10:00.0;0,00
CAMPO LARGO;410420403A;PR;Vila Bancaria;-25,46856;-49,52551;2025-09-29 02:10:00.0;0,00
CAMPO LARGO;410420403A;PR;Vila Bancaria;-25,46856;-49,52551;2025-09-29 03:10:00.0;0,00
CAMPO LARGO;410420403A;PR;Vila Bancaria;-25,46856;-49,52551;2025-09-29 04:10:00.0;0,00
CAMPO LARGO;410420403A;PR;Vila Bancaria;-25,46856;-49,52551;2025-09-29 05:10:00.0;0,00
CAMPO LARGO;410420403A;PR;Vila Bancaria;-25,46856;-49,52551;2025-09-29 06:10:00.0;0,00
CAMPO LARGO;410420403A;PR;Vila Bancaria;-25,46856;-49,52551;2025-09-29 07:10:00.0;0,00
CAMPO LARGO;410420403A;PR;Vila Bancaria;-25,46856;-49,52551;2025-09-29 08:10:00.0;0,00
CAMPO LARGO;410420403A;PR;Vila Bancaria;-25,46856;-49,52551;2025-09-29 09:10:00.0;0,00
CAMPO LARGO;410420403A;PR;Vila Bancaria;-25,46856;-49,52551;2025-09-29 10:10:00.0;0,00
CAMPO LARGO;410420403A;PR;Vila Bancaria;-25,46856;-49,52551;2025-09-29 11:10:00.0;0,00
CAMPO LARGO;410420403A;PR;Vila Bancaria;-25,46856;-49,52551;2025-09-29 12:10:00.0;0,00
CAMPO LARGO;410420403A;PR;Vila Bancaria;-25,46856;-49,52551;2025-09-29 13:10:00.0;0,00
CAMPO LARGO;410420403A;PR;Vila Bancaria;-25,46856;-49,52551;2025-09-29 14:10:00.0;0,00
CAMPO LARGO;410420403A;PR;Vila Bancaria;-25,46856;-49,52551;2025-09-29 15:10:00.0;0,00
CAMPO LARGO;410420403A;PR;Vila Bancaria;-25,46856;-49,52551;2025-09-29 16:10:00.0;0,00
CAMPO LARGO;410420403A;PR;Vila Bancaria;-25,46856;-49,52551;2025-09-29 17:10:00.0;0,00
CAMPO LARGO;410420403A;PR;Vila Bancaria;-25,46856;-49,52551;2025-09-29 18:10:00.0;0,00
CAMPO LARGO;410420403A;PR;Vila Bancaria;-25,46856;-49,52551;2025-09-29 19:10:00.0;0,00
CAMPO LARGO;410420403A;PR;Vila Bancaria;-25,46856;-49,52551;2025-09-29 20:10:00.0;0,00
CAMPO LARGO;410420403A;PR;Vila Bancaria;-25,46856;-49,52551;2025-09-29 21:10:00.0;0,00
CAMPO LARGO;410420403A;PR;Vila Bancaria;-25,46856;-49,52551;2025-09-29 22:10:00.0;0,00
CAMPO LARGO;410420403A;PR;Vila Bancaria;-25,46856;-49,52551;2025-09-29 23:10:00.0;0,00
CAMPO LARGO;410420403A;PR;Vila Bancaria;-25,46856;-49,52551;2025-09-30 00:10:00.0;0,00
CAMPO LARGO;410420403A;PR;Vila Bancaria;-25,46856;-49,52551;2025-09-30 01:10:00.0;0,00
CAMPO LARGO;410420403A;PR;Vila Bancaria;-25,46856;-49,52551;2025-09-30 02:10:00.0;0,00
CAMPO LARGO;410420403A;PR;Vila Bancaria;-25,46856;-49,52551;2025-09-30 03:10:00.0;0,00
CAMPO LARGO;410420403A;PR;Vila Bancaria;-25,46856;-49,52551;2025-09-30 04:10:00.0;0,00
CAMPO LARGO;410420403A;PR;Vila Bancaria;-25,46856;-49,52551;2025-09-30 05:10:00.0;0,00
CAMPO LARGO;410420403A;PR;Vila Bancaria;-25,46856;-49,52551;2025-09-30 06:10:00.0;0,00
CAMPO LARGO;410420403A;PR;Vila Bancaria;-25,46856;-49,52551;2025-09-30 07:10:00.0;0,00
CAMPO LARGO;410420403A;PR;Vila Bancaria;-25,46856;-49,52551;2025-09-30 08:00:00.0;1,80
CAMPO LARGO;410420403A;PR;Vila Bancaria;-25,46856;-49,52551;2025-09-30 08:10:00.0;1,80
CAMPO LARGO;410420403A;PR;Vila Bancaria;-25,46856;-49,52551;2025-09-30 08:20:00.0;0,80
CAMPO LARGO;410420403A;PR;Vila Bancaria;-25,46856;-49,52551;2025-09-30 08:30:00.0;0,20
CAMPO LARGO;410420403A;PR;Vila Bancaria;-25,46856;-49,52551;2025-09-30 09:10:00.0;0,00
CAMPO LARGO;410420403A;PR;Vila Bancaria;-25,46856;-49,52551;2025-09-30 10:10:00.0;0,00
CAMPO LARGO;410420403A;PR;Vila Bancaria;-25,46856;-49,52551;2025-09-30 11:10:00.0;0,00
CAMPO LARGO;410420403A;PR;Vila Bancaria;-25,46856;-49,52551;2025-09-30 12:10:00.0;0,00
CAMPO LARGO;410420403A;PR;Vila Bancaria;-25,46856;-49,52551;2025-09-30 13:10:00.0;0,00
CAMPO LARGO;410420403A;PR;Vila Bancaria;-25,46856;-49,52551;2025-09-30 14:10:00.0;0,00
CAMPO LARGO;410420403A;PR;Vila Bancaria;-25,46856;-49,52551;2025-09-30 15:10:00.0;0,00
CAMPO LARGO;410420403A;PR;Vila Bancaria;-25,46856;-49,52551;2025-09-30 16:10:00.0;0,00
CAMPO LARGO;410420403A;PR;Vila Bancaria;-25,46856;-49,52551;2025-09-30 17:10:00.0;0,00
CAMPO LARGO;410420403A;PR;Vila Bancaria;-25,46856;-49,52551;2025-09-30 18:10:00.0;0,00
CAMPO LARGO;410420403A;PR;Vila Bancaria;-25,46856;-49,52551;2025-09-30 19:10:00.0;0,00
CAMPO LARGO;410420403A;PR;Vila Bancaria;-25,46856;-49,52551;2025-09-30 20:10:00.0;0,00
CAMPO LARGO;410420403A;PR;Vila Bancaria;-25,46856;-49,52551;2025-09-30 21:10:00.0;0,00
CAMPO LARGO;410420403A;PR;Vila Bancaria;-25,46856;-49,52551;2025-09-30 21:30:00.0;0,20
CAMPO LARGO;410420403A;PR;Vila Bancaria;-25,46856;-49,52551;2025-09-30 21:50:00.0;1,00
CAMPO LARGO;410420403A;PR;Vila Bancaria;-25,46856;-49,52551;2025-09-30 22:00:00.0;0,80
CAMPO LARGO;410420403A;PR;Vila Bancaria;-25,46856;-49,52551;2025-09-30 22:10:00.0;0,60
CAMPO LARGO;410420403A;PR;Vila Bancaria;-25,46856;-49,52551;2025-09-30 22:20:00.0;0,40
CAMPO LARGO;410420403A;PR;Vila Bancaria;-25,46856;-49,52551;2025-09-30 22:40:00.0;0,40
CAMPO LARGO;410420403A;PR;Vila Bancaria;-25,46856;-49,52551;2025-09-30 22:50:00.0;2,20
CAMPO LARGO;410420403A;PR;Vila Bancaria;-25,46856;-49,52551;2025-09-30 23:00:00.0;6,20
CAMPO LARGO;410420403A;PR;Vila Bancaria;-25,46856;-49,52551;2025-09-30 23:10:00.0;2,60
CAMPO LARGO;410420403A;PR;Vila Bancaria;-25,46856;-49,52551;2025-09-30 23:20:00.0;0,20
CAMPO LARGO;410420403A;PR;Vila Bancaria;-25,46856;-49,52551;2025-09-30 23:30:00.0;0,20
CAMPO LARGO;410420403A;PR;Vila Bancaria;-25,46856;-49,52551;2025-09-30 23:40:00.0;0,40
CAMPO LARGO;410420403A;PR;Vila Bancaria;-25,46856;-49,52551;2025-09-30 23:50:00.0;0,60
